股票代號,股票名稱,融資買進,融資賣出,融資現金償還,融資前日餘額,融資今日餘額,融資限額,融券買進,融券賣出,融券現券償還,融券前日餘額,融券今日餘額,融券限額,資券互抵,註記
"00400A","主動國泰動能高息","1184","2435","29","12380","11100","517660","2","12","","4","14","517660","1","X "
"00401A","主動摩根台灣鑫收","125","36","","1223","1312","57598","","1","","2","3","57598","1"," "
"00402A","主動安聯美國科技","58","109","6","2390","2333","186281","1","","","1","","186281","4"," "
"00403A","主動統一升級50","16640","11098","549","139881","144874","4466004","1397","1121","","2219","1943","4466004","667"," "
"00404A","主動聯博動能50","45","122","","2255","2178","91073","","","","1","1","91073",""," "
"00405A","主動富邦台灣龍耀","9054","6529","153","33997","36369","873061","366","4783","","489","4906","873061","448"," "
"00406A","主動中信台灣收益","3653","2505","1049","13766","13865","426140","","","","","","426140","","X "
"00407A","主動凱基台灣","1590","7251","44","42729","37024","795434","17","2","","104","89","795434","9"," "
"00408A","主動第一金優股息","44","13","","224","255","42533","","","","","","42533",""," "
"0050","元大台灣50","8234","1787","22","22865","29290","5574500","97","191","","164","258","5574500","165"," "
"0051","元大中型100","","1","","3","2","6125","","","","","","6125",""," "
"0052","富邦科技","808","554","3","12269","12520","663750","27","17","1","84","73","663750","4"," "
"0053","元大電子","","","","14","14","1372","","","","","","1372",""," "
"0055","元大MSCI金融","1","","","51","52","22413","","","","","","22413",""," "
"0056","元大高股息","840","445","17","8979","9357","3575383","7","15","","65","73","3575383","8"," "
"0057","富邦摩台","","","","","","381","","","","","","381",""," "
"0061","元大寶滬深","1","3","","15","13","24154","","","","","","24154",""," "
"006203","元大MSCI台灣","","","","","","2554","","","","","","2554",""," "
"006204","永豐臺灣加權","","","","","","375","","","","","","375",""," "
"006205","富邦上証","1","","","66","67","23734","","","","1","1","23734",""," "
"006206","元大上證50","","","","8","8","6819","","","","","","6819",""," "
"006207","復華滬深","","","","2","2","5223","","","","","","5223",""," "
"006208","富邦台50","40","15","","429","454","464135","","","","1","1","464135",""," "
"00631L","元大台灣50正2","51325","44350","1300","270420","276095","1956587","5179","1328","","15424","11573","1956587","2399"," "
"00632R","元大台灣50反1","27302","57629","10","280590","250253","531426","308","8036","70","10164","17822","531426","1543"," "
"00633L","富邦上証正2","81","1","","7637","7717","29614","6","10","","770","774","29614","8"," "
"00634R","富邦上証反1","6","21","","2220","2205","11814","","15","","","15","11814","1"," "
"00635U","期元大S&P黃金","147","213","3","6720","6651","75878","15","7","","256","248","75878","1"," "
"00636","國泰中國A50","","10","","156","146","24081","","","","","","24081",""," "
"00637L","元大滬深300正2","1902","811","","85036","86127","183151","206","108","","7828","7730","183151","31"," "
"00638R","元大滬深300反1","50","10","","745","785","6112","","","","4","4","6112",""," "
"00639","富邦深100","16","162","","486","340","24350","","","","8","8","24350",""," "
"00640L","富邦日本正2","3","12","","158","149","1729","2","","","38","36","1729",""," "
"00641R","富邦日本反1","281","118","","10260","10423","20189","","10","","512","522","20189",""," "
"00642U","期元大S&P石油","253","211","","3179","3221","22455","29","13","","746","730","22455","2"," "
"00643","群益深証中小","1","","","438","439","18250","","","","","","18250",""," "
"00645","富邦日本","","","","30","30","10874","","","","","","10874",""," "
"00646","元大S&P500","6","","","74","80","142371","","","","2","2","142371",""," "
"00647L","元大S&P500正2","1","","","38","39","1604","","","","","","1604",""," "
"00648R","元大S&P500反1","3312","23","","11060","14349","35547","","","","115","115","35547","2"," "
"00650L","復華香港正2","314","2269","","13796","11841","26959","67","336","","1071","1340","26959","2"," "
"00651R","復華香港反1","20","223","","1662","1459","8048","","","","86","86","8048",""," "
"00652","富邦印度","","8","","43","35","16133","","","","","","16133",""," "
"00653L","富邦印度正2","13","17","","2334","2330","3600","","","","1","1","3600","","@ "
"00654R","富邦印度反1","19","10","","635","644","4866","","","","62","62","4866",""," "
"00655L","國泰中國A50正2","10","3","","1930","1937","14489","4","","","219","215","14489","7"," "
"00656R","國泰中國A50反1","","1","","155","154","5089","","1","","","1","5089",""," "
"00657","國泰日經225","","","","","","1646","","","","","","1646",""," "
"00660","元大歐洲50","","","","","","1882","","","","","","1882",""," "
"00661","元大日經225","","","","18","18","5856","","","","","","5856",""," "
"00662","富邦NASDAQ","7","22","","1274","1259","218007","2","","","9","7","218007",""," "
"00663L","國泰臺灣加權正2","2172","1436","38","11485","12183","43165","384","196","","1720","1532","43165","96"," "
"00664R","國泰臺灣加權反1","1565","10931","","72002","62636","179643","4","339","","949","1284","179643","498"," "
"00665L","富邦恒生國企正2","971","6290","","63519","58200","108116","82","601","","1641","2160","108116","13"," "
"00666R","富邦恒生國企反1","4","","","698","702","3656","","","","12","12","3656",""," "
"00668","國泰美國道瓊","12","1","","1","12","1870","","","","","","1870",""," "
"00669R","國泰美國道瓊反1","259","12","","13873","14120","51279","4","","","64","60","51279",""," "
"00670L","富邦NASDAQ正2","30","23","","1077","1084","18786","23","6","","170","153","18786","1"," "
"00671R","富邦NASDAQ反1","","1041","20","124578","123517","133971","45","3","","2326","2284","133971","","O "
"00673R","期元大S&P原油反1","1425","5216","","60182","56391","141262","13","10","","305","302","141262","54"," "
"00674R","期元大S&P黃金反1","3","1","","181","183","3855","1","","","19","18","3855",""," "
"00675L","富邦臺灣加權正2","404","288","10","3444","3550","29071","122","5","1","403","285","29071","6"," "
"00676R","富邦臺灣加權反1","829","2969","","18244","16104","40333","","187","","761","948","40333","130"," "
"00678","群益那斯達克生技","2","1","","28","29","2112","","","","","","2112",""," "
"00680L","元大美債20正2","109","2027","400","66355","64037","372394","44","","","114","70","372394",""," "
"00681R","元大美債20反1","","","","3","3","1898","","","","","","1898",""," "
"00682U","期元大美元指數","32","","","12","44","1911","","","","","","1911",""," "
"00683L","期元大美元指正2","","","","94","94","2858","","","","","","2858",""," "
"00684R","期元大美元指反1","","","","21","21","2422","","","","","","2422",""," "
"00685L","群益臺灣加權正2","44403","34901","955","212797","221344","1674959","7069","1670","","14000","8601","1674959","1262"," "
"00686R","群益臺灣加權反1","827","2885","","16327","14269","52444","","3","","101","104","52444",""," "
"00688L","國泰20年美債正2","177","253","","26729","26653","158278","","","","21","21","158278",""," "
"00689R","國泰20年美債反1","","1","","1","","1722","","","","","","1722","","X "
"00690","兆豐藍籌30","1","4","","81","78","20832","","","","","","20832",""," "
"00692","富邦公司治理","2","10","","108","100","153570","","","","","","153570",""," "
"00693U","期街口S&P黃豆","22","6","","1872","1888","19666","","","","6","6","19666",""," "
"00700","富邦恒生國企","3","8","","187","182","8745","","","","","","8745",""," "
"00701","國泰股利精選30","","","","20","20","42722","","","","","","42722",""," "
"00702","國泰標普低波高息","","","","","","1672","","","","","","1672","","X "
"00703","台新MSCI中國","","9","","12","3","2387","","","","","","2387",""," "
"00706L","期元大S&P日圓正2","127","563","","5918","5482","38067","","","","265","265","38067",""," "
"00707R","期元大S&P日圓反1","","","","","","1463","","","","","","1463","","X "
"00708L","期元大S&P黃金正2","164","442","2","10833","10553","31893","80","2","","669","591","31893","9"," "
"00709","富邦歐洲","","","","2","2","3865","","","","","","3865",""," "
"00710B","復華彭博非投等債","","","","10","10","45190","","","","","","45190",""," "
"00711B","復華彭博新興債","","","","3","3","217940","","","","","","217940",""," "
"00712","復華富時不動產","80","338","","13567","13309","1244252","5","27","","11","33","1244252","15"," "
"00713","元大台灣高息低波","159","2","1","168","324","430503","","","","","","430503",""," "
"00714","群益道瓊美國地產","","","","31","31","5266","","","","","","5266",""," "
"00715L","期街口布蘭特正2","1286","599","1","10471","11157","26547","656","99","","4807","4250","26547","41"," "
"00717","富邦美國特別股","41","","","","41","30651","","","","","","30651",""," "
"00728","第一金工業30","","","","3","3","9605","","","","","","9605",""," "
"00730","富邦臺灣優質高息","","","","3","3","17636","","","","","","17636",""," "
"00731","復華富時高息低波","","","","2","2","5400","","","","","","5400",""," "
"00733","富邦臺灣中小","7","2","","68","73","16366","1","","","1","","16366","2"," "
"00735","國泰臺韓科技","1454","601","1","4071","4923","30072","7","14","","458","465","30072","11"," "
"00736","國泰新興市場","","","","","","1681","","","","","","1681",""," "
"00737","國泰AI機器人","1","","","50","51","5634","","","","","","5634",""," "
"00738U","期元大道瓊白銀","115","508","1","13243","12849","61449","28","7","","461","440","61449",""," "
"00739","元大MSCI A股","","","","","","6497","","","","","","6497",""," "
"00752","中信中國50","92","250","","602","444","68554","","4","","14","18","68554","20"," "
"00753L","中信中國50正2","1110","4650","","85010","81470","178414","10","76","","1199","1265","178414","55"," "
"00757","統一FANG+","1","9","","193","185","67873","","","","3","3","67873",""," "
"00762","元大全球AI","3","1","1","64","65","12062","","","","","","12062",""," "
"00763U","期街口道瓊銅","23","62","","1520","1481","11391","2","","","96","94","11391",""," "
"00770","國泰北美科技","","21","","44","23","19864","","","","","","19864",""," "
"00771","元大US高息特別股","","","","1","1","3556","","","","","","3556",""," "
"00775B","台新投等債15+","","","","","","58025","","","","","","58025","","X "
"00783","富邦中証500","","","","349","349","1757","","","","","","1757",""," "
"00830","國泰費城半導體","655","1040","2","4667","4280","199616","37","82","","295","340","199616","43"," "
"00850","元大臺灣ESG永續","","15","","31","16","103861","","","","","","103861",""," "
"00851","台新全球AI","","","","2","2","1381","","","","","","1381",""," "
"00852L","國泰美國道瓊正2","4","7","","37","34","2091","","","","54","54","2091",""," "
"00861","元大全球未來通訊","1","","","30","31","17353","","","","","","17353",""," "
"00865B","國泰US短期公債","191","60","","114","245","69436","","","","","","69436","10"," "
"00875","國泰網路資安","","","","","","3372","","","","","","3372",""," "
"00876","元大全球5G","","1","","12","11","23381","","","","","","23381",""," "
"00878","國泰永續高股息","514","57","4","3224","3677","4598947","21","17","","81","77","4598947","5"," "
"00881","國泰台灣科技龍頭","118","28","","1354","1444","608350","6","2","","7","3","608350","10"," "
"00882","中信中國高股息","99","301","","2535","2333","500712","","4","","27","31","500712","2"," "
"00885","富邦越南","25","29","","873","869","153684","2","","","126","124","153684",""," "
"00891","中信關鍵半導體","345","853","15","5716","5193","437022","4","8","","19","23","437022","24"," "
"00892","富邦台灣半導體","29","214","16","1845","1644","81073","11","14","","23","26","81073","9"," "
"00893","國泰智能電動車","1","5","","78","74","89971","","","","23","23","89971",""," "
"00894","中信小資高價30","34","5","","580","609","37252","4","","","4","","37252",""," "
"00895","富邦未來車","1","","","69","70","36729","","","","8","8","36729",""," "
"00896","中信綠能及電動車","84","91","","1826","1819","97845","","","","","","97845","3"," "
"00897","富邦基因免疫生技","10","2","","144","152","35753","","","","","","35753",""," "
"00898","國泰基因免疫革命","","","","40","40","35119","","","","","","35119",""," "
"00899","FT潔淨能源","","","","63","63","4033","","","","","","4033",""," "
"00900","富邦特選高股息30","6","24","","355","337","402131","","","","","","402131","29"," "
"00901","永豐智能車供應鏈","","","","3","3","15837","","","","","","15837",""," "
"00902","中信電池及儲能","29","28","10","2466","2457","56874","","","","9","9","56874",""," "
"00903","富邦元宇宙","5","","","18","23","12305","","","","","","12305",""," "
"00904","台新臺灣半導體30","40","181","","606","465","40653","","","","6","6","40653",""," "
"00905","FT臺灣Smart","11","17","8","471","457","89956","","","","","","89956","1"," "
"00907","永豐優息存股","318","50","","628","896","38908","","","","","","38908",""," "
"00908","富邦入息REITs+","","","","10","10","8854","","","","","","8854",""," "
"00909","國泰數位支付服務","9","32","","1001","978","26426","","","","14","14","26426",""," "
"00910","第一金太空衛星","12","90","4","2052","1970","31734","19","1","","21","3","31734",""," "
"00911","兆豐洲際半導體","","2","","170","168","7350","","","","","","7350",""," "
"00912","中信臺灣智慧50","4","","","159","163","15063","","","","","","15063",""," "
"00913","兆豐台灣晶圓製造","61","301","26","1435","1169","11941","","106","","","106","11941","5"," "
"00915","凱基優選高股息30","","","","34","34","130120","","","","","","130120",""," "
"00916","國泰全球品牌50","","36","","579","543","29729","","","","","","29729",""," "
"00917","中信特選金融","2","","","94","96","15369","","","","","","15369",""," "
"00918","大華優利高填息30","1187","436","7","4641","5385","865316","5","","","24","19","865316",""," "
"00919","群益台灣精選高息","937","284","1","8421","9073","4548533","6","8","","309","311","4548533","15"," "
"00920","富邦ESG綠色電力","3","10","","26","19","5070","","","","","","5070",""," "
"00921","兆豐龍頭等權重","5","","","1","6","13692","","","","","","13692",""," "
"00922","國泰台灣領袖50","215","65","","1543","1693","537921","","","","1","1","537921",""," "
"00923","群益台ESG低碳50","25","10","","193","208","213605","","","","","","213605",""," "
"00924","復華S&P500成長","2","10","","139","131","108775","","","","","","108775",""," "
"00926","凱基全球菁英55","","","","21","21","22995","","","","","","22995",""," "
"00927","群益半導體收益","1117","2090","111","14862","13778","337599","6","11","","26","31","337599","54"," "
"00929","復華台灣科技優息","466","237","","6524","6753","1198034","","75","","8","83","1198034","9"," "
"00930","永豐ESG低碳高息","","4","","105","101","32819","","","","","","32819",""," "
"00932","兆豐永續高息等權","","","","72","72","29820","","","","","","29820",""," "
"00934","中信成長高股息","5","50","","681","636","106381","","3","","","3","106381",""," "
"00935","野村臺灣新科技50","444","392","14","6049","6087","214251","20","9","","39","28","214251","2"," "
"00936","台新永續高息中小","","1","","6","5","51449","","","","","","51449",""," "
"00938","凱基優選30","1","","","3","4","24504","","","","","","24504",""," "
"00939","統一台灣高息動能","13","2","","161","172","298119","","","","","","298119","","X "
"00940","元大台灣價值高息","109","38","2","1699","1768","1362341","7","14","","101","108","1362341","3"," "
"00941","中信上游半導體","1","6","","247","242","113322","2","","","2","","113322",""," "
"00943","兆豐電子高息等權","","3","","27","24","10347","","","","","","10347",""," "
"00944","野村趨勢動能高息","","","","6","6","13520","","","","","","13520",""," "
"00945B","凱基美國非投等債","21","","","230","251","199329","","","","","","199329",""," "
"00946","群益科技高息成長","8","25","","545","528","115061","","","","","","115061","","X "
"00947","台新臺灣IC設計","319","878","4","5701","5138","72716","1201","61","","1223","83","72716","30"," "
"00949","復華日本龍頭","2","","","93","95","43232","","","","","","43232",""," "
"00951","台新日本半導體","117","104","2","1398","1409","56135","1","3","","12","14","56135","8"," "
"00952","凱基台灣AI50","809","8","","679","1480","61318","","","","","","61318",""," "
"00953B","群益優選非投等債","9014","379","","109954","118589","1035918","","","","","","1035918","","X "
"00954","中信日本半導體","385","145","","2151","2391","30186","","1","","3","4","30186","1"," "
"00956","中信日經高股息","15","10","","60","65","8532","","","","","","8532",""," "
"00960","野村全球航運龍頭","12","1","","62","73","14498","","","","","","14498",""," "
"00961","FT臺灣永續高息","277","127","","2575","2725","111877","","3","","","3","111877","6"," "
"00962","台新AI優息動能","20","1","","81","100","13605","","","","","","13605",""," "
"00963","中信全球高股息","20","25","","33","28","25733","","","","","","25733",""," "
"00964","中信亞太高股息","2","","","49","51","17656","","","","","","17656",""," "
"00965","元大航太防衛科技","1","8","","1731","1724","109873","","","","41","41","109873",""," "
"00971","野村美國研發龍頭","12","","","14","26","14294","","","","","","14294",""," "
"00972","野村日本動能高息","10","","","2","12","4418","","","","","","4418",""," "
"009800","中信NASDAQ","1","","","1466","1467","71972","","3","","15","18","71972",""," "
"009801","中信美國創新科技","2","","","22","24","24029","","","","","","24029",""," "
"009802","富邦旗艦50","45","148","28","1055","924","132873","12","","","12","","132873","16"," "
"009803","玉山市值動能50","7","","4","456","459","46832","","","","10","10","46832",""," "
"009804","聯邦台精彩50","16","26","","906","896","39348","","","","","","39348",""," "
"009805","台新美國電力基建","11","94","","16124","16041","153579","","","","","","153579",""," "
"009808","華南永昌優選50","1","","","14","15","10127","","","","","","10127",""," "
"009809","富邦淨零ESG50","","","","3","3","8090","","","","","","8090",""," "
"00980A","主動野村臺灣優選","266","161","8","2813","2910","176432","9","","","18","9","176432","2"," "
"009810","玉山全球藍籌100","","","","2","2","4788","","","","","","4788",""," "
"009811","統一美國50","","1","","77","76","61612","","","","35","35","61612",""," "
"009812","野村日本東證","1","","","2","3","24470","","","","","","24470",""," "
"009813","貝萊德標普卓越50","1","","","67","68","85581","","","","","","85581",""," "
"009816","凱基台灣TOP50","4892","1448","32","35397","38809","2980711","77","44","","330","297","2980711","68"," "
"009817","國泰日本不動產","7","22","","98","83","60734","","","","","","60734",""," "
"009818","華南永昌NASDAQxT","","","","12","12","12913","","","","","","12913",""," "
"009819","中信數據及電力","136","109","","5237","5264","168061","","4","","8","12","168061",""," "
"00981A","主動統一台股增長","26588","26061","442","173319","173404","2506177","1576","1866","","5100","5390","2506177","446"," "
"00981T","平衡凱基雙核收息","1","3","","39","37","56815","","","","","","56815",""," "
"009820","元大納斯達克精選","79","15","","2853","2917","320550","","","","5","5","320550",""," "
"009821","野村稀土關鍵資源","107","807","17","9832","9115","180085","","","","2","2","180085","10"," "
"009824","群益美國科技巨頭","68","112","","2279","2235","163586","","","","5","5","163586",""," "
"00982A","主動群益台灣強棒","1159","754","33","9635","10007","563234","18","","","34","16","563234","51"," "
"00982D","主動富邦動態入息","1","","","127","128","18307","","","","","","18307",""," "
"00982T","平衡兆豐台美動能","","","","","","4649","","","","","","4649",""," "
"00983A","主動中信ARK創新","3","6","","438","435","24921","","","","6","6","24921",""," "
"00983D","主動富邦複合收益","","","","121","121","25424","","","","","","25424",""," "
"00984A","主動安聯台灣高息","140","248","30","2173","2035","160864","","1","","","1","160864",""," "
"00984D","主動聯博全球非投","397","10","","5077","5464","160889","","","","","","160889","","X "
"00985A","主動野村台灣50","50","40","2","1150","1158","116697","","","","47","47","116697",""," "
"00985B","群益ESG投等債0-5","","4","","249","245","150625","","","","","","150625","","X "
"00986A","主動台新龍頭成長","7","","","80","87","10331","","","","","","10331",""," "
"00987A","主動台新優勢成長","74","196","1","2200","2077","43160","7","","","8","1","43160","4"," "
"00988A","主動統一全球創新","5526","10497","162","68771","63638","846859","82","61","","231","210","846859","58"," "
"00989A","主動摩根美國科技","","95","","248","153","18279","","","","","","18279",""," "
"00990A","主動元大AI新經濟","2115","2000","129","21056","21042","616755","54","20","","67","33","616755","13"," "
"00991A","主動復華未來50","15444","14733","565","127254","127400","1159354","1461","556","","1896","991","1159354","1058"," "
"00992A","主動群益科技創新","870","7579","24","24205","17472","610488","1","15","","183","197","610488","64"," "
"00993A","主動安聯台灣","77","299","","1881","1659","194397","2","","","27","25","194397",""," "
"00994A","主動第一金台股優","209","274","","2087","2022","75672","","","","3","3","75672","2"," "
"00995A","主動中信台灣卓越","76","114","8","1692","1646","74758","10","","","11","1","74758",""," "
"00996A","主動兆豐台灣豐收","416","507","20","2175","2064","78474","3","","","5","2","78474",""," "
"00997A","主動群益美國增長","238","1919","85","13863","12097","317219","","","","","","317219","36"," "
"00999A","主動野村臺灣高息","137","50","","2933","3020","298629","","1","","","1","298629","10"," "
"1101","台泥","1826","2867","103","31459","30315","1880795","19","57","","90","128","1880795","2"," "
"1102","亞泥","25","10","10","1331","1336","886640","","2","","","2","886640",""," "
"1103","嘉泥","6","1","","4053","4058","208218","","","","1","1","208218",""," "
"1104","環泥","18","16","","1678","1680","171670","","","","","","171670",""," "
"1108","幸福","4","12","","428","420","101184","","","","44","44","101184",""," "
"1109","信大","1","","","269","270","85289","","","","1","1","85289",""," "
"1110","東泥","20","40","","2702","2682","143000","","","","","","143000",""," "
"1201","味全","6","","","1446","1452","126515","","","","","","126515",""," "
"1203","味王","1","","","2","3","60000","","","","","","60000",""," "
"1210","大成","12","35","","635","612","223691","","","","","","223691",""," "
"1213","大飲","","","","","","","","","","","","","","OX "
"1215","卜蜂","6","11","","411","406","73697","1","","","32","31","73697",""," "
"1216","統一","92","125","","515","482","1420503","","","","","","1420503",""," "
"1217","愛之味","211","14","","888","1085","123628","","4","","3","7","123628",""," "
"1218","泰山","230","144","","1819","1905","124999","1","","","139","138","124999","1"," "
"1219","福壽","","141","","373","232","85309","","","","105","105","85309",""," "
"1220","台榮","","","","875","875","44269","","","","18","18","44269",""," "
"1225","福懋油","1","3","","6927","6925","60567","","","","9","9","60567",""," "
"1227","佳格","45","20","3","935","957","228772","","3","","2","5","228772",""," "
"1229","聯華","31","43","","3030","3018","448990","2","11","","10","19","448990",""," "
"1231","聯華食","18","17","","267","268","74613","","","","","","74613",""," "
"1232","大統益","18","25","","231","224","39993","","","","","","39993",""," "
"1233","天仁","7","","","17","24","22647","","","","","","22647",""," "
"1234","黑松","","1","","20","19","100467","","","","","","100467",""," "
"1235","興泰","","4","","1159","1155","47144","","","","","","47144",""," "
"1236","宏亞","","","","184","184","21668","","","","","","21668",""," "
"1256","鮮活果汁-KY","12","96","","333","249","8943","5","","","7","2","8943",""," "
"1301","台塑","1647","2940","203","22706","21210","1591435","152","156","42","392","354","1591435","19"," "
"1303","南亞","1959","7603","104","30084","24336","1982705","2115","","445","3737","1177","1982705",""," "
"1304","台聚","220","395","88","11080","10817","297190","4","4","","139","139","297190","2"," "
"1305","華夏","222","440","11","6770","6541","145262","89","2","","93","6","145262","9"," "
"1307","三芳","22","25","","1358","1355","99454","","","","","","99454",""," "
"1308","亞聚","83","693","19","6666","6037","148435","2","9","","59","66","148435","1"," "
"1309","台達化","65","627","14","7623","7047","99396","99","16","","323","240","99396","7"," "
"1310","台苯","1008","1854","12","13562","12704","131967","708","","","762","54","131967",""," "
"1312","國喬","939","1590","486","33768","32631","376655","54","3","","275","224","376655","4"," "
"1313","聯成","445","397","2","11479","11525","337711","4","30","","69","95","337711","10"," "
"1314","中石化","2119","5644","1","78340","74814","946212","43","16","","212","185","946212","38"," "
"1315","達新","","2","","14","12","24774","","","","","","24774",""," "
"1316","上曜","105","728","10","10525","9892","93986","8","20","","128","140","93986","9"," "
"1319","東陽","82","160","2","7088","7008","147869","4","6","","21","23","147869","6"," "
"1321","大洋","22","24","","7161","7159","56807","","","","","","56807",""," "
"1323","永裕","","1","","78","77","22818","","","","","","22818",""," "
"1324","地球","","5","","1277","1272","18780","","","","","","18780",""," "
"1325","恆大","129","76","","2193","2246","21320","","","","88","88","21320",""," "
"1326","台化","1645","4194","24","34462","31889","1465296","145","276","","722","853","1465296","84"," "
"1337","再生-KY","31","53","","21414","21392","67238","","","","","","67238",""," "
"1338","廣華-KY","2","8","","3877","3871","20960","","","","","","20960",""," "
"1339","昭輝","5","7","","886","884","18534","","","","","","18534",""," "
"1340","勝悅-KY","8","","","992","1000","38230","","","","","","38230",""," "
"1342","八貫","22","29","","632","625","19500","","","","","","19500",""," "
"1402","遠東新","85","617","","7172","6640","1338218","18","4","","38","24","1338218",""," "
"1409","新纖","711","1717","95","22877","21776","404602","63","85","","144","166","404602","34"," "
"1410","南染","","15","","259","244","15500","","","","","","15500",""," "
"1413","宏洲","","","","","","","","","","","","","","OX "
"1414","東和","22","8","","960","974","49500","","","","","","49500",""," "
"1416","廣豐","34","134","","3346","3246","46335","1","","","1","","46335",""," "
"1417","嘉裕","44","1","","1930","1973","47485","","1","","1","2","47485",""," "
"1418","東華","5","8","","780","777","11708","","","","","","11708",""," "
"1419","新紡","19","39","","1266","1246","75010","","","","","","75010",""," "
"1423","利華","","","","86","86","24912","","","","","","24912",""," "
"1432","大魯閣","2","21","","157","138","22500","","","","38","38","22500",""," "
"1434","福懋","177","376","","7795","7596","421166","25","","","27","2","421166","1"," "
"1435","中福","","","","","","","","","","","","","","OX "
"1436","華友聯","2","45","23","990","924","48537","2","2","","35","35","48537",""," "
"1437","勤益控","96","34","","2590","2652","50467","","","","","","50467","","X "
"1438","三地開發","","","","135","135","22801","","","","","","22801",""," "
"1439","雋揚","","","","1041","1041","23000","","","","","","23000",""," "
"1440","南紡","42","245","10","5483","5270","414203","1","","","5","4","414203",""," "
"1441","大東","","","","","","","","","","","","","","OX "
"1442","名軒","11","13","","2721","2719","91552","","1","","8","9","91552","5"," "
"1443","立益物流","","18","1","31","12","33835","","","","","","33835",""," "
"1444","力麗","","","","568","568","","","","","","","","","OX "
"1445","大宇","","1","2","1357","1354","32666","","1","","20","21","32666",""," "
"1446","宏和","17","147","","1557","1427","34427","","1","","3","4","34427",""," "
"1447","力鵬","","2","","795","793","","","","","","","","","OX "
"1449","佳和","65","33","","3148","3180","31778","","1","","","1","31778",""," "
"1451","年興","","8","","578","570","49500","","","","","","49500",""," "
"1452","宏益","","","","109","109","33160","","","","","","33160",""," "
"1453","大將","3","14","","1044","1033","28310","1","1","","5","5","28310",""," "
"1454","台富","1","","","2168","2169","32458","","","","","","32458",""," "
"1455","集盛","29","129","","3149","3049","132922","","2","","1","3","132922",""," "
"1456","怡華","4","","","720","724","23430","","","","","","23430",""," "
"1457","宜進","","3","","668","665","79182","","","","1","1","79182",""," "
"1459","聯發","","","","437","437","89657","","","","","","89657","","!"
"1460","宏遠","","","","","","","","","","","","","","OX "
"1463","強盛新","43","52","","509","500","43317","","","","","","43317",""," "
"1464","得力","9","57","","2019","1971","106393","","","","","","106393",""," "
"1465","偉全","17","35","","3279","3261","25901","","","","","","25901","","X "
"1466","聚隆","290","46","","2969","3213","27789","1","4","","14","17","27789","7"," "
"1467","南緯","212","66","","6653","6799","42052","","11","","15","26","42052","1"," "
"1468","昶和","","","","","","","","","","","","","","OX "
"1470","大統新創","1","","","4","5","21441","","","","","","21441",""," "
"1471","首利","","","","","","","","","","","","","","OX "
"1472","三洋實業","35","46","","3893","3882","8747","","","","2","2","8747",""," "
"1473","台南","5","64","","830","771","36538","","","","","","36538",""," "
"1474","弘裕","1","6","10","3388","3373","32474","","","","","","32474","","X "
"1475","業旺","1","","","460","461","16504","","","","","","16504",""," "
"1476","儒鴻","16","57","","812","771","68591","","","","15","15","68591",""," "
"1477","聚陽","18","57","10","1537","1488","61673","3","2","","3","2","61673",""," "
"1503","士電","51","149","1","2941","2842","130243","2","15","","24","37","130243","2"," "
"1504","東元","581","1831","64","29783","28469","594110","25","51","","63","89","594110","6"," "
"1506","正道","","","","","","","","","","","","","","OX "
"1512","瑞利","","","","","","","","","","","","","","OX "
"1513","中興電","138","300","16","7896","7718","125778","2","7","","27","32","125778","3"," "
"1514","亞力","178","476","17","6623","6308","68277","","","","","","68277",""," "
"1515","力山","94","336","","2502","2260","45368","9","4","","102","97","45368","4"," "
"1516","川飛","","","","2","2","","","","","","","","","OX "
"1517","利奇","213","119","","2101","2195","55000","","17","","3","20","55000","1"," "
"1519","華城","31","253","7","3170","2941","78970","5","15","","7","17","78970","1","X "
"1521","大億","","2","","449","447","19057","","","","","","19057",""," "
"1522","堤維西","15","130","249","4337","3973","78224","","42","","","42","78224",""," "
"1524","耿鼎","8","163","34","4027","3838","41327","","","","16","16","41327",""," "
"1525","江申","","2","","231","229","18350","","","","","","18350",""," "
"1526","日馳","239","84","","678","833","15000","3","30","","17","44","15000",""," "
"1527","鑽全","4","10","","562","556","34642","","","","","","34642","","X "
"1528","恩德","109","553","20","6413","5949","47832","15","1","","67","53","47832",""," "
"1529","樂事綠能","27","280","","2840","2587","38773","31","45","","725","739","38773","11"," "
"1530","亞崴","1","13","","286","274","23648","","","","","","23648",""," "
"1531","高林股","2","1","","1670","1671","45527","","3","","1","4","45527",""," "
"1532","勤美","71","21","","2855","2905","105651","","","","","","105651","","X "
"1533","車王電","17","18","","499","498","24636","2","5","","4","7","24636",""," "
"1535","中宇","","5","","63","58","30935","","","","","","30935",""," "
"1536","和大","96","482","23","8204","7795","69739","26","65","","173","212","69739","12"," "
"1537","廣隆","4","3","","58","59","20515","","","","","","20515",""," "
"1538","正峰","","","","","","","","","","","","","","OX "
"1539","巨庭","9","1","","1371","1379","16342","","","","","","16342",""," "
"1540","喬福","23","108","19","1644","1540","21368","","1","","","1","21368",""," "
"1541","錩泰","2","","","99","101","19700","","","","","","19700",""," "
"1558","伸興","","","","253","253","16133","","","","","","16133",""," "
"1560","中砂","115","101","11","1560","1563","37572","11","22","","24","35","37572",""," "
"1563","巧新","162","1609","1","7687","6239","56402","3","","","5","2","56402",""," "
"1568","倉佑","37","104","16","2328","2245","25771","","","","","","25771",""," "
"1582","信錦","73","269","8","3894","3690","36067","2","4","","7","9","36067",""," "
"1583","程泰","","","","63","63","27350","","","","","","27350",""," "
"1587","吉茂","33","192","4","1815","1652","20013","","","","22","22","20013",""," "
"1589","永冠-KY","","","115","793","678","","","","","","","","","OX!"
"1590","亞德客-KY","12","64","","143","91","49999","","","","","","49999",""," "
"1597","直得","101","541","9","2545","2096","22315","3","7","","19","23","22315",""," "
"1598","岱宇","226","156","","2050","2120","44785","","5","","","5","44785","1"," "
"1603","華電","9","286","1","1941","1663","47922","","1","","5","6","47922",""," "
"1604","聲寶","","12","","211","199","96050","","","","","","96050",""," "
"1605","華新","2004","2882","253","52610","51479","1107833","25","37","5","512","519","1107833","30"," "
"1608","華榮","113","591","12","8650","8160","158193","1","2","","7","8","158193",""," "
"1609","大亞","199","481","45","12903","12576","196315","20","12","","28","20","196315","2"," "
"1611","中電","27","27","","3203","3203","80683","1","","","3","2","80683",""," "
"1612","宏泰","54","23","1","1879","1909","79020","","6","","57","63","79020",""," "
"1614","三洋電","","7","","344","337","67278","","","","","","67278",""," "
"1615","大山","","2","","156","154","49165","","","","","","49165",""," "
"1616","億泰","34","254","","3079","2859","48537","1","1","","33","33","48537",""," "
"1617","榮星","47","375","","1873","1545","42378","","","","","","42378",""," "
"1618","合機","33","190","4","3501","3340","48172","7","5","","45","43","48172",""," "
"1623","大東電","2","","","","2","16500","","","","","","16500",""," "
"1626","艾美特-KY","3","","","1627","1630","37455","","1","","","1","37455",""," "
"1702","南僑","2","5","","297","294","73533","","","","","","73533",""," "
"1707","葡萄王","6","21","","335","320","37034","","","","20","20","37034",""," "
"1708","東鹼","199","954","4","7179","6420","62250","31","10","","103","82","62250","3"," "
"1709","和益","191","506","","16365","16050","119254","13","6","","22","15","119254","2"," "
"1710","東聯","937","1415","2","11220","10740","221425","17","259","","80","322","221425",""," "
"1711","永光","296","2408","297","16540","14131","136938","9","43","","65","99","136938","9"," "
"1712","興農","","","","448","448","105123","","","","","","105123",""," "
"1713","國化","18","16","","2941","2943","37737","1","","","1","","37737",""," "
"1714","和桐","1642","2287","10","12805","12150","247956","2","11","","58","67","247956","13"," "
"1717","長興","643","2269","216","20115","18273","296061","43","59","51","128","93","296061","69"," "
"1718","中纖","900","1735","15","16204","15354","421476","18","47","","121","150","421476","10"," "
"1720","生達","30","40","","349","339","44674","","","","","","44674",""," "
"1721","三晃","","","","126","126","","","","","","","","","OX "
"1722","台肥","71","68","3","2755","2755","245000","","3","","4","7","245000",""," "
"1723","中碳","22","86","","647","583","59226","","6","","1","7","59226","1"," "
"1725","元禎","3","14","","280","269","45457","","","","","","45457",""," "
"1726","永記","","","","25","25","40500","","","","","","40500",""," "
"1727","中華化","187","1096","76","6979","5994","32004","31","21","","126","116","32004","24"," "
"1730","花仙子","1","","","4","5","15808","","","","","","15808",""," "
"1731","美吾華","2","1","","316","317","33228","","","","","","33228",""," "
"1732","毛寶","56","56","","787","787","10610","5","","","34","29","10610",""," "
"1733","五鼎","4","25","","2581","2560","24987","","","","1","1","24987",""," "
"1734","杏輝","18","15","","323","326","47549","","1","","","1","47549",""," "
"1735","日勝化","4","57","2","738","683","24847","","","","","","24847",""," "
"1736","喬山","15","42","","1864","1837","75848","","","","","","75848","","X "
"1737","臺鹽","","","","22","22","50000","","","","","","50000",""," "
"1752","南光","","5","","330","325","25247","","","","","","25247",""," "
"1760","寶齡富錦","6","34","","1026","998","21434","","","","","","21434",""," "
"1762","中化生","3","14","","727","716","19229","2","","","4","2","19229",""," "
"1773","勝一","32","72","1","1068","1027","75000","","1","","1","2","75000",""," "
"1776","展宇","3","78","","861","786","15026","","","","1","1","15026",""," "
"1783","和康生","2","1","","591","592","20249","","","","","","20249",""," "
"1786","科妍","81","131","1","5036","4985","18706","","","","11","11","18706",""," "
"1789","神隆","31","94","","3284","3221","197684","","1","","","1","197684",""," "
"1795","美時","243","320","6","9041","8958","66718","7","1","","42","36","66718",""," "
"1802","台玻","1475","6288","647","43554","38094","727015","390","269","","808","687","727015","38"," "
"1805","寶徠","22","11","","1442","1453","33742","","","","","","33742",""," "
"1806","冠軍","7","42","","2972","2937","97600","","","","","","97600",""," "
"1808","潤隆","17","55","","5738","5700","223257","","","","","","223257",""," "
"1809","中釉","75","658","16","5784","5185","41760","6","11","","29","34","41760","7"," "
"1810","和成","904","1647","13","20649","19893","75575","72","177","","213","318","75575","29"," "
"1817","凱撒衛","","1","","17","16","18150","","","","","","18150",""," "
"1903","士紙","1","67","","2501","2435","65009","","1","","5","6","65009",""," "
"1904","正隆","97","43","","4635","4689","277068","20","","","22","2","277068",""," "
"1905","華紙","220","494","14","12128","11840","275708","251","2","","287","38","275708",""," "
"1906","寶隆","16","1","","7254","7269","37750","","","","","","37750",""," "
"1907","永豐餘","60","64","","24174","24170","415092","","2","","1","3","415092",""," "
"1909","榮成","44","91","","10072","10025","331921","31","1","","34","4","331921",""," "
"2002","中鋼","1395","2091","1260","42801","40845","3933715","10","192","","1049","1231","3933715","10"," "
"2006","東和鋼鐵","11","68","","980","923","182553","2","1","","3","2","182553",""," "
"2007","燁興","","","","5","5","","","","","","","","","OX "
"2008","高興昌","","","","122","122","47713","","","","","","47713",""," "
"2009","第一銅","69","310","9","6757","6507","89905","","14","","","14","89905","4"," "
"2010","春源","47","58","","2036","2025","161913","","","","","","161913","1"," "
"2012","春雨","","6","","193","187","75540","","","","","","75540",""," "
"2013","中鋼構","1","3","","1408","1406","50000","","","","","","50000",""," "
"2014","中鴻","","13","540","1688","1135","","","","","","","","","OX "
"2015","豐興","1","","","35","36","145399","","","","","","145399",""," "
"2017","官田鋼","54","70","","8091","8075","111718","","1","","","1","111718",""," "
"2020","美亞","2","17","3","778","760","66757","","","","","","66757",""," "
"2022","聚亨","358","4","","1625","1979","84292","","1","","1","2","84292",""," "
"2023","燁輝","26","22","3","2517","2518","460310","","","","51","51","460310","1"," "
"2024","志聯","6","","","67","73","24375","","","","","","24375",""," "
"2025","千興","","","","","","","","","","","","","","OX "
"2027","大成鋼","589","1665","","23918","22842","646065","5","69","","183","247","646065","34"," "
"2028","威致","15","1","","1171","1185","81428","","","","","","81428",""," "
"2029","盛餘","26","","","395","421","80295","","","","","","80295",""," "
"2030","彰源","12","31","","4340","4321","70131","","1","","","1","70131",""," "
"2031","新光鋼","59","19","1","1194","1233","80286","1","1","","6","6","80286","1"," "
"2032","新鋼","21","56","51","2804","2718","32630","","","","","","32630","1"," "
"2033","佳大","","15","7","2744","2722","20173","","","","5","5","20173",""," "
"2034","允強","95","31","4","3543","3603","132248","","1","","2","3","132248",""," "
"2038","海光","2","64","","3536","3474","48533","","","","22","22","48533",""," "
"2049","上銀","196","330","6","3289","3149","88448","7","13","","36","42","88448","8"," "
"2059","川湖","17","39","1","454","431","23824","1","","","2","1","23824",""," "
"2062","橋椿","3","18","1","1374","1358","49998","","","","1","1","49998",""," "
"2069","運錩","2","1","","426","427","41596","","","","","","41596",""," "
"2101","南港","56","922","","21958","21092","183483","15","","","16","1","183483",""," "
"2102","泰豐","21","2","","3748","3767","118332","","2","","4","6","118332",""," "
"2103","台橡","476","764","16","13661","13357","206427","15","1","","125","111","206427","4"," "
"2104","國際中橡","115","540","5","19700","19270","246183","5","1","","49","45","246183",""," "
"2105","正新","156","87","","8963","9032","810353","9","7","","22","20","810353",""," "
"2106","建大","59","110","1","2813","2761","238722","1","4","","1","4","238722",""," "
"2107","厚生","","","","97","97","75898","","","","","","75898",""," "
"2108","南帝","32","76","","2793","2749","123104","6","1","","38","33","123104",""," "
"2109","華豐","","","","687","687","69837","","","","","","69837",""," "
"2114","鑫永銓","","1","","9","8","19497","","","","","","19497",""," "
"2115","六暉-KY","15","13","","510","512","26093","","","","3","3","26093",""," "
"2201","裕隆","32","181","","9789","9640","267500","1","6","","7","12","267500",""," "
"2204","中華","8","48","","1230","1190","138405","2","","","4","2","138405","6"," "
"2206","三陽工業","11","83","","4314","4242","193418","","","","1","1","193418",""," "
"2207","和泰車","16","5","","54","65","139275","","","","","","139275",""," "
"2208","台船","","","","","","","","","","","","","","OX "
"2211","長榮鋼","31","13","","453","471","104272","","","","","","104272",""," "
"2228","劍麟","7","91","","1661","1577","19944","","6","","","6","19944",""," "
"2231","為升","22","167","2","2697","2550","33982","15","12","","168","165","33982",""," "
"2233","宇隆","518","862","13","4977","4620","15072","","","","","","15072",""," "
"2236","百達-KY","137","89","24","11421","11445","15782","","","","3","3","15782",""," "
"2239","英利-KY","26","25","","1587","1588","29428","","","","","","29428",""," "
"2241","艾姆勒","73","225","6","7093","6935","26150","2","","","4","2","26150","1"," "
"2243","宏旭-KY","5","70","","1499","1434","17343","","1","","8","9","17343",""," "
"2247","汎德永業","4","4","","138","138","20177","","","","1","1","20177",""," "
"2248","華勝-KY","3","29","","570","544","11900","","","","","","11900",""," "
"2250","IKKA-KY","23","101","9","1305","1218","9097","","","","14","14","9097",""," "
"2254","巨鎧精密-創","","","","2520","2520","15976","","","","","","15976",""," "
"2301","光寶科","649","1679","30","16746","15686","579026","157","91","","327","261","579026","26"," "
"2302","麗正","163","400","2","3945","3706","41575","20","82","","123","185","41575","2"," "
"2303","聯電","10531","35388","795","166655","141003","3144246","3281","200","1","11378","8296","3144246",""," "
"2305","全友","800","1494","11","7146","6441","51415","71","21","","166","116","51415","8"," "
"2308","台達電","690","1167","21","7743","7245","649385","42","","","59","17","649385",""," "
"2312","金寶","1482","2400","99","46562","45545","376488","853","133","","962","242","376488","25"," "
"2313","華通","1284","5875","179","37252","32482","308455","748","149","31","1019","389","308455","72"," "
"2314","台揚","","","","","","","","","","","","","","OX "
"2316","楠梓電","115","391","52","3494","3166","45685","7","24","","33","50","45685","6"," "
"2317","鴻海","2065","2050","56","52024","51983","3518355","75","135","","230","290","3518355","43"," "
"2321","東訊","","","","","","","","","","","","","","OX "
"2323","中環","480","259","62","29349","29508","272337","5","8","","146","149","272337",""," "
"2324","仁寶","1763","1846","39","55701","55579","1101786","77","300","","784","1007","1101786","123"," "
"2327","國巨*","2951","3605","132","36329","35543","517866","598","","4","1357","755","517866",""," "
"2328","廣宇","507","2121","31","18149","16504","129586","5","9","","42","46","129586","1"," "
"2329","華泰","460","1539","86","15443","14278","164737","58","39","","335","316","164737","19"," "
"2330","台積電","1629","2207","117","31527","30832","6483092","34","151","","113","230","6483092","8"," "
"2331","精英","357","665","8","10232","9916","139350","3","8","","16","21","139350","2"," "
"2332","友訊","4989","2634","103","27336","29588","150542","468","312","12","1506","1338","150542","231"," "
"2337","旺宏","8525","8400","683","93623","93065","495450","2427","","2","8284","5855","495450",""," "
"2338","光罩","86","881","16","6084","5273","75869","34","3","","47","16","75869",""," "
"2340","台亞","398","861","91","8417","7863","94655","38","7","","47","16","94655",""," "
"2342","茂矽","157","752","32","4242","3615","39381","11","83","","27","99","39381","6"," "
"2344","華邦電","6295","9240","704","143749","140100","1125000","3736","","4","10615","6875","1125000",""," "
"2345","智邦","62","174","4","1456","1340","140279","","","","","","140279",""," "
"2347","聯強","17","15","","565","567","416986","2","","","6","4","416986",""," "
"2348","海悅","29","77","","2599","2551","37974","","","","","","37974","","X "
"2349","錸德","","","","","","","","","","","","","","OX "
"2351","順德","250","1735","66","11626","10075","45535","30","","","30","","45535","","X "
"2352","佳世達","220","721","104","16063","15458","395126","6","","","32","26","395126","1"," "
"2353","宏碁","1020","1978","94","40641","39589","761963","59","37","","2328","2306","761963","8"," "
"2354","鴻準","238","507","86","25521","25166","353621","10","43","","22","55","353621","3"," "
"2355","敬鵬","236","1098","25","9851","8964","99373","6","28","","31","53","99373","19"," "
"2356","英業達","1413","2472","21","29289","28209","896868","208","293","","419","504","896868","169"," "
"2357","華碩","121","157","1","2057","2020","185690","","10","","18","28","185690","3"," "
"2359","所羅門","593","597","2","6597","6591","42867","21","68","","50","97","42867","17"," "
"2360","致茂","91","279","","1394","1206","106311","3","7","","4","8","106311","7"," "
"2362","藍天","8","196","1","2326","2137","155565","1","6","","5","10","155565",""," "
"2363","矽統","832","1864","32","17871","16807","128747","23","54","","192","223","128747","34"," "
"2364","倫飛","23","26","","722","719","13097","","2","","","2","13097",""," "
"2365","昆盈","88","728","29","8477","7808","55382","31","19","","73","61","55382","2"," "
"2367","燿華","672","4630","213","29091","24920","176563","","","2","2","","176563","","X "
"2368","金像電","213","654","15","4587","4131","130733","94","149","","253","308","130733","4"," "
"2369","菱生","609","1709","132","13765","12533","95025","43","91","1","106","153","95025","17"," "
"2371","大同","465","2151","162","49730","47882","537708","13","22","","436","445","537708","6"," "
"2373","震旦行","","","","45","45","59050","","","","","","59050",""," "
"2374","佳能","389","1140","34","17269","16484","84498","24","13","","56","45","84498","2"," "
"2375","凱美","199","893","28","5507","4785","27168","84","65","","116","97","27168","12"," "
"2376","技嘉","337","521","85","6570","6301","167472","","","22","22","","167472","","X "
"2377","微星","944","920","21","13368","13371","211214","110","197","","358","445","211214","38"," "
"2379","瑞昱","71","129","20","2624","2546","128878","1","28","","41","68","128878","2"," "
"2380","虹光","","","","","","","","","","","","","","OX "
"2382","廣達","544","850","29","14148","13813","965656","23","45","1","142","163","965656","11"," "
"2383","台光電","97","156","","1610","1551","89580","17","4","","27","14","89580","2"," "
"2385","群光","83","320","","3275","3038","191430","1","55","","23","77","191430",""," "
"2387","精元","5","92","","1331","1244","48812","","","","","","48812",""," "
"2388","威盛","452","627","9","11229","11045","138988","85","39","1","184","137","138988","18"," "
"2390","云辰","69","57","","1896","1908","48154","","","","2","2","48154",""," "
"2392","正崴","84","139","","4724","4669","128081","2","11","","5","14","128081",""," "
"2393","億光","95","414","10","2622","2293","110848","10","","","10","","110848","","X "
"2395","研華","115","180","","1975","1910","217261","5","17","","9","21","217261","5"," "
"2397","友通","15","55","1","1674","1633","28672","","","","","","28672",""," "
"2399","映泰","213","1174","9","11512","10542","44525","55","9","","110","64","44525","2"," "
"2401","凌陽","389","793","3","8494","8087","147998","24","16","","124","116","147998","4"," "
"2402","毅嘉","294","1608","80","13420","12026","76884","","7","","","7","76884","15"," "
"2404","漢唐","76","158","9","2227","2136","47646","","6","","","6","47646","4"," "
"2405","輔信","210","446","46","7911","7629","85856","","1","","","1","85856",""," "
"2406","國碩","491","1653","71","13794","12561","87726","112","208","","381","477","87726","8"," "
"2408","南亞科","4873","10178","366","90112","84441","774656","642","14","","4380","3752","774656",""," "
"2409","友達","10852","13616","273","203769","200732","1886774","","","","","","1886774",""," "
"2412","中華電","4242","338","","3796","7700","1939361","55","354","","207","506","1939361","16"," "
"2413","環科","116","251","2","4429","4292","31839","2","2","","19","19","31839","1"," "
"2414","精技","1","30","1","511","481","40433","","","","","","40433",""," "
"2415","錩新","20","55","","2443","2408","22500","","","","","","22500",""," "
"2417","圓剛","58","384","52","3557","3179","39304","1","12","","2","13","39304",""," "
"2419","仲琦","41","487","4","6646","6196","80329","1","2","","3","4","80329",""," "
"2420","新巨","2","145","","1125","982","38162","1","","","2","1","38162",""," "
"2421","建準","170","193","10","5144","5111","71735","6","7","","26","27","71735",""," "
"2423","固緯","1","5","","628","624","36261","","2","","4","6","36261",""," "
"2424","隴華","","","","","","","","","","","","","","OX "
"2425","承啟","302","299","","4497","4500","24124","11","29","","25","43","24124","15"," "
"2426","鼎元","754","1324","16","13950","13364","75155","116","98","","350","332","75155",""," "
"2427","三商電","42","83","2","5455","5412","49499","5","5","2","13","11","49499","","X "
"2428","興勤","97","173","583","2364","1705","32028","1","","","13","12","32028",""," "
"2429","銘旺科","","250","67","968","651","","","","","","","","","OX "
"2430","燦坤","","1","","97","96","29200","1","","","7","6","29200",""," "
"2431","聯昌","","71","","1615","1544","","","","","","","","","OX "
"2432","倚天酷碁-創","1","","","349","350","15465","","","","","","15465",""," "
"2433","互盛電","","","","26","26","36124","","","","","","36124",""," "
"2434","統懋","15","3","","394","406","2377","","","38","70","32","2377",""," "
"2436","偉詮電","127","590","34","6282","5785","51044","84","6","193","696","425","51044","5"," "
"2438","翔耀","","","","","","","","","","","","","","OX "
"2439","美律","15","104","","3585","3496","63411","","1","","130","131","63411","1"," "
"2440","太空梭","24","20","","1594","1598","25916","","","","1","1","25916","1"," "
"2441","超豐","745","851","31","7957","7820","142211","38","258","","263","483","142211","3"," "
"2442","新美齊","58","173","","4136","4021","79113","","","","","","79113",""," "
"2444","兆勁","","","","","","","","","","","","","","OX "
"2449","京元電子","1188","2625","122","19657","18098","305686","246","","","266","20","305686","4"," "
"2450","神腦","2","1","","75","76","64563","","","","","","64563",""," "
"2451","創見","730","644","","6386","6472","107836","160","191","","352","383","107836","31"," "
"2453","凌群","1","37","","2437","2401","25000","2","","","3","1","25000",""," "
"2454","聯發科","587","1239","25","9764","9087","400973","27","","","40","13","400973",""," "
"2455","全新","481","649","18","8713","8527","46745","208","245","","429","466","46745","5"," "
"2457","飛宏","239","979","22","14885","14123","106193","29","29","","61","61","106193","1"," "
"2458","義隆","162","242","7","3296","3209","75970","10","11","","65","66","75970","1"," "
"2459","敦吉","","3","","95","92","26398","","","","","","26398",""," "
"2460","建通","","","","293","293","","","","","","","","","OX "
"2461","光群雷","39","70","","8440","8409","47971","","2","","1","3","47971",""," "
"2462","良得電","14","81","","2375","2308","30486","1","","","1","","30486",""," "
"2464","盟立","305","1061","29","13020","12235","54170","240","89","10","694","533","54170","11"," "
"2465","麗臺","149","96","","3368","3421","17236","65","6","","70","11","17236",""," "
"2466","冠西電","60","51","","5848","5857","40952","105","48","","272","215","40952","3"," "
"2467","志聖","102","186","7","1926","1835","39188","29","74","","48","93","39188","1"," "
"2468","華經","59","226","58","3453","3228","17490","3","15","","4","16","17490",""," "
"2471","資通","17","16","10","1297","1288","11813","","1","","","1","11813",""," "
"2472","立隆電","219","1144","15","5327","4387","41183","13","22","","25","34","41183","11"," "
"2474","可成","147","794","5","9215","8563","134705","3","24","","8","29","134705",""," "
"2476","鉅祥","645","640","8","40723","40720","54767","9","8","","35","34","54767","3","@ "
"2477","美隆電","","15","","1155","1140","39643","","","","45","45","39643",""," "
"2478","大毅","238","662","32","7147","6691","36182","36","","","64","28","36182",""," "
"2480","敦陽科","1","19","","344","326","26590","","","","","","26590",""," "
"2481","強茂","766","1338","62","12051","11417","95528","105","781","","532","1208","95528","5"," "
"2482","連宇","40","50","","1790","1780","19470","","","","","","19470",""," "
"2483","百容","24","46","1","1649","1626","26972","14","2","","24","12","26972","33"," "
"2484","希華","746","2913","19","16042","13856","39855","279","32","","672","425","39855","8"," "
"2485","兆赫","288","1954","93","12674","10915","79422","47","102","","183","238","79422","52"," "
"2486","一詮","670","1225","29","23234","22650","60120","463","","","749","286","60120",""," "
"2488","漢平","14","","","494","508","19999","","","","","","19999",""," "
"2489","瑞軒","781","4114","263","30596","27000","152500","28","267","","238","477","152500","15"," "
"2491","吉祥全","22","150","","2231","2103","20502","2","","","10","8","20502",""," "
"2492","華新科","201","330","35","8401","8237","121301","2","","","154","152","121301",""," "
"2493","揚博","298","653","8","7570","7207","31699","5","40","","21","56","31699","3"," "
"2495","普安","365","679","21","8526","8191","68387","2","3","","4","5","68387",""," "
"2496","卓越","","","","35","35","4775","","","","","","4775",""," "
"2497","怡利電","104","1508","6","3171","1761","29521","17","","","19","2","29521","1"," "
"2498","宏達電","492","1034","14","29365","28809","209024","138","271","","671","804","209024","7"," "
"2501","國建","76","87","2","4499","4486","289890","1","","2","3","","289890",""," "
"2504","國產","17","85","3","4464","4393","295000","","2","","","2","295000",""," "
"2505","國揚","26","27","","3406","3405","95000","","","","","","95000",""," "
"2506","太設","1","15","","1849","1835","75125","","","","","","75125",""," "
"2509","全坤建","1","12","","555","544","56137","","","","1","1","56137",""," "
"2511","太子","37","525","","3190","2702","405831","","","","","","405831",""," "
"2514","龍邦","","5","","18113","18108","98682","","","","1","1","98682",""," "
"2515","中工","633","639","4","27391","27381","401976","2","2","","47","47","401976",""," "
"2516","新建","","","","","","","","","","","","","","OX "
"2520","冠德","30","71","4","2269","2224","152371","","1","","3","4","152371",""," "
"2524","京城","3","21","","3194","3176","91495","","","","2","2","91495",""," "
"2527","宏璟","141","152","","5373","5362","67576","2","1","","19","18","67576","1"," "
"2528","皇普","51","202","","6537","6386","108999","1","","","2","1","108999",""," "
"2530","華建","114","144","","6732","6702","210313","","2","","3","5","210313","1"," "
"2534","宏盛","2","18","","11957","11941","118556","2","","","2","","118556",""," "
"2535","達欣工","7","7","","297","297","67698","1","","","6","5","67698",""," "
"2536","宏普","6","179","1","5175","5001","83202","","","","","","83202",""," "
"2537","聯上發","54","66","","3773","3761","75139","","1","","1","2","75139",""," "
"2538","基泰","174","53","","2200","2321","111256","","","","","","111256",""," "
"2539","櫻花建","180","118","","2113","2175","298275","","","","7","7","298275","5"," "
"2540","愛山林","298","175","","2964","3087","236218","","3","","17","20","236218","5"," "
"2542","興富發","216","177","","5488","5527","538270","8","7","","210","209","538270","2"," "
"2543","皇昌","224","1022","17","10514","9699","132135","19","","","19","","132135","","X "
"2545","皇翔","1","9","","2757","2749","94933","","","","9","9","94933",""," "
"2546","根基","9","1","","73","81","32631","","","","","","32631",""," "
"2547","日勝生","400","141","12","9574","9821","258773","","","","","","258773",""," "
"2548","華固","43","64","","1982","1961","79929","","","","4","4","79929",""," "
"2597","潤弘","","4","","163","159","77679","","","","","","77679",""," "
"2601","益航","","","","409","409","","","","","","","","","OX "
"2603","長榮","222","425","","15134","14931","541260","1","142","","207","348","541260","5"," "
"2605","新興","298","1047","2","13623","12872","146338","2","2","","8","8","146338","3"," "
"2606","裕民","71","95","","2817","2793","211263","","1","","2","3","211263","1"," "
"2607","榮運","3","48","","833","788","133392","","","","1","1","133392",""," "
"2608","嘉里大榮","","127","","1399","1272","116750","","","","1","1","116750",""," "
"2609","陽明","682","1246","69","32604","31971","873026","29","43","","325","339","873026","2"," "
"2610","華航","4123","2543","10","45856","47426","1536247","70","120","6","549","593","1536247","38"," "
"2611","志信","31","60","","2043","2014","47250","","4","","1","5","47250",""," "
"2612","中航","8","96","1","1759","1670","49371","","","","","","49371",""," "
"2613","中櫃","9","142","","2045","1912","37105","","","","12","12","37105",""," "
"2614","東森","16","260","","5619","5375","81816","","1","","1","2","81816",""," "
"2615","萬海","789","1015","3","15650","15421","701536","9","67","","77","135","701536","13"," "
"2616","山隆","4","53","","495","446","34320","","","","","","34320","","X "
"2617","台航","21","51","2","2186","2154","104323","","","","","","104323",""," "
"2618","長榮航","877","2031","12","27789","26623","1350111","103","46","","506","449","1350111","15"," "
"2630","亞航","180","616","","5786","5350","52359","23","30","","93","100","52359","4"," "
"2633","台灣高鐵","81","46","","1775","1810","657073","10","","","49","39","657073",""," "
"2634","漢翔","1023","2300","8","26627","25342","235466","249","514","6","706","965","235466","75"," "
"2636","台驊控股","5","8","","621","618","35458","","","","1","1","35458",""," "
"2637","慧洋-KY","64","292","","2668","2440","186602","43","3","","61","21","186602","6"," "
"2642","宅配通","","1","","598","597","23866","3","","","3","","23866",""," "
"2645","長榮航太","167","295","5","3017","2884","93642","2","5","","12","15","93642","4"," "
"2646","星宇航空","84","226","","3826","3684","752183","12","","","38","26","752183",""," "
"2701","萬企","5","","","377","382","112491","","","","","","112491",""," "
"2702","華園","","","","427","427","39153","","","","","","39153",""," "
"2704","國賓","1","4","","110","107","91730","","","","","","91730",""," "
"2705","六福","2","4","","554","552","46634","","","","","","46634",""," "
"2706","第一店","8","101","","731","638","124999","","","","","","124999",""," "
"2707","晶華","6","","","131","137","31850","","","","","","31850",""," "
"2712","遠雄來","","","","7","7","","","","","","","","","OX "
"2722","夏都","1","40","","364","325","35792","","","","","","35792",""," "
"2723","美食-KY","14","4","","1672","1682","45000","","","","1","1","45000",""," "
"2727","王品","1","8","","368","361","20735","","1","","1","2","20735",""," "
"2731","雄獅","5","20","","913","898","23319","3","","","9","6","23319",""," "
"2739","寒舍","23","1","","840","862","22881","","","","","","22881",""," "
"2748","雲品","19","49","","545","515","26444","","","","","","26444",""," "
"2753","八方雲集","","","1","518","517","16661","","","","2","2","16661",""," "
"2762","世界健身-KY","15","10","","171","176","28125","","","","","","28125",""," "
"2801","彰銀","612","170","","6996","7438","2941511","18","","","55","37","2941511","","X "
"2812","台中銀","185","229","","5060","5016","1505406","","","","","","1505406","","X "
"2816","旺旺保","5","6","","561","560","55902","1","","","1","","55902",""," "
"2820","華票","56","36","","678","698","335740","","1","","2","3","335740",""," "
"2832","台產","","5","","553","548","63385","","","","","","63385",""," "
"2834","臺企銀","1001","308","","18323","19016","2429515","7","","","7","","2429515","","X "
"2836","高雄銀","1091","50","","5557","6598","459979","","1","","","1","459979","31"," "
"2838","聯邦銀","52","4","","755","803","1085137","","","","7","7","1085137","2"," "
"2845","遠東銀","102","54","","3775","3823","1216321","6","20","","34","48","1216321",""," "
"2849","安泰銀","43","11","","198","230","223623","","1","","","1","223623","11"," "
"2850","新產","23","10","","280","293","78990","","","","","","78990","3"," "
"2851","中再保","60","24","","751","787","200097","","1","","4","5","200097","2"," "
"2852","第一保","1","1","","1333","1333","75290","","","","","","75290",""," "
"2855","統一證","314","590","2","6688","6410","400353","23","62","2","156","193","400353",""," "
"2867","三商壽","110","407","5","3456","3154","1474875","2","15","","15","28","1474875","18"," "
"2880","華南金","211","87","","730","854","3479241","2","17","","29","44","3479241","4"," "
"2881","富邦金","215","383","7","6917","6742","3501841","19","85","","167","233","3501841",""," "
"2882","國泰金","225","271","","5336","5290","3667302","22","634","","196","808","3667302","1"," "
"2883","凱基金","828","555","202","13501","13572","4243711","43","212","","114","283","4243711","8"," "
"2884","玉山金","685","230","","4732","5187","4048000","15","10","","161","156","4048000","15"," "
"2885","元大金","249","180","2","2902","2969","3332787","","1","","6","7","3332787",""," "
"2886","兆豐金","602","166","","904","1340","3708344","1","44","","54","97","3708344",""," "
"2887","台新新光金","595","1274","2","41293","40612","6216599","40","288","1","82","329","6216599","2"," "
"2889","國票金","179","67","","2607","2719","908390","","3","","28","31","908390",""," "
"2890","永豐金","53","135","","2371","2289","3623080","","11","","49","60","3623080","5"," "
"2891","中信金","174","247","5","4232","4154","4919224","4","207","","14","217","4919224",""," "
"2892","第一金","248","93","","2031","2186","3594867","4","1","","16","13","3594867",""," "
"2897","王道銀行","341","246","","1450","1545","701339","","","","4","4","701339",""," "
"2901","欣欣","","","","473","473","18260","","","","","","18260",""," "
"2903","遠百","1","7","","1296","1290","354235","","1","","","1","354235",""," "
"2904","匯僑","","5","","37","32","19458","","","","","","19458",""," "
"2905","三商","100","12","","7706","7794","277592","","","","1","1","277592",""," "
"2906","高林","35","133","5","690","587","52279","","","","","","52279",""," "
"2908","特力","1","50","","14073","14024","127471","","","","","","127471",""," "
"2910","統領","23","3","","38","58","43850","","","","","","43850",""," "
"2911","麗嬰房","18","14","","165","169","24931","","","","","","24931",""," "
"2912","統一超","11","26","","514","499","259905","","","","","","259905",""," "
"2913","農林","133","190","","6880","6823","176687","","3","","","3","176687",""," "
"2915","潤泰全","41","91","10","8512","8452","276079","","","","14","14","276079",""," "
"2929","淘帝-KY","7","13","","2055","2049","27373","","","","","","27373",""," "
"2939","永邑-KY","","1","","252","251","11387","1","1","","1","1","11387",""," "
"3002","歐格","36","130","3","1914","1817","25500","8","6","","8","6","25500",""," "
"3003","健和興","19","194","2","3487","3310","38913","4","","","4","","38913",""," "
"3004","豐達科","92","74","","1796","1814","16095","5","1","","7","3","16095",""," "
"3005","神基","198","228","","8630","8600","156142","6","4","","48","46","156142","2"," "
"3006","晶豪科","1005","1524","45","18186","17622","74531","242","","","345","103","74531",""," "
"3008","大立光","146","166","","1957","1937","32699","1","27","","12","38","32699","4"," "
"3010","華立","11","25","1","1165","1150","64859","2","7","","11","16","64859",""," "
"3011","今皓","84","100","14","2816","2786","29293","","3","","42","45","29293",""," "
"3013","晟銘電","278","1013","26","9605","8844","51284","11","9","","62","60","51284","1"," "
"3014","聯陽","69","79","3","2263","2250","41494","1","4","","59","62","41494","1"," "
"3015","全漢","56","95","6","2623","2578","46815","","","","1","1","46815","7"," "
"3016","嘉晶","417","587","30","7240","7040","72589","187","","1","573","385","72589",""," "
"3017","奇鋐","234","385","11","4366","4204","98167","11","10","","34","33","98167","7"," "
"3018","隆銘綠能","","","","","","","","","","","","","","OX "
"3019","亞光","260","562","12","11619","11305","69810","23","20","","44","41","69810","19"," "
"3021","鴻名","7","22","","585","570","23722","","","","","","23722","1"," "
"3022","威強電","210","234","","5814","5790","44149","11","6","","23","18","44149","5"," "
"3023","信邦","71","63","","1337","1345","60017","1","2","","11","12","60017",""," "
"3024","憶聲","463","240","","8423","8646","69289","","","","10","10","69289",""," "
"3025","星通","23","75","2","1692","1638","14184","","","","","","14184",""," "
"3026","禾伸堂","12","59","169","8516","8300","41472","45","","","165","120","41472",""," "
"3027","盛達","26","166","2","4729","4587","28740","","3","","1","4","28740","1"," "
"3028","增你強","65","196","5","3218","3082","59310","11","6","","65","60","59310","1"," "
"3029","零壹","47","147","2","3322","3220","38751","1","1","","5","5","38751",""," "
"3030","德律","543","871","7","10939","10604","59054","23","13","","41","31","59054","12"," "
"3031","佰鴻","170","1557","2","6836","5447","43300","3","7","","4","8","43300","2"," "
"3032","偉訓","133","318","1","8246","8060","25821","8","5","","13","10","25821","3"," "
"3033","威健","338","1414","51","10179","9052","129139","181","15","66","299","67","129139","3"," "
"3034","聯詠","128","168","","2433","2393","152127","1","19","3","17","32","152127","8"," "
"3035","智原","414","421","50","11388","11331","65137","85","1050","","359","1324","65137","1"," "
"3036","文曄","171","2316","10","13336","11181","317646","10","11","182","412","231","317646",""," "
"3037","欣興","1957","2166","134","40024","39681","410330","76","17","","216","157","410330","3"," "
"3038","全台","33","7","","1297","1323","39351","1","2","","1","2","39351",""," "
"3040","遠見","18","1159","10","11292","10141","16556","5","","","12","7","16556",""," "
"3041","揚智","77","567","1","3926","3435","29268","11","23","","49","61","29268","4"," "
"3042","晶技","569","2640","54","12180","10055","79498","39","210","","138","309","79498","16"," "
"3043","科風","6","34","","908","880","9743","","","","","","9743",""," "
"3044","健鼎","216","274","6","6209","6145","131401","3","12","","7","16","131401","3"," "
"3045","台灣大","576","41","14","298","819","930857","40","","","96","56","930857",""," "
"3046","建碁","103","25","","994","1072","19612","2","1","","5","4","19612",""," "
"3047","訊舟","189","207","10","6718","6690","56190","6","","","9","3","56190","1"," "
"3048","益登","128","966","9","6091","5244","61207","19","16","","65","62","61207","1"," "
"3049","精金","","","","","","","","","","","","","","OX "
"3050","鈺德","63","47","13","3292","3295","38746","","4","","41","45","38746",""," "
"3051","力特","71","183","10","4203","4081","34159","","","","","","34159","","X "
"3052","夆典","8","53","","1718","1673","58311","","","","","","58311",""," "
"3054","立萬利","9","22","1","914","900","20162","","","","","","20162",""," "
"3055","蔚華科","167","144","3","5699","5719","25610","14","84","","49","119","25610","1"," "
"3056","富華新","7","137","9","3750","3611","120138","3","2","","3","2","120138",""," "
"3057","喬鼎","","","","","","","","","","","","","","OX "
"3058","立德","","","","","","","","","","","","","","OX "
"3059","華晶科","282","571","52","11667","11326","76925","5","4","","26","25","76925","4"," "
"3060","銘異","314","502","3","8923","8732","34390","8","25","","14","31","34390",""," "
"3062","建漢","184","914","38","10655","9887","82522","","15","","58","73","82522","5"," "
"3090","日電貿","47","176","28","4183","4026","71891","2","","","32","30","71891",""," "
"3092","鴻碩","29","81","","3743","3691","26662","8","23","","32","47","26662",""," "
"3094","聯傑","66","324","12","2935","2665","20779","19","12","","61","54","20779","7"," "
"3130","一零四","","","","9","9","8297","","","","","","8297",""," "
"3135","凌航","186","338","13","2504","2339","24289","13","11","","110","108","24289","3"," "
"3138","耀登","20","251","6","2336","2099","14098","","1","","","1","14098",""," "
"3149","正達","495","701","15","21601","21380","53533","290","71","","4308","4089","53533","8"," "
"3150","鈺寶-創","4","41","","262","225","11094","","","","","","11094",""," "
"3164","景岳","1","","","284","285","21502","","","","","","21502",""," "
"3167","大量","23","477","431","11135","10250","22578","11","","","48","37","22578",""," "
"3168","眾福科","","","","38","38","18774","","","","","","18774",""," "
"3189","景碩","1424","1808","115","19764","19265","131728","94","6","","200","112","131728",""," "
"3209","全科","85","244","2","5673","5512","58847","38","3","","44","9","58847","1"," "
"3229","晟鈦","","","","","","","","","","","","","","OX "
"3231","緯創","6408","5659","568","48138","48319","795013","817","335","50","1285","753","795013","257"," "
"3257","虹冠電","38","107","14","2717","2634","19955","","28","","3","31","19955",""," "
"3266","昇陽","14","2","","347","359","88078","","","","","","88078",""," "
"3296","勝德","10","34","1","1877","1852","24181","1","1","","4","4","24181",""," "
"3305","昇貿","271","821","21","7241","6670","36180","3","45","","30","72","36180","6"," "
"3308","聯德","12","2","","688","698","15000","","","","","","15000",""," "
"3311","閎暉","123","109","3","2813","2824","25000","2","2","","5","5","25000",""," "
"3312","弘憶股","138","406","24","5199","4907","45656","15","5","","51","41","45656","1"," "
"3321","同泰","","","","","","","","","","","","","","OX "
"3338","泰碩","77","385","21","3705","3376","21977","5","8","","8","11","21977",""," "
"3346","麗清","121","112","","3017","3026","30307","1","1","","7","7","30307",""," "
"3356","奇偶","32","107","","1774","1699","20135","1","7","","2","8","20135",""," "
"3376","新日興","492","1484","65","12448","11391","48945","8","36","","13","41","48945","6"," "
"3380","明泰","335","605","22","5498","5206","135429","5","6","","11","12","135429","5"," "
"3406","玉晶光","106","215","5","2414","2300","28185","4","17","","26","39","28185","1"," "
"3413","京鼎","218","881","2","4847","4182","27731","4","1","","5","2","27731","3"," "
"3416","融程電","23","127","","1099","995","20124","5","","2","14","7","20124",""," "
"3419","譁裕","","40","","1092","1052","","","","","","","","","OX "
"3432","台端","","","","","","","","","","","","","","OX "
"3437","榮創","71","202","3","2953","2819","36137","","12","","16","28","36137",""," "
"3443","創意","276","441","14","4185","4006","33502","5","8","","17","20","33502","4"," "
"3447","展達","12","229","5","2127","1905","19362","","1","","21","22","19362",""," "
"3450","聯鈞","803","1903","27","16400","15273","36420","72","188","","206","322","36420","10"," "
"3481","群創","24903","42258","1258","334482","315869","1997299","4991","16501","","8246","19756","1997299","735"," "
"3494","誠研","","","","","","","","","","","","","","OX "
"3501","維熹","","7","10","1174","1157","29564","","","","","","29564","","X "
"3504","揚明光","281","249","2","2960","2990","28514","5","188","","52","235","28514","22"," "
"3515","華擎","27","52","80","1705","1600","30886","15","14","","16","15","30886",""," "
"3518","柏騰","39","209","2","4007","3835","23391","3","9","","19","25","23391","5"," "
"3528","安馳","81","75","1","2356","2361","16659","","11","","","11","16659",""," "
"3530","晶相光","9","25","16","1282","1250","19368","","11","","","11","19368",""," "
"3532","台勝科","206","578","18","8966","8576","96962","59","","","448","389","96962",""," "
"3533","嘉澤","36","53","","603","586","28133","","","","","","28133","","X "
"3535","晶彩科","122","885","67","5225","4395","19763","39","2","","79","42","19763","1"," "
"3543","州巧","108","321","","4078","3865","27565","20","","","20","","27565",""," "
"3545","敦泰","58","95","5","4503","4461","55614","7","","","10","3","55614","","X "
"3550","聯穎","162","393","10","13791","13550","26887","3","2","","3","2","26887",""," "
"3557","嘉威","3","48","","424","379","17999","","","","","","17999",""," "
"3563","牧德","95","199","7","5441","5330","12300","2","2","","4","4","12300","2"," "
"3576","聯合再生","","","","","","","","","","","","","","OX "
"3583","辛耘","51","168","5","2064","1942","20086","","","","","","20086",""," "
"3588","通嘉","94","131","1","1778","1740","15498","","1","","","1","15498",""," "
"3591","艾笛森","34","117","18","26877","26776","36346","4","25","","4","25","36346",""," "
"3592","瑞鼎","31","35","","919","915","18963","","","","","","18963",""," "
"3593","力銘","","","","","","","","","","","","","","OX "
"3596","智易","16","79","","1283","1220","55088","","2","","24","26","55088",""," "
"3605","宏致","482","688","10","8798","8582","43817","21","28","","81","88","43817","17"," "
"3607","谷崧","31","22","","1831","1840","30415","","","","","","30415","2"," "
"3617","碩天","30","31","","1963","1962","23691","","","","","","23691","1"," "
"3622","洋華","7","74","","1836","1769","37831","1","2","","1","2","37831",""," "
"3645","達邁","242","627","10","5483","5088","34188","3","2","","9","8","34188","2"," "
"3652","精聯","2","23","","651","630","18774","","1","","","1","18774",""," "
"3653","健策","207","174","","2338","2371","36683","","7","","6","13","36683","11"," "
"3661","世芯-KY","290","468","11","5842","5653","20860","18","","","40","22","20860",""," "
"3665","貿聯-KY","156","277","8","2388","2259","48769","23","7","","34","18","48769","9"," "
"3669","圓展","90","88","1","1233","1234","23229","27","","","33","6","23229","1"," "
"3673","TPK-KY","836","1835","63","15263","14201","101665","28","36","","80","88","101665","66"," "
"3679","新至陞","2","3","","118","117","15755","","","","","","15755",""," "
"3686","達能","","","","","","","","","","","","","","OX "
"3694","海華","272","578","14","6937","6617","38732","","37","","14","51","38732","1"," "
"3701","大眾控","165","712","40","6574","5987","53909","8","38","","44","74","53909","4"," "
"3702","大聯大","217","786","","6466","5897","432115","23","44","71","278","228","432115","2"," "
"3703","欣陸","","74","","1492","1418","205803","","1","","","1","205803",""," "
"3704","合勤控","500","335","3","6034","6196","103861","16","6","","52","42","103861",""," "
"3705","永信","","6","","378","372","66605","","","","","","66605",""," "
"3706","神達","862","1875","6","31993","30974","331803","91","28","","226","163","331803","20"," "
"3708","上緯投控","130","143","6","3030","3011","23091","6","3","","15","12","23091",""," "
"3711","日月光投控","942","1246","84","10418","10030","1117643","27","286","","77","336","1117643","18"," "
"3712","永崴投控","6","52","10","2799","2743","61560","42","","","146","104","61560","1"," "
"3714","富采","594","2669","78","26853","24700","166985","67","94","","146","173","166985","3"," "
"3715","定穎投控","540","2513","191","20876","18712","70893","34","102","","417","485","70893","107"," "
"3716","中化控股","5","9","","488","484","37441","","","","","","37441",""," "
"3717","聯嘉投控","765","793","","9845","9817","52737","","1","5","101","97","52737",""," "
"4104","佳醫","2","3","","81","80","47091","","","","","","47091",""," "
"4106","雃博","1","4","","663","660","25227","","","","","","25227",""," "
"4108","懷特","","","","","","","","","","","","","","OX "
"4119","旭富","13","11","","581","583","29877","","","","22","22","29877",""," "
"4133","亞諾法","40","23","","1273","1290","15138","","2","","10","12","15138",""," "
"4137","麗豐-KY","10","5","","1075","1080","20623","","","","","","20623",""," "
"4142","國光生","44","135","1","6562","6470","107376","","1","","2","3","107376",""," "
"4148","全宇生技-KY","","3","","402","399","16808","","","","","","16808",""," "
"4155","訊映","19","","","885","904","36171","","","","1","1","36171",""," "
"4164","承業醫","32","264","41","6891","6618","47647","","2","","22","24","47647",""," "
"4190","佐登-KY","","6","","296","290","15361","","","","","","15361","","X "
"4306","炎洲","40","312","","4683","4411","169189","","1","","","1","169189",""," "
"4414","如興","","2","","701","699","53409","","","","","","53409",""," "
"4426","利勤","32","39","","948","941","43169","","","","","","43169",""," "
"4438","廣越","6","4","","792","794","28356","","","","","","28356",""," "
"4439","冠星-KY","1","","","243","244","9528","","","","5","5","9528",""," "
"4440","宜新實業","","6","","159","153","16899","","","","","","16899",""," "
"4441","振大環球","13","4","","157","166","17043","","1","","1","2","17043",""," "
"4526","東台","200","643","125","6375","5807","63706","","","","","","63706",""," "
"4532","瑞智","44","357","","2640","2327","123723","","","","","","123723",""," "
"4536","拓凱","5","17","","628","616","22705","","","","","","22705",""," "
"4540","全球傳動","149","589","35","3818","3343","28796","4","6","","14","16","28796",""," "
"4545","銘鈺","2","70","","1256","1188","19250","","","","","","19250",""," "
"4551","智伸科","106","712","1","2720","2113","28805","","","","","","28805",""," "
"4552","力達-KY","58","","","2125","2183","29000","","","","12","12","29000",""," "
"4555","氣立","47","508","","2747","2286","17496","","","","29","29","17496","6"," "
"4557","永新-KY","1","","","324","325","11992","","","","","","11992",""," "
"4560","強信-KY","","","","290","290","17024","","","","","","17024",""," "
"4562","穎漢","16","125","","1946","1837","21886","","18","","17","35","21886","1"," "
"4564","元翎","390","585","","10942","10747","58197","11","","","21","10","58197",""," "
"4566","時碩工業","287","358","","4204","4133","27522","60","27","","103","70","27522","8"," "
"4569","六方科-KY","19","44","","741","716","7650","","1","","","1","7650",""," "
"4571","鈞興-KY","16","54","1","1035","996","13254","","16","","","16","13254",""," "
"4572","駐龍","1","4","1","329","325","10004","","","","1","1","10004",""," "
"4576","大銀微系統","128","307","6","2390","2205","29950","9","19","","25","35","29950","8"," "
"4581","光隆精密-KY","","","","26","26","8474","","","","","","8474",""," "
"4583","台灣精銳","10","78","","3579","3511","20042","","","","7","7","20042",""," "
"4585","達明","11","41","","656","626","26152","","","","59","59","26152",""," "
"4588","玖鼎電力","6","46","","428","388","10746","4","1","","4","1","10746",""," "
"4720","德淵","142","334","5","3508","3311","28629","","1","","12","13","28629",""," "
"4722","國精化","59","707","6","11502","10848","25941","9","8","","18","17","25941",""," "
"4736","泰博","2","19","","194","177","23843","","","","","","23843",""," "
"4737","華廣","11","9","","1587","1589","19349","","","","","","19349",""," "
"4739","康普","290","1229","22","9316","8355","30375","16","13","","75","72","30375","1"," "
"4746","台耀","23","28","","2052","2047","30063","","14","","","14","30063",""," "
"4755","三福化","34","174","1","1043","902","25176","2","7","","3","8","25176",""," "
"4763","材料*-KY","1346","1125","235","43520","43506","247286","21","19","","31","29","247286","14"," "
"4764","雙鍵","308","629","8","5090","4761","21385","165","150","","290","275","21385","4"," "
"4766","南寶","27","93","","1195","1129","30142","","1","","","1","30142",""," "
"4770","上品","50","57","20","1006","979","19994","","5","","17","22","19994",""," "
"4771","望隼","32","26","","555","561","14688","","","","","","14688",""," "
"4807","日成-KY","3","86","","1350","1267","12249","","","","2","2","12249","1"," "
"4904","遠傳","85","21","","181","245","878566","","","","7","7","878566",""," "
"4906","正文","960","2183","67","29638","28348","112961","24","25","","39","40","112961","10"," "
"4912","聯德控股-KY","56","140","3","3708","3621","16748","","1","","","1","16748",""," "
"4915","致伸","85","51","4","3844","3874","117970","","2","","41","43","117970",""," "
"4916","事欣科","427","869","5","7606","7159","31020","","","","","","31020",""," "
"4919","新唐","453","1371","62","14265","13285","113099","150","50","","1614","1514","113099","4"," "
"4927","泰鼎-KY","527","3753","74","27259","23959","66234","59","28","","581","550","66234","9"," "
"4930","燦星網","68","27","","3775","3816","20000","","","","","","20000",""," "
"4934","太極","","","","","","","","","","","","","","OX "
"4935","茂林-KY","","5","","626","621","32216","","4","","","4","32216",""," "
"4938","和碩","209","347","4","5206","5064","670511","14","11","1","49","45","670511","2"," "
"4942","嘉彰","67","1","","565","631","35591","","","","","","35591",""," "
"4943","康控-KY","","","","","","","","","","","","","","OX "
"4949","有成精密","100","342","7","3095","2846","16937","4","1","","36","33","16937",""," "
"4952","凌通","16","65","","1421","1372","27203","2","1","","3","2","27203",""," "
"4956","光鋐","98","673","3","6152","5574","25102","7","4","","12","9","25102","4"," "
"4958","臻鼎-KY","1298","4241","99","27256","24214","277221","163","144","","493","474","277221","60"," "
"4960","誠美材","295","1053","10","16074","15306","142926","11","3","","98","90","142926","3"," "
"4961","天鈺","28","94","","1626","1560","30313","","","","4","4","30313","1"," "
"4967","十銓","411","476","9","8256","8182","24183","58","32","","104","78","24183","27"," "
"4968","立積","151","506","13","5797","5429","23052","3","","","44","41","23052",""," "
"4976","佳凌","693","659","","4837","4871","35337","22","386","","187","551","35337","43"," "
"4977","眾達-KY","179","477","41","6497","6158","20672","18","43","","42","67","20672","5"," "
"4989","榮科","524","2681","46","15416","13213","34444","26","35","","3486","3495","34444","8"," "
"4994","傳奇","5","4","","2321","2322","16595","","1","","2","3","16595",""," "
"4999","鑫禾","10","6","","400","404","18604","","","","9","9","18604",""," "
"5007","三星","1","","","7","8","73735","","","","","","73735",""," "
"5203","訊連","14","88","","1203","1129","19835","1","18","","4","21","19835",""," "
"5215","科嘉-KY","4","46","","675","633","16084","","","","","","16084",""," "
"5222","全訊","13","108","1","1904","1808","22779","","4","","9","13","22779",""," "
"5225","東科-KY","6","50","","1400","1356","19784","","16","","2","18","19784",""," "
"5234","達興材料","49","102","4","1524","1467","25678","","3","","6","9","25678",""," "
"5236","凌陽創新","11","10","1","204","204","15001","","","","4","4","15001",""," "
"5243","乙盛-KY","211","1025","27","10101","9260","42132","1","5","","11","15","42132","5"," "
"5244","弘凱","7","202","15","2617","2407","17060","3","2","","23","22","17060",""," "
"5258","虹堡","86","120","","4012","3978","27591","1","","","1","","27591",""," "
"5269","祥碩","51","127","","2074","1998","18539","11","121","","303","413","18539","1"," "
"5283","禾聯碩","","2","","92","90","21900","","","","","","21900",""," "
"5284","jpp-KY","94","191","1","3683","3585","13223","1","8","","2","9","13223","1"," "
"5285","界霖","85","482","42","4974","4535","25510","8","26","","47","65","25510",""," "
"5288","豐祥-KY","28","45","","2570","2553","17424","1","","","1","","17424",""," "
"5292","華懋","3","35","1","976","943","10527","","","","","","10527",""," "
"5306","桂盟","7","9","","551","549","31500","","","","","","31500",""," "
"5388","中磊","213","379","1","5348","5181","76085","24","22","","38","36","76085","5"," "
"5434","崇越","28","70","2","914","870","48501","2","2","","4","4","48501",""," "
"5469","瀚宇博","110","642","13","14258","13713","121541","11","13","","41","43","121541","1"," "
"5471","松翰","159","418","3","4376","4114","41969","6","7","","11","12","41969","7"," "
"5484","慧友","","","","","","","","","","","","","","OX "
"5515","建國","1","24","","1798","1775","50400","","","","4","4","50400",""," "
"5519","隆大","15","","","832","847","54799","","","","58","58","54799",""," "
"5521","工信","249","628","2","13613","13232","123070","","1","","6","7","123070","2"," "
"5522","遠雄","9","4","","926","931","195399","","","","3","3","195399",""," "
"5525","順天","1","21","","338","318","79526","","","","","","79526",""," "
"5531","鄉林","3","33","10","3609","3569","244397","","1","","11","12","244397","3"," "
"5533","皇鼎","9","","","470","479","71311","","","","","","71311",""," "
"5534","長虹","17","39","","3513","3491","78831","","","","","","78831",""," "
"5538","東明-KY","","1","","8","7","50300","","","","","","50300",""," "
"5546","永固-KY","","1","","23","22","20588","","","","","","20588",""," "
"5607","遠雄港","47","39","","1641","1649","92638","","","","","","92638",""," "
"5608","四維航","32","182","1","4215","4064","97319","1","","","82","81","97319",""," "
"5706","鳳凰","1","8","","730","723","20941","","","","20","20","20941",""," "
"5871","中租-KY","253","264","1","4187","4175","427855","","3","","","3","427855","3"," "
"5876","上海商銀","49","74","","688","663","1215400","","1","","","1","1215400","40"," "
"5880","合庫金","162","49","","1540","1653","3920234","","1","","6","7","3920234","4"," "
"5906","台南-KY","","","","24","24","8935","","","","","","8935",""," "
"5907","大洋-KY","163","179","","5557","5541","48882","","3","","40","43","48882",""," "
"6005","群益證","136","155","9","5437","5409","542727","16","19","","21","24","542727","2"," "
"6024","群益期","96","18","","283","361","62484","","","","","","62484","","X "
"6108","競國","26","25","1","1458","1458","38623","43","6","","46","9","38623",""," "
"6112","邁達特","170","269","17","3074","2958","30589","","3","","31","34","30589",""," "
"6115","鎰勝","","28","","70","42","46915","","","","","","46915",""," "
"6116","彩晶","1391","2964","131","34561","32857","714663","2448","3687","1","5601","6839","714663","89"," "
"6117","迎廣","62","202","18","2552","2394","23146","2","22","","18","38","23146",""," "
"6120","達運","292","173","","7571","7690","149749","2","","","5","3","149749",""," "
"6128","上福","13","","","1243","1256","31897","","","","","","31897",""," "
"6133","金橋","106","268","7","3107","2938","29251","30","43","","30","43","29251","4"," "
"6136","富爾特","8","79","","2647","2576","28884","","","","","","28884",""," "
"6139","亞翔","370","768","22","7347","6927","58893","10","10","6","41","35","58893","8"," "
"6141","柏承","","1","","36","35","","","","","","","","","OX "
"6142","友勁","","","","","","","","","","","","","","OX "
"6152","百一","","","","","","","","","","","","","","OX "
"6153","嘉聯益","414","1193","85","14376","13512","136837","","17","","37","54","136837","46"," "
"6155","鈞寶","95","459","4","3222","2854","22005","8","9","","19","20","22005","7"," "
"6164","華興","268","172","","3729","3825","20000","","1","","1","2","20000","1"," "
"6165","浪凡","56","37","","8201","8220","19438","","","","","","19438","2"," "
"6166","凌華","570","197","202","2956","3127","50767","17","82","","79","144","50767","18"," "
"6168","宏齊","148","904","18","5051","4277","51440","6","","","14","8","51440","1"," "
"6176","瑞儀","203","389","1","6613","6426","116256","2","68","","7","73","116256","1"," "
"6177","達麗","18","101","","2547","2464","117972","","","","4","4","117972",""," "
"6183","關貿","","","","8","8","37500","","","","","","37500",""," "
"6184","大豐電","","6","","493","487","40531","","","","","","40531",""," "
"6189","豐藝","19","50","16","2416","2369","65956","","1","","4","5","65956",""," "
"6191","精成科","404","1747","55","20807","19409","124825","23","12","","39","28","124825","4"," "
"6192","巨路","2","9","","757","750","24038","","","","","","24038",""," "
"6196","帆宣","102","176","8","1548","1466","55082","22","5","","37","20","55082","1"," "
"6197","佳必琪","280","270","3","5289","5296","30859","10","29","","56","75","30859","6"," "
"6201","亞弘電","2","","","30","32","22300","","","","","","22300","","X "
"6202","盛群","402","406","92","5612","5516","56542","6","28","","22","44","56542","2"," "
"6205","詮欣","86","540","36","4284","3794","20558","","1","","1","2","20558","1"," "
"6206","飛捷","138","166","7","1916","1881","35765","16","1","","21","6","35765","5"," "
"6209","今國光","549","984","22","13792","13335","45471","17","","","19","2","45471","","X "
"6213","聯茂","790","2267","66","16312","14769","90899","178","3","3","413","235","90899","1"," "
"6214","精誠","197","179","4","1737","1751","68060","","2","","2","4","68060","4"," "
"6215","和椿","144","453","5","5420","5106","20697","8","32","","19","43","20697","5"," "
"6216","居易","14","18","","687","683","24324","","","","10","10","24324",""," "
"6224","聚鼎","31","82","13","1995","1931","21411","2","3","","8","9","21411",""," "
"6225","天瀚","","","","","","","","","","","","","","OX "
"6226","光鼎","1042","618","","3377","3801","28883","37","361","","295","619","28883","3"," "
"6230","尼得科超眾","5","8","","468","465","21585","","","","","","21585",""," "
"6235","華孚","63","364","50","4918","4567","49976","","1","","34","35","49976",""," "
"6239","力成","1707","4168","84","20017","17472","189786","","","","","","189786",""," "
"6243","迅杰","409","334","","2342","2417","11317","42","71","","174","203","11317","19"," "
"6257","矽格","351","787","15","10568","10117","120978","45","104","","81","140","120978","8"," "
"6269","台郡","243","1004","69","10122","9292","80957","15","50","","142","177","80957","4"," "
"6271","同欣電","540","548","27","6725","6690","52264","19","","","31","12","52264",""," "
"6272","驊陞","51","2","","44","93","20440","","","","","","20440",""," "
"6277","宏正","45","60","","363","348","29867","19","","","24","5","29867",""," "
"6278","台表科","332","1772","48","9217","7729","73099","68","34","","192","158","73099","2"," "
"6281","全國電","","","","27","27","24793","","","","","","24793",""," "
"6282","康舒","874","3475","514","28066","24951","214025","18","32","3","321","332","214025","11"," "
"6283","淳安","27","112","","2388","2303","20632","1","1","","1","1","20632",""," "
"6285","啟碁","444","2253","34","16203","14360","120915","77","139","","127","189","120915","17"," "
"6405","悅城","142","313","147","5639","5321","16450","5","15","","31","41","16450","29"," "
"6409","旭隼","36","87","3","980","926","22063","1","3","","1","3","22063","2"," "
"6412","群電","25","150","30","2997","2842","100192","13","2","","13","2","100192",""," "
"6414","樺漢","302","200","3","2055","2154","37828","24","6","4","741","719","37828","6"," "
"6415","矽力*-KY","157","410","9","4312","4050","97363","8","","","73","65","97363",""," "
"6416","瑞祺電通","117","315","","4316","4118","18337","","","","","","18337","4"," "
"6426","統新","62","286","12","2357","2121","9627","19","28","","21","30","9627","3"," "
"6431","光麗-KY","","","","","","","","","","","","","","OX "
"6438","迅得","80","302","1","4061","3838","20551","3","5","","13","15","20551","7"," "
"6442","光聖","174","271","11","4292","4184","20101","6","142","","16","152","20101",""," "
"6443","元晶","","1267","89","12146","10790","","17","","","483","466","","","OX "
"6446","藥華藥","177","469","8","8055","7755","95402","2","5","","33","36","95402","10"," "
"6449","鈺邦","244","135","11","2212","2310","22971","5","16","","18","29","22971","2"," "
"6451","訊芯-KY","262","1029","58","7632","6807","28563","8","110","","59","161","28563",""," "
"6456","GIS-KY","506","1636","17","12102","10955","84484","24","34","","178","188","84484","11"," "
"6464","台數科","","","","2","2","32195","","","","","","32195",""," "
"6472","保瑞","62","163","1","3623","3521","31939","","","","","","31939","","X "
"6477","安集","76","357","1","3726","3444","30946","74","5","42","414","303","30946","22"," "
"6491","晶碩","14","8","","520","526","19500","","","","1","1","19500",""," "
"6504","南六","","2","","126","124","18150","","","","","","18150",""," "
"6505","台塑化","1606","2409","2","12654","11849","2381489","191","247","","709","765","2381489","146"," "
"6515","穎崴","13","39","3","448","419","9111","1","","","5","4","9111",""," "
"6525","捷敏-KY","186","543","8","2606","2241","32261","9","1","","31","23","32261",""," "
"6526","達發","31","195","2","1442","1276","41876","","","","2","2","41876",""," "
"6531","愛普*","629","1028","93","6813","6321","40787","13","","","22","9","40787",""," "
"6533","晶心科","56","229","4","2358","2181","12662","39","7","","52","20","12662","1"," "
"6534","正瀚-創","7","17","","1787","1777","25700","","","","","","25700",""," "
"6541","泰福-KY","108","26","1","3779","3860","66248","","8","","","8","66248",""," "
"6550","北極星藥業-KY","","","","","","","","","","","","","","OX "
"6552","易華電","7","33","2","1115","1087","20750","16","16","","22","22","20750",""," "
"6558","興能高","37","419","41","3219","2796","21622","3","6","","47","50","21622",""," "
"6573","虹揚-KY","","","","","","","","","","","","","","OX "
"6579","研揚","42","136","","1362","1268","42362","16","1","","27","12","42362","1"," "
"6581","鋼聯","1","","","5","6","27817","","","","","","27817",""," "
"6582","申豐","2","7","","365","360","26543","","","","","","26543",""," "
"6585","鼎基","58","226","","2293","2125","18033","","1","16","79","64","18033",""," "
"6589","台康生技","72","57","","3003","3018","63019","","","","","","63019",""," "
"6591","動力-KY","15","67","1","2131","2078","10280","","","","16","16","10280",""," "
"6592","和潤企業","7","7","","673","673","160461","","","","1","1","160461",""," "
"6598","ABC-KY","","","","","","","","","","","","","","OX "
"6605","帝寶","26","20","31","2315","2290","41454","","3","","","3","41454",""," "
"6606","建德工業","5","5","","560","560","27575","","","","","","27575",""," "
"6614","資拓宏宇","","2","","59","57","20165","","","","","","20165",""," "
"6625","必應","4","12","1","829","820","14493","","","","","","14493",""," "
"6641","基士德-KY","3","8","","106","101","9125","","","","1","1","9125",""," "
"6645","金萬林-創","","","","11","11","","","","","","","","","OX "
"6655","科定","","","","","","20142","","","","","","20142",""," "
"6657","華安","","14","11","1342","1317","","","","","","","","","OX "
"6658","聯策","46","103","8","1552","1487","9092","7","11","","10","14","9092","1"," "
"6666","羅麗芬-KY","6","6","","282","282","11847","","","","","","11847",""," "
"6668","中揚光","331","141","1","2850","3039","19957","","53","","2","55","19957","17"," "
"6669","緯穎","107","223","","1448","1332","46655","2","2","","14","14","46655","3"," "
"6670","復盛應用","3","18","","392","377","34846","","","","1","1","34846",""," "
"6671","三能-KY","","","","81","81","15187","","","","","","15187",""," "
"6672","騰輝電子-KY","289","457","7","5777","5602","20405","6","3","","16","13","20405","2"," "
"6674","鋐寶科技","","13","","262","249","17137","","","","3","3","17137",""," "
"6689","伊雲谷","17","48","26","1383","1326","17000","","11","","","11","17000",""," "
"6691","洋基工程","60","68","1","1437","1428","30371","1","","","24","23","30371",""," "
"6695","芯鼎","118","179","5","3758","3692","21736","1","1","","26","26","21736","4"," "
"6698","旭暉應材","33","355","7","2389","2060","16597","","","","","","16597","1"," "
"6706","惠特","77","385","45","8016","7663","19637","21","13","","90","82","19637","10"," "
"6715","嘉基","101","307","21","6964","6737","17068","","11","","","11","17068","10"," "
"6719","力智","119","423","22","4025","3699","21129","2","5","","2","5","21129","6"," "
"6722","輝創","16","","","15","31","22100","","","","","","22100",""," "
"6742","澤米","37","138","6","1935","1828","17816","1","77","","4","80","17816",""," "
"6743","安普新","2","24","","539","517","37500","","","","","","37500","","X "
"6753","龍德造船","198","256","","5737","5679","29313","19","24","","101","106","29313","1"," "
"6754","匯僑設計","2","","","131","133","16500","","","","","","16500",""," "
"6756","威鋒電子","10","18","","687","679","17497","","","","","","17497",""," "
"6757","台灣虎航","56","200","","3623","3479","114882","1","2","","2","3","114882","4"," "
"6768","志強-KY","9","43","","1230","1196","50023","4","16","","4","16","50023",""," "
"6770","力積電","7999","22537","698","150883","135647","1178020","3337","50","1","11993","8705","1178020",""," "
"6771","平和環保-創","","","","82","82","7794","","","","","","7794",""," "
"6776","展碁國際","7","61","1","854","799","22895","","","","","","22895",""," "
"6781","AES-KY","57","214","6","2737","2574","21354","","8","","1","9","21354","1"," "
"6782","視陽","7","9","","477","475","15750","","1","","","1","15750",""," "
"6789","采鈺","108","851","31","5486","4712","79574","8","6","","29","27","79574","6"," "
"6790","永豐實","","","","587","587","66782","","","","","","66782",""," "
"6792","詠業","1","11","","283","273","11968","","","","","","11968",""," "
"6794","向榮生技","1","","","256","257","12109","","","","","","12109",""," "
"6796","晉弘","15","1","","560","574","10058","","1","","","1","10058",""," "
"6799","來頡","166","175","4","2079","2066","10913","","16","","","16","10913",""," "
"6805","富世達","147","320","2","2507","2332","17138","2","","","6","4","17138","6"," "
"6807","峰源-KY","","2","","140","138","13500","","","","","","13500",""," "
"6830","汎銓","205","491","3","4122","3833","13603","34","101","","72","139","13603","2"," "
"6831","邁科","22","76","4","481","423","16875","","","","44","44","16875",""," "
"6834","天二科技","169","656","33","3715","3195","22117","54","1","","110","57","22117",""," "
"6835","圓裕","1","23","","817","795","16543","","","","4","4","16543",""," "
"6838","台新藥","","2","","2593","2591","","","","","","","","","OX "
"6854","錼創科技-KY創","28","353","15","3233","2893","29419","5","3","","7","5","29419",""," "
"6861","睿生光電","131","322","17","2030","1822","10399","","2","","7","9","10399",""," "
"6862","三集瑞-KY","23","112","3","978","886","12500","2","6","","11","15","12500",""," "
"6863","永道-KY","52","56","","1004","1000","18722","","","","6","6","18722",""," "
"6869","雲豹能源","34","228","101","3164","2869","34457","2","21","","9","28","34457",""," "
"6873","泓德能源","56","402","","3863","3517","34591","6","27","","65","86","34591",""," "
"6885","全福生技","1","16","","2273","2258","33265","","","","20","20","33265",""," "
"6887","寶綠特-KY","6","2","","885","889","18543","","","","","","18543",""," "
"6890","來億-KY","24","20","","779","783","62350","","","","2","2","62350",""," "
"6901","鑽石投資","386","330","","6351","6407","213340","14","10","","44","40","213340",""," "
"6902","GOGOLOOK","17","24","1","589","581","8882","","","","","","8882","4"," "
"6906","現觀科","2","9","20","517","490","8384","","","","","","8384",""," "
"6909","創控","13","126","6","1509","1390","16859","1","1","","17","17","16859","2"," "
"6914","阜爾運通","","","","332","332","16556","","","","","","16556",""," "
"6916","華凌","4","10","","399","393","16875","","","","","","16875",""," "
"6918","愛派司","2","","","96","98","8642","","","","","","8642",""," "
"6919","康霈*","","","","","","","","","","","","","","OX "
"6923","中台","6","24","","1746","1728","22872","","","","","","22872",""," "
"6928","攸泰科技","15","294","","1074","795","21500","","","","19","19","21500",""," "
"6931","青松健康","","2","","123","121","16538","","","","","","16538",""," "
"6933","AMAX-KY","54","58","","759","755","10604","1","4","","5","8","10604","3"," "
"6936","永鴻生技","","","","242","242","18201","","","","","","18201",""," "
"6937","天虹","76","328","2","1689","1435","16913","3","7","","4","8","16913","2"," "
"6944","兆聯實業","28","44","1","802","785","19171","","","","20","20","19171",""," "
"6949","沛爾生醫-創","30","65","","5290","5255","16395","","","","2","2","16395",""," "
"6951","青新-創","","","","77","77","11500","","","","","","11500",""," "
"6952","大武山","1","1","","15","15","17086","","","","","","17086",""," "
"6957","裕慶-KY","53","60","9","1603","1587","13878","","","","","","13878","","X "
"6958","日盛台駿","","7","","168","161","100322","","","","","","100322",""," "
"6962","奕力-KY","357","884","19","8955","8409","123099","","","","","","123099",""," "
"6965","中傑-KY","","","","39","39","39084","","","","","","39084",""," "
"6994","富威電力","16","63","","3015","2968","18540","1","","","12","11","18540",""," "
"7631","聚賢研發-創","19","","","38","57","5035","","","","","","5035",""," "
"7705","三商餐飲","","5","","93","88","16516","","","","","","16516",""," "
"7711","永擎","56","24","","518","550","17925","","","","","","17925",""," "
"7721","微程式","36","64","4","1171","1139","12592","","","","","","12592",""," "
"7722","LINEPAY","5","50","4","595","546","17000","","","","","","17000",""," "
"7730","暉盛-創","25","18","","496","503","9199","1","","","3","2","9199",""," "
"7732","金興精密","4","7","","97","94","16170","","","","","","16170",""," "
"7736","虎山","2","1","2","70","69","19000","","","","","","19000",""," "
"7740","熙特爾-創","5","26","","1810","1789","13300","","","","","","13300",""," "
"7749","意騰-KY","16","152","","1129","993","11621","","","","8","8","11621",""," "
"7750","新代","10","29","","567","548","17960","1","","","2","1","17960",""," "
"7765","中華資安","4","9","","464","459","10170","","","","","","10170",""," "
"7769","鴻勁","37","39","2","294","290","44982","","","","","","44982",""," "
"7780","大研生醫*","22","11","","271","282","202506","","","","","","202506",""," "
"7786","東方風能","15","26","","178","167","43988","","","","","","43988",""," "
"7788","松川精密","78","330","2","1819","1565","19936","4","2","","5","3","19936","1"," "
"7791","皇家可口","3","1","","16","18","20000","","","","","","20000",""," "
"7795","長廣","64","26","","89","127","19707","","","","","","19707",""," "
"7799","禾榮科","22","68","1","1268","1221","39561","","","","2","2","39561",""," "
"8011","台通","115","22","","3481","3574","41480","","3","","30","33","41480",""," "
"8016","矽創","42","167","33","1619","1461","30034","4","5","","9","10","30034","1"," "
"8021","尖點","121","690","38","10320","9713","36772","38","","","179","141","36772",""," "
"8028","昇陽半導體","105","212","11","5437","5319","45887","20","6","","203","189","45887","29"," "
"8033","雷虎","46","558","48","7097","6537","39239","90","3","2","265","176","39239","110"," "
"8039","台虹","1279","3197","105","22001","19978","65950","1050","","1","1831","780","65950",""," "
"8045","達運光電","19","63","","4994","4950","23760","","10","","","10","23760",""," "
"8046","南電","998","1031","22","9492","9437","161541","169","128","","467","426","161541","16"," "
"8070","長華*","242","913","28","6618","5919","181412","","8","","4","12","181412",""," "
"8072","陞泰","9","70","53","1879","1765","20000","","","","","","20000","2"," "
"8081","致新","92","110","5","1788","1765","21543","6","3","","9","6","21543",""," "
"8101","華冠","","","","","","","","","","","","","","OX "
"8103","瀚荃","125","452","14","3302","2961","19609","3","1","","3","1","19609",""," "
"8104","錸寶","62","796","20","4267","3513","26014","","1","","1","2","26014",""," "
"8105","凌巨","456","526","41","8355","8244","72140","17","16","","508","507","72140","2"," "
"8110","華東","636","1809","139","16731","15419","129434","89","341","","207","459","129434","2"," "
"8112","至上","483","1227","39","17566","16783","131323","156","293","42","3192","3287","131323","8"," "
"8114","振樺電","85","209","","1677","1553","19121","1","4","","15","18","19121","1"," "
"8131","福懋科","332","1080","37","5509","4724","110555","127","","","179","52","110555",""," "
"8150","南茂","1090","2906","243","19045","16986","176130","370","","","1681","1311","176130",""," "
"8162","微矽電子-創","60","221","12","1901","1728","17175","","","","","","17175",""," "
"8163","達方","87","176","2","2575","2484","70000","","3","","11","14","70000",""," "
"8201","無敵","","","","","","","","","","","","","","OX "
"8210","勤誠","78","147","1","2349","2279","31329","1","11","","20","30","31329","2"," "
"8213","志超","123","207","","3976","3892","67810","","","","","","67810",""," "
"8215","明基材","38","209","11","3374","3192","80168","1","5","","8","12","80168",""," "
"8222","寶一","198","174","33","3448","3439","17143","3","15","","24","36","17143","8"," "
"8249","菱光","17","302","4","4094","3805","28587","1","3","","19","21","28587",""," "
"8261","富鼎","411","1091","294","7644","6670","29719","77","1","15","136","45","29719",""," "
"8271","宇瞻","1239","509","","5477","6207","30893","116","408","","329","621","30893","38"," "
"8341","日友","10","3","","351","358","32500","","","","","","32500",""," "
"8367","建新國際","","","","11","11","23043","","","","","","23043",""," "
"8374","羅昇","49","189","12","1710","1558","22312","1","","","4","3","22312",""," "
"8404","百和興業-KY","2","38","6","3817","3775","104983","","","","","","104983","","X "
"8411","福貞-KY","","","","16","16","54601","","","","","","54601",""," "
"8422","可寧衛*","170","1972","50","27220","25368","339690","1","19","1","62","79","339690",""," "
"8429","金麗-KY","110","22","","13715","13803","46436","","","","28","28","46436",""," "
"8438","昶昕","285","1492","1","4532","3324","17485","","","","","","17485",""," "
"8442","威宏-KY","15","11","","749","753","17542","","","","20","20","17542",""," "
"8443","阿瘦","","","","28","28","","","","","","","","","OX "
"8454","富邦媒","115","71","6","1408","1446","66243","","5","","52","57","66243","1"," "
"8462","柏文","23","11","","1100","1112","20096","","3","","2","5","20096",""," "
"8463","潤泰材","","2","","122","120","37500","","","","","","37500",""," "
"8464","億豐","","6","","65","59","73255","","1","","","1","73255",""," "
"8466","美吉吉-KY","14","14","","1286","1286","19956","","","","","","19956",""," "
"8467","波力-KY","","4","","245","241","12093","","","","","","12093","","X "
"8473","山林水","20","268","1","2461","2212","42907","","9","","24","33","42907",""," "
"8476","台境*","120","125","1","18288","18282","41556","1","1","105","485","380","41556",""," "
"8478","東哥遊艇","19","27","","1124","1116","23493","","","","","","23493",""," "
"8481","政伸","","","","5","5","16650","","","","","","16650",""," "
"8482","商億-KY","","","","160","160","26861","","","","","","26861",""," "
"8487","愛爾達-創","1","4","","37","34","6633","","","","","","6633",""," "
"8488","吉源-KY","","","","20","20","18375","","","","","","18375",""," "
"8499","鼎炫-KY","","8","","579","571","10291","","","","","","10291",""," "
"8926","台汽電","226","864","31","7415","6746","207570","4","23","","78","97","207570","7"," "
"8940","新天地","1","27","","104","78","16872","","","","","","16872",""," "
"8996","高力","308","467","18","4320","4143","23375","35","14","","111","90","23375","6"," "
"9103","美德醫療-DR","52","111","","3670","3611","51382","30","1","","99","70","51382","7"," "
"910322","康師傅-DR","","","","","","","","","","","","","","OX "
"9105","泰金寶-DR","975","2049","26","47576","46476","410245","48","21","","405","378","410245","19"," "
"910861","神州-DR","","","","","","","","","","","","","","OX "
"911868","同方友友-DR","","","","","","","","","","","","","","OX "
"912000","晨訊科-DR","145","","","16491","16636","39823","","","","","","39823",""," "
"9136","巨騰-DR","226","859","1","13630","12996","33933","150","","","150","","33933",""," "
"9802","鈺齊-KY","14","114","2","2267","2165","50247","","16","","8","24","50247",""," "
"9902","台火","8","48","","3249","3209","24512","","","","1","1","24512",""," "
"9904","寶成","767","1215","12","25118","24658","736696","6","12","","11","17","736696","1"," "
"9905","大華","","","","24","24","76250","","","","","","76250",""," "
"9906","欣巴巴","2","9","","429","422","22594","4","","","4","","22594",""," "
"9907","統一實","25","44","","4000","3981","394786","","","","2","2","394786",""," "
"9908","大台北","4","2","","127","129","129089","","","","","","129089",""," "
"9910","豐泰","63","222","","2377","2218","246870","1","9","","7","15","246870",""," "
"9911","櫻花","6","8","","394","392","55597","","","","","","55597",""," "
"9912","偉聯","","","","","","","","","","","","","","OX "
"9914","美利達","92","80","","2634","2646","74745","","12","","44","56","74745","1"," "
"9917","中保科","","40","","94","54","112799","","","","","","112799",""," "
"9918","欣天然","","3","","112","109","45134","","","","","","45134",""," "
"9919","康那香","55","61","","8288","8282","48840","2","","","7","5","48840",""," "
"9921","巨大","119","196","","1895","1818","98016","2","31","","176","205","98016",""," "
"9924","福興","3","","","728","731","37690","","","","","","37690",""," "
"9925","新保","","1","","3","2","96872","","","","","","96872",""," "
"9926","新海","3","4","","13","12","44876","","","","","","44876",""," "
"9927","泰銘","","1","","58","57","30000","","","","","","30000",""," "
"9928","中視","16","47","","471","440","15481","","","","","","15481",""," "
"9929","秋雨","","","","","","","","","","","","","","OX "
"9930","中聯資源","1","","","19","20","62135","","","","","","62135",""," "
"9931","欣高","","6","","73","67","30092","","","","","","30092",""," "
"9933","中鼎","229","237","","4031","4023","224834","3","1","","3","1","224834",""," "
"9934","成霖","37","23","","5731","5745","102754","2","","","6","4","102754",""," "
"9935","慶豐富","12","35","","1232","1209","44459","","","","","","44459",""," "
"9937","全國","3","11","","127","119","77260","","","","","","77260",""," "
"9938","百和","14","244","4","3483","3249","74490","2","","","2","","74490","","X "
"9939","宏全","22","75","","1209","1156","73946","1","1","","1","1","73946",""," "
"9940","信義","10","2","","1244","1252","184211","","","","","","184211",""," "
"9941","裕融","15","81","2","985","917","143909","","","","3","3","143909",""," "
"9942","茂順","3","16","","40","27","20790","","","","","","20790",""," "
"9943","好樂迪","","11","","81","70","31292","","","","","","31292",""," "
"9944","新麗","11","10","","5520","5521","26477","","4","","","4","26477",""," "
"9945","潤泰新","282","219","150","20941","20854","711056","","12","","69","81","711056","1"," "
"9946","三發地產","74","17","","1086","1143","81638","","","","","","81638",""," "
"9955","佳龍","9","182","1","1203","1029","26108","","","","","","26108",""," "
"9958","世紀鋼","101","576","7","8801","8319","61724","","","","5","5","61724","1"," "
