股票代號,股票名稱,融資買進,融資賣出,融資現金償還,融資前日餘額,融資今日餘額,融資限額,融券買進,融券賣出,融券現券償還,融券前日餘額,融券今日餘額,融券限額,資券互抵,註記
"00400A","主動國泰動能高息","3862","1192","5","10971","13636","542410","","","2","2","","542410","","X "
"00401A","主動摩根台灣鑫收","52","9","","1314","1357","58848","","1","","1","2","58848",""," "
"00402A","主動安聯美國科技","4","119","","2386","2271","185281","","","","1","1","185281","5"," "
"00403A","主動統一升級50","35559","13632","351","143191","164767","4570629","292","177","6","1603","1482","4570629","286"," "
"00404A","主動聯博動能50","178","131","","2108","2155","92573","1","","","1","","92573",""," "
"00405A","主動富邦台灣龍耀","9128","3728","79","35762","41083","918186","282","87","","894","699","918186","109"," "
"00406A","主動中信台灣收益","3161","2462","5","15430","16124","447265","","6","","","6","447265","49"," "
"00407A","主動凱基台灣","2618","2731","","37475","37362","808684","18","29","","114","125","808684","1"," "
"00408A","主動第一金優股息","5","11","","256","250","42783","","","","","","42783",""," "
"00410A","主動永豐科技趨勢","","","","","","70590","","","","","","70590",""," "
"0050","元大台灣50","6158","6386","70","33974","33676","5621750","149","404","","585","840","5621750","338"," "
"0051","元大中型100","","","","6","6","6125","","","","","","6125",""," "
"0052","富邦科技","709","791","30","12872","12760","676750","14","18","","67","71","676750","5"," "
"0053","元大電子","3","","","14","17","1372","","","","","","1372",""," "
"0055","元大MSCI金融","19","9","","51","61","22413","","","","","","22413",""," "
"0056","元大高股息","508","873","26","9655","9264","3589508","52","141","","84","173","3589508","2"," "
"0057","富邦摩台","","","","","","381","","","","","","381",""," "
"0061","元大寶滬深","","","","13","13","24154","","","","","","24154",""," "
"006203","元大MSCI台灣","","","","","","2554","","","","","","2554",""," "
"006204","永豐臺灣加權","","","","","","375","","","","","","375",""," "
"006205","富邦上証","","3","","68","65","23734","","","","1","1","23734",""," "
"006206","元大上證50","","","","8","8","6819","","","","","","6819",""," "
"006207","復華滬深","","","","2","2","5223","","","","","","5223",""," "
"006208","富邦台50","42","41","","472","473","466510","","1","","1","2","466510",""," "
"00631L","元大台灣50正2","45888","41163","241","283412","287896","1980837","3982","7133","","12849","16000","1980837","2509"," "
"00632R","元大台灣50反1","41357","28447","108","230312","243114","525426","7349","260","","19241","12152","525426","857"," "
"00633L","富邦上証正2","59","380","","8090","7769","29614","9","8","","751","750","29614","9"," "
"00634R","富邦上証反1","11","56","","2261","2216","11814","","","","17","17","11814",""," "
"00635U","期元大S&P黃金","47","151","","6623","6519","75503","6","","","239","233","75503",""," "
"00636","國泰中國A50","","","","164","164","23956","","","","","","23956",""," "
"00637L","元大滬深300正2","575","2890","37","88925","86573","185526","15","23","","7011","7019","185526","45"," "
"00638R","元大滬深300反1","100","1","","786","885","6112","","","","4","4","6112","1"," "
"00639","富邦深100","20","41","","366","345","24350","","","","8","8","24350",""," "
"00640L","富邦日本正2","8","4","","149","153","1729","","","","36","36","1729",""," "
"00641R","富邦日本反1","75","143","","10547","10479","20189","","15","","512","527","20189",""," "
"00642U","期元大S&P石油","149","193","","3384","3340","22205","32","7","","750","725","22205",""," "
"00643","群益深証中小","","","","440","440","18250","","","","","","18250",""," "
"00645","富邦日本","1","10","","30","21","10874","","","","","","10874",""," "
"00646","元大S&P500","4","21","","79","62","142746","","","","2","2","142746",""," "
"00647L","元大S&P500正2","1","1","","30","30","1604","","","","","","1604",""," "
"00648R","元大S&P500反1","962","3536","1","14916","12341","35547","","","","115","115","35547","350"," "
"00650L","復華香港正2","361","366","","10991","10986","26084","4","34","","1367","1397","26084",""," "
"00651R","復華香港反1","3","","","1546","1549","8048","15","","","71","56","8048",""," "
"00652","富邦印度","1","1","","33","33","16133","","","","","","16133",""," "
"00653L","富邦印度正2","3","3","3","2319","2316","3600","","","","1","1","3600","","@ "
"00654R","富邦印度反1","","6","","645","639","4866","15","","","80","65","4866",""," "
"00655L","國泰中國A50正2","27","77","","2017","1967","14489","2","2","","212","212","14489","1"," "
"00656R","國泰中國A50反1","","","","164","164","5089","1","","","1","","5089",""," "
"00657","國泰日經225","","","","","","1646","","","","","","1646",""," "
"00660","元大歐洲50","6","","","","6","1882","","","","","","1882",""," "
"00661","元大日經225","","","","18","18","5856","","","","","","5856",""," "
"00662","富邦NASDAQ","3","6","","1253","1250","217507","1","","","7","6","217507",""," "
"00663L","國泰臺灣加權正2","1926","1346","1","11618","12197","43915","700","543","","1644","1487","43915","40"," "
"00664R","國泰臺灣加權反1","7354","3638","28","60461","64149","179643","682","40","","1377","735","179643","633"," "
"00665L","富邦恒生國企正2","1018","2275","20","56372","55095","104991","114","69","","1998","1953","104991","15"," "
"00666R","富邦恒生國企反1","25","1","","702","726","3656","","","","12","12","3656",""," "
"00668","國泰美國道瓊","","","","12","12","1870","","","","","","1870",""," "
"00669R","國泰美國道瓊反1","92","499","","14288","13881","51279","1","","","68","67","51279",""," "
"00670L","富邦NASDAQ正2","99","38","","1144","1205","19036","8","7","","135","134","19036","1"," "
"00671R","富邦NASDAQ反1","","120","","123423","123303","133971","84","90","","2342","2348","133971","","O "
"00673R","期元大S&P原油反1","1497","3574","","54123","52046","137887","3","27","","239","263","137887","6"," "
"00674R","期元大S&P黃金反1","","11","","185","174","3855","1","","","18","17","3855",""," "
"00675L","富邦臺灣加權正2","218","332","3","3388","3271","28946","77","94","1","297","313","28946","14"," "
"00676R","富邦臺灣加權反1","2972","540","","16835","19267","40333","374","","","909","535","40333","11"," "
"00678","群益那斯達克生技","","2","","29","27","2112","","","","","","2112",""," "
"00680L","元大美債20正2","775","874","2","65140","65039","372394","5","6","","120","121","372394",""," "
"00681R","元大美債20反1","","","","4","4","1898","","","","","","1898",""," "
"00682U","期元大美元指數","","","","44","44","1911","","","","","","1911",""," "
"00683L","期元大美元指正2","","","","82","82","2858","","","","","","2858",""," "
"00684R","期元大美元指反1","","","","21","21","2422","","","","","","2422",""," "
"00685L","群益臺灣加權正2","27549","42966","89","225928","210422","1703834","4503","3618","10","8093","7198","1703834","1352"," "
"00686R","群益臺灣加權反1","2482","6940","","16795","12337","52444","32","","","105","73","52444","180"," "
"00688L","國泰20年美債正2","562","55","","28128","28635","158278","1","","","6","5","158278",""," "
"00689R","國泰20年美債反1","","","","","","1722","","","","","","1722","","X "
"00690","兆豐藍籌30","7","4","","84","87","21082","","","","","","21082",""," "
"00692","富邦公司治理","","2","","103","101","153820","","","","","","153820",""," "
"00693U","期街口S&P黃豆","23","19","","1911","1915","19041","","","","7","7","19041",""," "
"00700","富邦恒生國企","","3","","165","162","8745","","","","","","8745",""," "
"00701","國泰股利精選30","","5","","20","15","42722","","","","","","42722",""," "
"00702","國泰標普低波高息","","","","","","1672","","","","","","1672","","X "
"00703","台新MSCI中國","","","","1","1","2387","","","","","","2387",""," "
"00706L","期元大S&P日圓正2","51","808","","5220","4463","37067","2","79","","277","354","37067",""," "
"00707R","期元大S&P日圓反1","","","","","","1463","","","","","","1463","","X "
"00708L","期元大S&P黃金正2","279","488","","10652","10443","31893","11","2","1","556","546","31893",""," "
"00709","富邦歐洲","","","","2","2","3865","","","","","","3865",""," "
"00710B","復華彭博非投等債","","","","10","10","45190","","","","","","45190",""," "
"00711B","復華彭博新興債","","","","3","3","217940","","","","","","217940",""," "
"00712","復華富時不動產","228","48","","13098","13278","1238377","18","10","","34","26","1238377",""," "
"00713","元大台灣高息低波","9","67","","326","268","429253","","","","","","429253",""," "
"00714","群益道瓊美國地產","","","","31","31","5266","","","","","","5266",""," "
"00715L","期街口布蘭特正2","745","828","","11671","11588","26547","145","63","","4484","4402","26547",""," "
"00717","富邦美國特別股","","40","","41","1","30651","","","","","","30651",""," "
"00728","第一金工業30","","1","","4","3","9730","","","","","","9730",""," "
"00730","富邦臺灣優質高息","10","1","","3","12","17511","","","","","","17511",""," "
"00731","復華富時高息低波","","1","","3","2","5275","","","","","","5275",""," "
"00733","富邦臺灣中小","154","16","","85","223","16866","","","","","","16866","1"," "
"00735","國泰臺韓科技","1185","370","2","5061","5874","31197","12","15","","424","427","31197","16"," "
"00736","國泰新興市場","3","","","","3","1681","","","","","","1681",""," "
"00737","國泰AI機器人","4","","","52","56","5634","","","","","","5634",""," "
"00738U","期元大道瓊白銀","90","148","31","12834","12745","61324","5","18","","417","430","61324","1"," "
"00739","元大MSCI A股","","","","","","6497","","","","","","6497",""," "
"00752","中信中國50","5","76","","408","337","65679","2","","","18","16","65679","5"," "
"00753L","中信中國50正2","939","1554","24","78711","78072","174289","55","28","4","1280","1249","174289","93"," "
"00757","統一FANG+","21","13","","201","209","67873","","","","3","3","67873","5"," "
"00762","元大全球AI","6","","","65","71","12062","","","","","","12062",""," "
"00763U","期街口道瓊銅","112","17","","1443","1538","11016","","29","","94","123","11016",""," "
"00770","國泰北美科技","","","","23","23","19864","","","","","","19864",""," "
"00771","元大US高息特別股","","","","1","1","3556","","","","","","3556",""," "
"00775B","台新投等債15+","","","","","","58025","","","","","","58025","","X "
"00783","富邦中証500","","","","349","349","1757","","","","","","1757",""," "
"00830","國泰費城半導體","1408","378","16","4782","5796","202116","45","8","","326","289","202116","32"," "
"00850","元大臺灣ESG永續","","1","","16","15","104236","","","","","","104236",""," "
"00851","台新全球AI","","","","2","2","1381","","","","","","1381",""," "
"00852L","國泰美國道瓊正2","","5","","36","31","2091","","","","54","54","2091","","X "
"00861","元大全球未來通訊","","","","32","32","17478","","","","","","17478",""," "
"00865B","國泰US短期公債","","219","","225","6","69436","","","","","","69436",""," "
"00875","國泰網路資安","1","","","1","2","3372","","","","","","3372",""," "
"00876","元大全球5G","","4","","9","5","23506","","","","","","23506",""," "
"00878","國泰永續高股息","234","521","23","3745","3435","4603447","89","2","","103","16","4603447",""," "
"00881","國泰台灣科技龍頭","379","230","","1597","1746","618850","2","","","2","","618850",""," "
"00882","中信中國高股息","196","90","","2421","2527","493087","15","","","28","13","493087",""," "
"00885","富邦越南","42","59","","891","874","153059","","","","126","126","153059",""," "
"00891","中信關鍵半導體","438","254","","5333","5517","439272","2","","","18","16","439272","3"," "
"00892","富邦台灣半導體","137","21","","1984","2100","82948","9","","","23","14","82948",""," "
"00893","國泰智能電動車","","4","","75","71","89971","","","","18","18","89971",""," "
"00894","中信小資高價30","25","10","1","599","613","37252","","1","","","1","37252","1"," "
"00895","富邦未來車","1","","","70","71","36729","","","","8","8","36729",""," "
"00896","中信綠能及電動車","4","23","","1764","1745","98470","2","","","2","","98470","1"," "
"00897","富邦基因免疫生技","","1","","147","146","35628","","","","","","35628",""," "
"00898","國泰基因免疫革命","","","","40","40","35119","","","","","","35119",""," "
"00899","FT潔淨能源","","1","","64","63","4033","","","","","","4033",""," "
"00900","富邦特選高股息30","28","8","","342","362","401131","","","","1","1","401131","8"," "
"00901","永豐智能車供應鏈","","","","3","3","15837","","","","","","15837",""," "
"00902","中信電池及儲能","28","2","","2481","2507","56874","2","","","9","7","56874",""," "
"00903","富邦元宇宙","","2","","25","23","12305","","","","","","12305",""," "
"00904","台新臺灣半導體30","12","21","","447","438","41528","","","","6","6","41528",""," "
"00905","FT臺灣Smart","14","8","","448","454","90706","","","","","","90706",""," "
"00907","永豐優息存股","2","285","","836","553","38408","","","","","","38408",""," "
"00908","富邦入息REITs+","","","","10","10","8854","","","","","","8854",""," "
"00909","國泰數位支付服務","7","21","","990","976","26301","","1","","3","4","26301",""," "
"00910","第一金太空衛星","76","33","2","1906","1947","31609","1","","","2","1","31609",""," "
"00911","兆豐洲際半導體","29","7","","174","196","7475","","","","1","1","7475",""," "
"00912","中信臺灣智慧50","10","2","","170","178","15313","","","","","","15313",""," "
"00913","兆豐台灣晶圓製造","59","12","2","1190","1235","12566","","1","","5","6","12566",""," "
"00915","凱基優選高股息30","1","","","34","35","130245","","","","","","130245",""," "
"00916","國泰全球品牌50","","","","543","543","29354","","","","","","29354",""," "
"00917","中信特選金融","","2","","92","90","15369","","","","","","15369",""," "
"00918","大華優利高填息30","298","628","10","5302","4962","865191","9","16","","19","26","865191","5"," "
"00919","群益台灣精選高息","517","1089","10","10536","9954","4549533","256","57","","468","269","4549533","5"," "
"00920","富邦ESG綠色電力","","","","19","19","5070","","","","","","5070",""," "
"00921","兆豐龍頭等權重","","","","21","21","13942","","","","","","13942",""," "
"00922","國泰台灣領袖50","66","247","50","1725","1494","539171","","","","1","1","539171","1"," "
"00923","群益台ESG低碳50","22","20","","211","213","215855","","","","","","215855",""," "
"00924","復華S&P500成長","","1","","101","100","108775","","","","","","108775",""," "
"00926","凱基全球菁英55","","","","21","21","23870","","","","","","23870",""," "
"00927","群益半導體收益","798","230","3","12835","13400","342724","6","34","","23","51","342724","8"," "
"00929","復華台灣科技優息","174","337","70","6921","6688","1206284","","10","","9","19","1206284","14"," "
"00930","永豐ESG低碳高息","","","","102","102","32819","","","","","","32819",""," "
"00932","兆豐永續高息等權","","","","72","72","29820","","","","","","29820",""," "
"00934","中信成長高股息","109","6","","638","741","106756","","","","","","106756",""," "
"00935","野村臺灣新科技50","550","117","3","6111","6541","219626","3","1","","25","23","219626","2"," "
"00936","台新永續高息中小","","","","5","5","51449","","","","","","51449",""," "
"00938","凱基優選30","","2","","4","2","24504","","","","","","24504",""," "
"00939","統一台灣高息動能","26","62","","197","161","296119","","","","","","296119",""," "
"00940","元大台灣價值高息","22","105","","1849","1766","1358591","35","","","41","6","1358591",""," "
"00941","中信上游半導體","42","","","189","231","114197","","","","","","114197",""," "
"00943","兆豐電子高息等權","","","","24","24","10347","","","","","","10347",""," "
"00944","野村趨勢動能高息","","","","6","6","13520","","","","","","13520",""," "
"00945B","凱基美國非投等債","","30","","261","231","198079","","","","","","198079",""," "
"00946","群益科技高息成長","5","1","1","536","539","115186","","","","","","115186","","X "
"00947","台新臺灣IC設計","2038","214","3","5025","6846","77216","20","37","","115","132","77216","2"," "
"00949","復華日本龍頭","5","4","","114","115","43107","","","","","","43107",""," "
"00951","台新日本半導體","104","66","","1403","1441","56385","1","2","","3","4","56385",""," "
"00952","凱基台灣AI50","95","2","","1449","1542","61693","","2","","","2","61693",""," "
"00953B","群益優選非投等債","1557","2118","","120522","119961","1034043","","","","","","1034043","","X "
"00954","中信日本半導體","122","88","","2250","2284","30186","","1","","","1","30186",""," "
"00956","中信日經高股息","3","5","","75","73","8532","","","","","","8532",""," "
"00960","野村全球航運龍頭","1","","","74","75","14123","","","","","","14123",""," "
"00961","FT臺灣永續高息","221","614","","2791","2398","112127","","","","","","112127",""," "
"00962","台新AI優息動能","","","","80","80","13605","","","","","","13605",""," "
"00963","中信全球高股息","3","","","28","31","25858","","","","","","25858",""," "
"00964","中信亞太高股息","22","","","51","73","17656","","","","","","17656",""," "
"00965","元大航太防衛科技","1","10","","1729","1720","109623","","","","41","41","109623",""," "
"00971","野村美國研發龍頭","","10","","24","14","14294","","","","","","14294",""," "
"00972","野村日本動能高息","4","","","22","26","4168","","","","","","4168",""," "
"009800","中信NASDAQ","133","3","","1467","1597","71972","","","","19","19","71972",""," "
"009801","中信美國創新科技","","2","","24","22","24404","","","","","","24404",""," "
"009802","富邦旗艦50","57","59","","946","944","132873","","10","","3","13","132873",""," "
"009803","玉山市值動能50","143","47","","456","552","48082","","","","11","11","48082",""," "
"009804","聯邦台精彩50","16","35","10","860","831","39348","","27","","8","35","39348",""," "
"009805","台新美國電力基建","9","","","15937","15946","153329","","","","","","153329",""," "
"009808","華南永昌優選50","","","","12","12","10252","","","","","","10252",""," "
"009809","富邦淨零ESG50","","","","3","3","8215","","","","","","8215",""," "
"00980A","主動野村臺灣優選","1073","197","1","2875","3750","196682","","1","","10","11","196682","1"," "
"009810","玉山全球藍籌100","","","","2","2","4788","","","","","","4788",""," "
"009811","統一美國50","1","","","75","76","61612","","","","35","35","61612",""," "
"009812","野村日本東證","1","1","","3","3","24470","","","","","","24470",""," "
"009813","貝萊德標普卓越50","","1","","69","68","85331","","","","","","85331",""," "
"009816","凱基台灣TOP50","3316","7012","88","39249","35465","3054586","60","271","4","314","521","3054586","15"," "
"009817","國泰日本不動產","","24","","73","49","57859","","","","","","57859",""," "
"009818","華南永昌NASDAQxT","","","","12","12","12788","","","","","","12788",""," "
"009819","中信數據及電力","83","182","","5013","4914","168061","","","","13","13","168061",""," "
"00981A","主動統一台股增長","146306","9689","94","184864","321387","2783552","2134","1621","3","6081","5565","2783552","250"," "
"00981T","平衡凱基雙核收息","50","5","","37","82","56815","","","","","","56815",""," "
"009820","元大納斯達克精選","1","33","","2993","2961","318925","","","","5","5","318925",""," "
"009821","野村稀土關鍵資源","8","128","","9015","8895","178210","1","","","3","2","178210",""," "
"009824","群益美國科技巨頭","99","12","","1980","2067","163586","","","","6","6","163586",""," "
"009826","貝萊德世界股票","","","","","","95451","","","","","","95451",""," "
"00982A","主動群益台灣強棒","1524","1704","2","10169","9987","576609","","8","","16","24","576609","2"," "
"00982D","主動富邦動態入息","","","","128","128","18307","","","","","","18307",""," "
"00982T","平衡兆豐台美動能","","","","","","4649","","","","","","4649",""," "
"00983A","主動中信ARK創新","11","4","","446","453","24921","","","","6","6","24921",""," "
"00983D","主動富邦複合收益","","","","121","121","25424","","","","","","25424",""," "
"00984A","主動安聯台灣高息","50","31","","2018","2037","164739","","1","","1","2","164739",""," "
"00984D","主動聯博全球非投","4066","23","130","6235","10148","166139","","","","","","166139",""," "
"00985A","主動野村台灣50","48","11","","1174","1211","119072","","2","","47","49","119072",""," "
"00985B","群益ESG投等債0-5","","","","245","245","150625","","","","","","150625","","X "
"00986A","主動台新龍頭成長","4","12","","91","83","10331","","","","","","10331",""," "
"00987A","主動台新優勢成長","275","113","","2170","2332","44535","","2","","1","3","44535",""," "
"00988A","主動統一全球創新","12570","4014","65","64448","72939","858484","36","135","","103","202","858484","23"," "
"00989A","主動摩根美國科技","","","","157","157","18279","","","","","","18279",""," "
"00990A","主動元大AI新經濟","2007","1090","29","20518","21406","616880","12","252","","54","294","616880","35"," "
"00991A","主動復華未來50","161526","1946","41","138311","297850","1415729","292","231","","1644","1583","1415729","503"," "
"00991B","貝萊德A級公司債","","","","","","55707","","","","","","55707",""," "
"00992A","主動群益科技創新","5409","812","","15187","19784","643863","199","41","","220","62","643863","77"," "
"00993A","主動安聯台灣","236","109","","1589","1716","197522","","1","","23","24","197522",""," "
"00994A","主動第一金台股優","236","346","","2035","1925","76672","1","","","53","52","76672","1"," "
"00995A","主動中信台灣卓越","802","35","","1915","2682","80508","","","","1","1","80508",""," "
"00996A","主動兆豐台灣豐收","612","76","6","2087","2617","81224","2","2","","6","6","81224",""," "
"00997A","主動群益美國增長","197","994","","11911","11114","317219","","1","","","1","317219","5"," "
"00999A","主動野村臺灣高息","12","50","","3010","2972","298629","","1","","1","2","298629",""," "
"1101","台泥","1427","1397","50","31139","31119","1880795","3","123","","71","191","1880795",""," "
"1102","亞泥","116","27","","1232","1321","886640","5","1","","7","3","886640",""," "
"1103","嘉泥","58","26","","4055","4087","208218","","","","1","1","208218",""," "
"1104","環泥","22","14","","1658","1666","171670","","6","","","6","171670",""," "
"1108","幸福","","","","417","417","101184","","","","44","44","101184",""," "
"1109","信大","","5","","270","265","85289","","","","1","1","85289",""," "
"1110","東泥","28","50","","2653","2631","143000","1","","","1","","143000",""," "
"1201","味全","15","51","","1445","1409","126515","","5","","","5","126515",""," "
"1203","味王","","2","","25","23","60000","","","","","","60000",""," "
"1210","大成","199","8","","573","764","223691","","","","","","223691","","X "
"1213","大飲","","","","","","","","","","","","","","OX "
"1215","卜蜂","36","4","7","396","421","73697","","","","31","31","73697",""," "
"1216","統一","246","43","","484","687","1420503","","1","","1","2","1420503","16"," "
"1217","愛之味","197","30","","1162","1329","123628","","","","9","9","123628",""," "
"1218","泰山","170","8","5","1772","1929","124999","7","","","138","131","124999",""," "
"1219","福壽","8","3","","200","205","85309","102","","","103","1","85309",""," "
"1220","台榮","","4","","875","871","44269","","","","18","18","44269",""," "
"1225","福懋油","7","","","6798","6805","60567","","","","8","8","60567",""," "
"1227","佳格","44","30","","966","980","228772","","","","3","3","228772",""," "
"1229","聯華","73","59","","2982","2996","448990","4","8","","13","17","448990",""," "
"1231","聯華食","4","8","","256","252","74613","","","","","","74613",""," "
"1232","大統益","8","19","","171","160","39993","","","","","","39993",""," "
"1233","天仁","","2","","24","22","22647","","","","","","22647",""," "
"1234","黑松","1","1","","16","16","100467","","","","","","100467",""," "
"1235","興泰","","","","1155","1155","47144","","","","","","47144",""," "
"1236","宏亞","","","","184","184","21668","","","","","","21668",""," "
"1256","鮮活果汁-KY","4","3","","248","249","8943","1","1","","2","2","8943",""," "
"1301","台塑","2488","1144","56","21216","22504","1591435","97","47","1","251","200","1591435","10"," "
"1303","南亞","3101","499","28","31231","33805","1982705","13","157","","2869","3013","1982705",""," "
"1304","台聚","140","457","3","10835","10515","297190","11","42","","136","167","297190",""," "
"1305","華夏","266","127","2","6575","6712","145262","1","4","","61","64","145262",""," "
"1307","三芳","2","53","","1361","1310","99454","","","","","","99454",""," "
"1308","亞聚","108","61","5","6040","6082","148435","2","1","","57","56","148435",""," "
"1309","台達化","256","75","2","6864","7043","99396","3","4","","78","79","99396",""," "
"1310","台苯","219","306","1","12206","12118","131967","30","77","","48","95","131967","2"," "
"1312","國喬","1156","283","102","32659","33430","376655","19","27","","177","185","376655","10"," "
"1313","聯成","328","100","","11938","12166","337711","3","3","","99","99","337711",""," "
"1314","中石化","7492","6794","11","74713","75400","946212","53","","","188","135","946212","6"," "
"1315","達新","1","","","12","13","24774","","","","","","24774",""," "
"1316","上曜","38","52","1","9832","9817","93986","1","","","144","143","93986",""," "
"1319","東陽","149","71","2","6916","6992","147869","3","1","","23","21","147869",""," "
"1321","大洋","6","6","","7144","7144","56807","","1","","","1","56807",""," "
"1323","永裕","","1","","73","72","22818","","","","","","22818",""," "
"1324","地球","","5","","1272","1267","18780","","","","","","18780",""," "
"1325","恆大","26","55","","2276","2247","21320","1","","","75","74","21320",""," "
"1326","台化","2731","2115","27","32392","32981","1465296","117","26","","531","440","1465296","55"," "
"1337","再生-KY","12","2","","21389","21399","67238","","","","","","67238",""," "
"1338","廣華-KY","5","","6","3884","3883","20960","","","","","","20960",""," "
"1339","昭輝","2","2","","885","885","18534","","","","","","18534",""," "
"1340","勝悅-KY","20","","","1003","1023","38230","","","","","","38230",""," "
"1342","八貫","115","82","","616","649","19500","","3","","","3","19500","1"," "
"1402","遠東新","114","20","","6335","6429","1338218","1","15","","20","34","1338218",""," "
"1409","新纖","947","218","4","21889","22614","404602","70","9","","150","89","404602","1"," "
"1410","南染","","3","","244","241","15500","","","","","","15500",""," "
"1413","宏洲","","","","","","","","","","","","","","OX "
"1414","東和","31","39","","990","982","49500","","","","","","49500",""," "
"1416","廣豐","8","","","3246","3254","46335","","","","","","46335",""," "
"1417","嘉裕","12","","","1981","1993","47485","2","","","2","","47485",""," "
"1418","東華","","","","777","777","11708","","","","","","11708",""," "
"1419","新紡","1","10","","1251","1242","75010","","","","","","75010","","X "
"1423","利華","","","","87","87","24912","","","","","","24912",""," "
"1432","大魯閣","1","3","","135","133","22500","","","","38","38","22500",""," "
"1434","福懋","345","167","1","7262","7439","421166","","2","","1","3","421166",""," "
"1435","中福","","","","","","","","","","","","","","OX "
"1436","華友聯","1","4","","942","939","48537","","","","35","35","48537",""," "
"1437","勤益控","109","11","","2746","2844","50467","","","","","","50467","","X "
"1438","三地開發","3","3","","140","140","22801","","","","","","22801",""," "
"1439","雋揚","11","10","","1042","1043","23000","","","","","","23000","","X "
"1440","南紡","108","119","","5310","5299","414203","1","","","6","5","414203",""," "
"1441","大東","","","","","","","","","","","","","","OX "
"1442","名軒","58","43","","2711","2726","91552","","","","8","8","91552",""," "
"1443","立益物流","","","","8","8","33835","","","","","","33835",""," "
"1444","力麗","","","","568","568","","","","","","","","","OX "
"1445","大宇","","","","1354","1354","32666","20","","","21","1","32666",""," "
"1446","宏和","40","27","","1441","1454","34427","2","","","4","2","34427",""," "
"1447","力鵬","","","","793","793","","","","","","","","","OX "
"1449","佳和","21","26","","3208","3203","31778","","","","5","5","31778","1"," "
"1451","年興","","","","570","570","49500","","","","","","49500",""," "
"1452","宏益","","","","109","109","33160","","","","","","33160",""," "
"1453","大將","","2","","1032","1030","28310","","","","4","4","28310",""," "
"1454","台富","","","","2172","2172","32458","","","","","","32458",""," "
"1455","集盛","38","16","","3049","3071","132922","1","","","1","","132922",""," "
"1456","怡華","17","","","741","758","23430","","","","","","23430",""," "
"1457","宜進","","","","665","665","79182","","","","1","1","79182",""," "
"1459","聯發","","","","437","437","67242","","","","","","67242",""," "
"1460","宏遠","","","","","","","","","","","","","","OX "
"1463","強盛新","22","","","316","338","43317","1","","","1","","43317",""," "
"1464","得力","91","54","2","1954","1989","106393","","","","","","106393",""," "
"1465","偉全","25","4","","3242","3263","25901","","","","","","25901",""," "
"1466","聚隆","78","16","","3251","3313","27789","2","","","13","11","27789",""," "
"1467","南緯","97","334","","6732","6495","42052","2","2","","16","16","42052",""," "
"1468","昶和","","","","","","","","","","","","","","OX "
"1470","大統新創","","","","5","5","21441","","","","","","21441",""," "
"1471","首利","","","","","","","","","","","","","","OX "
"1472","三洋實業","80","80","","3882","3882","8747","","","","2","2","8747",""," "
"1473","台南","","","","771","771","36538","","","","","","36538",""," "
"1474","弘裕","","","","3353","3353","32474","","","","","","32474","","X "
"1475","業旺","2","","","462","464","16504","","","","","","16504",""," "
"1476","儒鴻","43","34","","730","739","68591","8","10","","23","25","68591","1"," "
"1477","聚陽","49","56","","1406","1399","61673","8","11","","8","11","61673","1"," "
"1503","士電","46","53","10","2825","2808","130243","15","8","","41","34","130243",""," "
"1504","東元","112","486","8","28287","27905","594110","24","16","","79","71","594110","2"," "
"1506","正道","","","","","","","","","","","","","","OX "
"1512","瑞利","","","","","","","","","","","","","","OX "
"1513","中興電","121","119","2","7657","7657","125778","3","6","","21","24","125778","1"," "
"1514","亞力","102","124","12","6130","6096","68277","2","4","","7","9","68277","17"," "
"1515","力山","4","48","","2127","2083","45368","117","1","","216","100","45368","57"," "
"1516","川飛","","","","2","2","","","","","","","","","OX "
"1517","利奇","39","19","","2248","2268","55000","1","","","4","3","55000",""," "
"1519","華城","73","121","13","2901","2840","78970","","","1","1","","78970","","X "
"1521","大億","2","3","","448","447","19057","","","","","","19057",""," "
"1522","堤維西","1","13","1","3953","3940","78224","1","1","","42","42","78224",""," "
"1524","耿鼎","5","15","1","3792","3781","41327","1","2","","16","17","41327",""," "
"1525","江申","","1","","239","238","18350","","","","","","18350",""," "
"1526","日馳","95","87","","757","765","15000","4","13","6","31","34","15000",""," "
"1527","鑽全","15","15","","558","558","34642","","","","","","34642",""," "
"1528","恩德","48","84","","5767","5731","47832","7","","","48","41","47832",""," "
"1529","樂事綠能","66","8","","2648","2706","38773","","19","","663","682","38773","2"," "
"1530","亞崴","2","12","","271","261","23648","","","","","","23648",""," "
"1531","高林股","39","8","","1671","1702","45527","","","","4","4","45527",""," "
"1532","勤美","66","1","","2867","2932","105651","","","","","","105651","6"," "
"1533","車王電","9","3","","500","506","24636","","","","2","2","24636",""," "
"1535","中宇","","","","59","59","30935","","","","","","30935",""," "
"1536","和大","45","47","2","7733","7729","69739","20","2","","226","208","69739",""," "
"1537","廣隆","","","","55","55","20515","","","","","","20515",""," "
"1538","正峰","","","","","","","","","","","","","","OX "
"1539","巨庭","1","1","","1335","1335","16342","","","","","","16342",""," "
"1540","喬福","1","4","5","1528","1520","21368","","","","11","11","21368",""," "
"1541","錩泰","2","1","","102","103","19700","","","","","","19700",""," "
"1558","伸興","4","","","248","252","16133","","","","","","16133",""," "
"1560","中砂","163","104","","1611","1670","37572","6","40","","39","73","37572",""," "
"1563","巧新","29","163","","6139","6005","56402","2","","","6","4","56402",""," "
"1568","倉佑","85","223","","2297","2159","25771","","1","","1","2","25771",""," "
"1582","信錦","26","33","4","3591","3580","36067","2","","","11","9","36067",""," "
"1583","程泰","","","","64","64","27350","","","","","","27350",""," "
"1587","吉茂","","21","","1652","1631","20013","","","","25","25","20013",""," "
"1589","永冠-KY","","","7","678","671","","","","","","","","","OX!"
"1590","亞德客-KY","17","8","","89","98","49999","","","","","","49999","1"," "
"1597","直得","352","49","1","2013","2315","22315","1","10","","17","26","22315","1"," "
"1598","岱宇","17","27","","2030","2020","44785","","","","","","44785",""," "
"1603","華電","27","","","1690","1717","47922","","","","6","6","47922",""," "
"1604","聲寶","","","","201","201","96050","","","","","","96050",""," "
"1605","華新","1732","2278","11","51335","50778","1107833","17","190","","496","669","1107833","21"," "
"1608","華榮","118","438","","8162","7842","158193","","4","","9","13","158193","2"," "
"1609","大亞","282","140","9","12039","12172","196315","1","1","","12","12","196315","4"," "
"1611","中電","1","5","","3194","3190","80683","","","","1","1","80683",""," "
"1612","宏泰","17","40","5","1897","1869","79020","2","","","57","55","79020",""," "
"1614","三洋電","","1","","337","336","67278","","","","","","67278",""," "
"1615","大山","1","","","156","157","49165","","","","","","49165",""," "
"1616","億泰","15","19","","2764","2760","48537","2","1","","33","32","48537",""," "
"1617","榮星","122","82","2","1523","1561","42378","","","","","","42378",""," "
"1618","合機","25","19","3","3320","3323","48172","10","3","","49","42","48172",""," "
"1623","大東電","4","1","","3","6","16500","","","","","","16500",""," "
"1626","艾美特-KY","12","","","1627","1639","37455","1","","","1","","37455",""," "
"1702","南僑","","","","293","293","73533","","","","","","73533","1"," "
"1707","葡萄王","8","7","","317","318","37034","1","","","21","20","37034",""," "
"1708","東鹼","354","147","1","6402","6608","62250","3","2","","67","66","62250","1"," "
"1709","和益","318","554","","15688","15452","119254","6","2","","12","8","119254","2"," "
"1710","東聯","1106","209","","10603","11500","221425","25","","","69","44","221425","40"," "
"1711","永光","160","295","18","13794","13641","136938","38","14","","108","84","136938","3"," "
"1712","興農","2","1","","447","448","105123","","","","","","105123",""," "
"1713","國化","13","","","2941","2954","37737","","","","","","37737","","X "
"1714","和桐","706","389","1","12058","12374","247956","1","13","","70","82","247956","23"," "
"1717","長興","633","524","3","17526","17632","296061","86","36","","258","208","296061","5"," "
"1718","中纖","2703","574","","14822","16951","421476","41","5","","160","124","421476","62"," "
"1720","生達","13","1","","305","317","44674","","","","","","44674",""," "
"1721","三晃","","","","126","126","","","","","","","","","OX "
"1722","台肥","65","40","","2733","2758","245000","","1","","9","10","245000",""," "
"1723","中碳","45","12","","581","614","59226","","","","6","6","59226",""," "
"1725","元禎","3","1","","267","269","45457","","","","","","45457",""," "
"1726","永記","","2","","26","24","40500","","","","","","40500",""," "
"1727","中華化","247","117","14","5816","5932","32004","23","13","","68","58","32004","3"," "
"1730","花仙子","","","","5","5","15808","","","","","","15808",""," "
"1731","美吾華","","","","316","316","33228","","","","","","33228",""," "
"1732","毛寶","55","5","","735","785","10610","","","","29","29","10610",""," "
"1733","五鼎","11","62","","2550","2499","24987","","5","","1","6","24987",""," "
"1734","杏輝","5","1","","334","338","47549","","","","1","1","47549",""," "
"1735","日勝化","4","1","2","679","680","24847","","","","","","24847",""," "
"1736","喬山","43","31","","1848","1860","75848","","","","","","75848","","X "
"1737","臺鹽","","1","","21","20","50000","","","","","","50000",""," "
"1752","南光","","","","325","325","25247","","","","","","25247",""," "
"1760","寶齡富錦","9","2","","997","1004","21434","","","","","","21434",""," "
"1762","中化生","5","2","","713","716","19229","1","","","2","1","19229",""," "
"1773","勝一","36","13","1","1024","1046","75000","","","","2","2","75000",""," "
"1776","展宇","27","31","","769","765","15026","","","","1","1","15026",""," "
"1783","和康生","1","1","","592","592","20249","","","","","","20249",""," "
"1786","科妍","2","25","2","4979","4954","18706","","","","11","11","18706",""," "
"1789","神隆","11","13","","3236","3234","197684","","","","1","1","197684",""," "
"1795","美時","185","65","2","8852","8970","66718","4","1","","37","34","66718",""," "
"1802","台玻","1791","560","75","34499","35655","727015","119","89","","516","486","727015","8"," "
"1805","寶徠","23","","","1463","1486","33742","","","","","","33742",""," "
"1806","冠軍","6","10","","2920","2916","97600","","","","","","97600",""," "
"1808","潤隆","111","43","5","5621","5684","223257","","10","","1","11","223257","3"," "
"1809","中釉","87","33","4","5303","5353","41760","21","13","","81","73","41760","14"," "
"1810","和成","882","430","1","19816","20267","75575","69","34","","200","165","75575","6"," "
"1817","凱撒衛","","","","16","16","18150","","","","","","18150",""," "
"1903","士紙","32","13","","2425","2444","65009","","","","6","6","65009",""," "
"1904","正隆","82","10","","4567","4639","277068","1","","","2","1","277068",""," "
"1905","華紙","122","21","5","11771","11867","275708","14","1","","36","23","275708",""," "
"1906","寶隆","","","","7270","7270","37750","","","","","","37750",""," "
"1907","永豐餘","21","42","","24155","24134","415092","","","","3","3","415092",""," "
"1909","榮成","82","652","5","9758","9183","331921","33","","","34","1","331921",""," "
"2002","中鋼","977","2100","","40715","39592","3933715","148","169","","1113","1134","3933715","1"," "
"2006","東和鋼鐵","38","40","","920","918","182553","","","","4","4","182553",""," "
"2007","燁興","","","","5","5","","","","","","","","","OX "
"2008","高興昌","","","","121","121","47713","","","","","","47713",""," "
"2009","第一銅","80","34","10","6445","6481","89905","2","9","","13","20","89905",""," "
"2010","春源","39","104","","2026","1961","161913","","","","","","161913",""," "
"2012","春雨","","","","187","187","75540","","","","","","75540",""," "
"2013","中鋼構","1","1","","1406","1406","50000","","","","","","50000",""," "
"2014","中鴻","","1","","1130","1129","","","","","","","","","OX "
"2015","豐興","3","2","","38","39","145399","","","","","","145399",""," "
"2017","官田鋼","2","12","","8076","8066","111718","","","","1","1","111718",""," "
"2020","美亞","2","3","1","702","700","66757","","","","","","66757",""," "
"2022","聚亨","11","4","","1981","1988","84292","2","","","2","","84292",""," "
"2023","燁輝","18","42","20","2510","2466","460310","","","","51","51","460310",""," "
"2024","志聯","","1","","74","73","24375","","","","","","24375",""," "
"2025","千興","","","","","","","","","","","","","","OX "
"2027","大成鋼","1013","643","1","22833","23202","646065","9","136","","245","372","646065","12"," "
"2028","威致","1","","","1190","1191","81428","","","","","","81428",""," "
"2029","盛餘","","","","422","422","80295","","","","","","80295",""," "
"2030","彰源","131","8","","4339","4462","70131","","","","1","1","70131",""," "
"2031","新光鋼","96","9","","1179","1266","80286","1","","","5","4","80286",""," "
"2032","新鋼","25","8","","2700","2717","32630","","","","","","32630",""," "
"2033","佳大","29","15","","2749","2763","20173","","","","5","5","20173",""," "
"2034","允強","95","92","","3597","3600","132248","1","","","4","3","132248",""," "
"2038","海光","8","2","4","3475","3477","48533","","","","22","22","48533",""," "
"2049","上銀","95","128","2","3130","3095","88448","14","5","","46","37","88448","3"," "
"2059","川湖","15","28","","435","422","23824","1","2","","2","3","23824",""," "
"2062","橋椿","","8","","1327","1319","49998","","","","1","1","49998",""," "
"2069","運錩","17","2","","429","444","41596","","","","","","41596",""," "
"2101","南港","92","36","","20738","20794","183483","","","","1","1","183483",""," "
"2102","泰豐","29","20","","3767","3776","118332","","1","","6","7","118332",""," "
"2103","台橡","411","294","","13389","13506","206427","","5","","110","115","206427","29"," "
"2104","國際中橡","300","394","14","19332","19224","246183","2","","","46","44","246183","1"," "
"2105","正新","139","381","","9027","8785","810353","2","1","","21","20","810353","1"," "
"2106","建大","175","127","","2767","2815","238722","","","","3","3","238722",""," "
"2107","厚生","6","","","93","99","75898","","","","","","75898",""," "
"2108","南帝","3","19","","2760","2744","123104","1","2","","32","33","123104",""," "
"2109","華豐","3","","","687","690","69837","","","","","","69837",""," "
"2114","鑫永銓","","1","","7","6","19497","","","","","","19497",""," "
"2115","六暉-KY","1","","","509","510","26093","","","","3","3","26093",""," "
"2201","裕隆","139","154","1","9636","9620","267500","","","","16","16","267500",""," "
"2204","中華","18","36","1","1202","1183","138405","","","","1","1","138405",""," "
"2206","三陽工業","26","230","","4127","3923","193418","","11","","2","13","193418",""," "
"2207","和泰車","13","14","","78","77","139275","","","","","","139275",""," "
"2208","台船","","","","","","","","","","","","","","OX "
"2211","長榮鋼","19","2","","470","487","104272","","","","","","104272",""," "
"2228","劍麟","","9","","1567","1558","19944","","","","6","6","19944",""," "
"2231","為升","6","12","","2537","2531","33982","11","17","","166","172","33982",""," "
"2233","宇隆","162","45","1","4536","4652","15072","3","3","","6","6","15072","1"," "
"2236","百達-KY","117","8","","11600","11709","15782","3","","","14","11","15782",""," "
"2239","英利-KY","1","6","","1604","1599","29428","","","","","","29428",""," "
"2241","艾姆勒","37","47","","7069","7059","26150","1","1","","3","3","26150",""," "
"2243","宏旭-KY","41","22","","1228","1247","17343","1","1","","12","12","17343","3"," "
"2247","汎德永業","","4","","140","136","20177","","","","1","1","20177",""," "
"2248","華勝-KY","18","1","","546","563","11900","","","","","","11900",""," "
"2250","IKKA-KY","17","1","","1198","1214","9097","","","","14","14","9097",""," "
"2254","巨鎧精密-創","","","","2520","2520","15976","","","","","","15976",""," "
"2301","光寶科","385","451","11","16584","16507","579026","29","42","","353","366","579026",""," "
"2302","麗正","118","97","","3595","3616","41575","17","21","","123","127","41575","5"," "
"2303","聯電","18950","2108","62","143526","160306","3144246","13","203","102","3513","3601","3144246",""," "
"2305","全友","820","265","","6439","6994","51415","17","63","","179","225","51415","12"," "
"2308","台達電","1629","676","7","7616","8562","649385","4","15","","35","46","649385","28"," "
"2312","金寶","1844","829","98","44800","45717","376488","54","74","","192","212","376488","2"," "
"2313","華通","1045","1550","111","31728","31112","308455","970","201","1","1244","474","308455","8"," "
"2314","台揚","","","","","","","","","","","","","","OX "
"2316","楠梓電","236","60","8","3102","3270","45685","","16","","50","66","45685",""," "
"2317","鴻海","1890","3635","52","52661","50864","3518355","96","136","","282","322","3518355","12"," "
"2321","東訊","","","","","","","","","","","","","","OX "
"2323","中環","83","577","3","29496","28999","272337","5","18","3","43","53","272337",""," "
"2324","仁寶","2112","2396","32","54845","54529","1101786","121","123","","842","844","1101786","38"," "
"2327","國巨*","988","626","160","31985","32187","517866","4","68","","700","764","517866",""," "
"2328","廣宇","155","183","","16214","16186","129586","4","13","","51","60","129586","1"," "
"2329","華泰","228","324","26","14341","14219","164737","6","9","","295","298","164737","2"," "
"2330","台積電","1340","2674","41","30664","29289","6483092","7","25","24","130","124","6483092","15"," "
"2331","精英","83","141","24","9933","9851","139350","3","2","","17","16","139350",""," "
"2332","友訊","4180","3339","2","29062","29901","150542","3009","1158","","3364","1513","150542","195"," "
"2337","旺宏","1566","1039","137","89729","90119","495450","1278","497","1","5336","4554","495450",""," "
"2338","光罩","93","42","2","5199","5248","75869","25","14","","30","19","75869",""," "
"2340","台亞","214","134","11","7718","7787","94655","7","","","17","10","94655","2"," "
"2342","茂矽","189","141","2","3493","3539","39381","10","5","","39","34","39381","3"," "
"2344","華邦電","5104","1198","143","121448","125211","1125000","210","48","5","5761","5594","1125000",""," "
"2345","智邦","187","38","","1338","1487","140279","","3","","1","4","140279",""," "
"2347","聯強","177","67","","568","678","416986","","3","","7","10","416986","2"," "
"2348","海悅","282","15","2","2582","2847","37974","","","","","","37974","","X "
"2349","錸德","","","","","","","","","","","","","","OX "
"2351","順德","565","191","12","9961","10323","45535","","","","","","45535","","X "
"2352","佳世達","215","188","1","15326","15352","395126","","6","","7","13","395126","1"," "
"2353","宏碁","931","1189","19","39755","39478","761963","148","83","","2271","2206","761963","15"," "
"2354","鴻準","139","488","20","25002","24633","353621","4","25","","29","50","353621",""," "
"2355","敬鵬","390","139","42","8855","9064","99373","5","8","","40","43","99373","5"," "
"2356","英業達","1650","921","19","27396","28106","896868","878","83","1","1160","364","896868","64"," "
"2357","華碩","254","281","1","2022","1994","185690","20","29","","44","53","185690","1"," "
"2359","所羅門","477","526","4","6126","6073","42867","383","148","2","432","195","42867","13"," "
"2360","致茂","243","308","","1308","1243","106311","1","6","","12","17","106311","3"," "
"2362","藍天","31","10","","2134","2155","155565","2","","","11","9","155565",""," "
"2363","矽統","591","541","4","16954","17000","128747","56","10","","208","162","128747","13"," "
"2364","倫飛","10","42","","716","684","13097","1","","","2","1","13097","1"," "
"2365","昆盈","21","24","19","7701","7679","55382","45","9","1","59","22","55382",""," "
"2367","燿華","335","362","59","24185","24099","176563","","","","","","176563",""," "
"2368","金像電","416","193","5","4398","4616","130733","12","20","","293","301","130733","2"," "
"2369","菱生","978","613","19","12653","12999","95025","29","21","","91","83","95025","31"," "
"2371","大同","293","302","42","47307","47256","537708","22","1","","434","413","537708","20"," "
"2373","震旦行","","","","45","45","59050","","","","","","59050",""," "
"2374","佳能","341","228","5","16255","16363","84498","2","1","","48","47","84498",""," "
"2375","凱美","864","182","18","4762","5426","27168","92","","1","97","4","27168","","X "
"2376","技嘉","345","347","","6207","6205","167472","","","","","","167472",""," "
"2377","微星","1096","745","5","13265","13611","211214","96","70","1","413","386","211214","29"," "
"2379","瑞昱","210","89","","2480","2601","128878","64","50","","170","156","128878","17"," "
"2380","虹光","","","","","","","","","","","","","","OX "
"2382","廣達","1638","830","27","15108","15889","965656","667","38","","777","148","965656","39"," "
"2383","台光電","282","24","1","1697","1954","89580","1","5","","18","22","89580",""," "
"2385","群光","107","92","2","2932","2945","191430","13","1","","94","82","191430",""," "
"2387","精元","16","15","","1241","1242","48812","","","","1","1","48812",""," "
"2388","威盛","235","277","","10948","10906","138988","26","24","","140","138","138988","2"," "
"2390","云辰","36","25","","1828","1839","48154","2","","","2","","48154",""," "
"2392","正崴","24","18","18","4647","4635","128081","2","4","","6","8","128081",""," "
"2393","億光","64","43","","2283","2304","110848","","","","","","110848","","X "
"2395","研華","346","108","","1835","2073","217261","8","8","","31","31","217261","1"," "
"2397","友通","23","33","","1623","1613","28672","","","","4","4","28672","6"," "
"2399","映泰","216","131","6","10364","10443","44525","8","41","","52","85","44525","2"," "
"2401","凌陽","305","156","22","8018","8145","147998","12","17","","120","125","147998","11"," "
"2402","毅嘉","154","119","61","11917","11891","76884","","2","","7","9","76884",""," "
"2404","漢唐","110","81","","2124","2153","47646","1","3","","5","7","47646","5"," "
"2405","輔信","26","29","1","7662","7658","85856","","15","","1","16","85856","10"," "
"2406","國碩","903","314","4","12608","13193","87726","30","81","","319","370","87726","8"," "
"2408","南亞科","1058","885","84","81812","81901","774656","240","42","","3096","2898","774656",""," "
"2409","友達","12806","10074","162","203552","206122","1886774","676","1614","","5271","6209","1886774","4015"," "
"2412","中華電","56","2375","","6804","4485","1939361","762","97","","942","277","1939361","71"," "
"2413","環科","64","75","2","4285","4272","31839","7","3","","17","13","31839",""," "
"2414","精技","15","4","","488","499","40433","","1","","","1","40433","1"," "
"2415","錩新","48","8","","2417","2457","22500","","1","","","1","22500",""," "
"2417","圓剛","40","34","4","3050","3052","39304","7","1","","11","5","39304",""," "
"2419","仲琦","22","98","","5964","5888","80329","2","1","","5","4","80329",""," "
"2420","新巨","2","38","","935","899","38162","","","","8","8","38162","1"," "
"2421","建準","50","179","1","5067","4937","71735","9","10","","37","38","71735",""," "
"2423","固緯","10","18","","621","613","36261","","1","","7","8","36261",""," "
"2424","隴華","","","","","","","","","","","","","","OX "
"2425","承啟","504","586","","4514","4432","24124","38","86","","53","101","24124","6"," "
"2426","鼎元","1153","165","22","12491","13457","75155","81","50","","269","238","75155","10"," "
"2427","三商電","22","19","","5396","5399","49499","","","","","","49499","","X "
"2428","興勤","379","103","","1796","2072","32028","7","6","","17","16","32028","1"," "
"2429","銘旺科","","","","622","622","","","","","","","","","OX "
"2430","燦坤","","","","97","97","29200","","","","6","6","29200",""," "
"2431","聯昌","","1","","1535","1534","","","","","","","","","OX "
"2432","倚天酷碁-創","","","","350","350","15465","","","","","","15465",""," "
"2433","互盛電","","","","24","24","36124","","","","","","36124",""," "
"2434","統懋","23","34","","378","367","2377","","","","29","29","2377","35"," "
"2436","偉詮電","127","76","25","5724","5750","51044","3","56","","364","417","51044","1"," "
"2438","翔耀","","","","","","","","","","","","","","OX "
"2439","美律","278","49","5","3461","3685","63411","","8","","135","143","63411",""," "
"2440","太空梭","6","3","","1618","1621","25916","","","","1","1","25916",""," "
"2441","超豐","1732","354","4","7394","8768","142211","100","7","","174","81","142211","2"," "
"2442","新美齊","12","62","","4041","3991","79113","","1","","1","2","79113",""," "
"2444","兆勁","","","","","","","","","","","","","","OX "
"2449","京元電子","560","292","37","17518","17749","305686","1","8","","28","35","305686",""," "
"2450","神腦","1","","","76","77","64563","","","","","","64563",""," "
"2451","創見","854","625","5","6016","6240","107836","52","68","","268","284","107836","27"," "
"2453","凌群","","10","","2393","2383","25000","","1","","","1","25000",""," "
"2454","聯發科","745","174","3","9448","10016","400973","","9","","30","39","400973",""," "
"2455","全新","921","322","4","8424","9019","46745","103","117","8","356","362","46745","35"," "
"2457","飛宏","192","162","7","12311","12334","106193","10","","","69","59","106193","1"," "
"2458","義隆","319","71","","3183","3431","75970","14","10","9","55","42","75970","5"," "
"2459","敦吉","1","","","88","89","26398","","","","","","26398",""," "
"2460","建通","","","","293","293","","","","","","","","","OX "
"2461","光群雷","8","7","","8395","8396","47971","","","","2","2","47971",""," "
"2462","良得電","20","5","","2281","2296","30486","","","","16","16","30486",""," "
"2464","盟立","843","329","4","12211","12721","54170","24","205","","503","684","54170",""," "
"2465","麗臺","104","74","3","3436","3463","17236","8","2","","26","20","17236",""," "
"2466","冠西電","262","82","","5924","6104","40952","33","33","","226","226","40952","1"," "
"2467","志聖","66","66","","1786","1786","39188","19","11","","51","43","39188","1"," "
"2468","華經","31","19","8","3153","3157","17490","","","","13","13","17490",""," "
"2471","資通","3","13","","1284","1274","11813","","","","2","2","11813",""," "
"2472","立隆電","265","209","9","4321","4368","41183","5","7","","41","43","41183","1"," "
"2474","可成","153","127","4","8362","8384","134705","9","1","","29","21","134705",""," "
"2476","鉅祥","291","147","","40898","41042","54767","7","7","","81","81","54767","1","@ "
"2477","美隆電","","","","1142","1142","39643","","","","27","27","39643",""," "
"2478","大毅","1159","125","3","6377","7408","36182","11","27","","19","35","36182","1"," "
"2480","敦陽科","49","16","","327","360","26590","","3","","","3","26590",""," "
"2481","強茂","1567","513","19","10913","11948","95528","31","79","","362","410","95528","37"," "
"2482","連宇","27","2","","1767","1792","19470","","","","","","19470",""," "
"2483","百容","4","43","","1594","1555","26972","","","","7","7","26972","2"," "
"2484","希華","1191","428","3","13026","13786","39855","115","55","","273","213","39855","54"," "
"2485","兆赫","470","439","13","10560","10578","79422","236","150","","388","302","79422","5"," "
"2486","一詮","623","366","7","21334","21584","60120","15","174","","137","296","60120","5"," "
"2488","漢平","4","9","1","502","496","19999","","","","","","19999",""," "
"2489","瑞軒","605","628","32","26349","26294","152500","20","25","","251","256","152500","14"," "
"2491","吉祥全","9","51","","1868","1826","20502","","","","8","8","20502",""," "
"2492","華新科","96","273","18","7930","7735","121301","40","12","","139","111","121301","144"," "
"2493","揚博","724","83","2","7095","7734","31699","11","13","","15","17","31699","2"," "
"2495","普安","256","271","1","8148","8132","68387","1","5","","2","6","68387","3"," "
"2496","卓越","","","","35","35","4775","","","","","","4775",""," "
"2497","怡利電","149","188","","1859","1820","29521","2","6","","4","8","29521","3"," "
"2498","宏達電","114","366","9","28523","28262","209024","180","47","","792","659","209024","3"," "
"2501","國建","193","29","","4523","4687","289890","","6","","","6","289890",""," "
"2504","國產","204","2","58","4387","4531","295000","1","10","","2","11","295000",""," "
"2505","國揚","","76","","3306","3230","95000","","","","","","95000","1"," "
"2506","太設","10","","","1833","1843","75125","","","","","","75125",""," "
"2509","全坤建","1","1","","547","547","56137","","","","1","1","56137",""," "
"2511","太子","185","146","1","2646","2684","405831","","","","1","1","405831","29"," "
"2514","龍邦","1","2","","18112","18111","98682","","","","1","1","98682",""," "
"2515","中工","258","211","6","27744","27785","401976","9","3","","48","42","401976",""," "
"2516","新建","","","","","","","","","","","","","","OX "
"2520","冠德","70","38","","2228","2260","152371","2","2","","6","6","152371","1"," "
"2524","京城","1","1","","3178","3178","91495","","","","1","1","91495",""," "
"2527","宏璟","201","299","","5227","5129","67576","","8","","4","12","67576",""," "
"2528","皇普","2","3","","6374","6373","108999","","","","1","1","108999",""," "
"2530","華建","62","36","","6713","6739","210313","6","","","21","15","210313",""," "
"2534","宏盛","7","2","","11923","11928","118556","6","","","6","","118556",""," "
"2535","達欣工","16","4","","287","299","67698","","","","5","5","67698",""," "
"2536","宏普","17","2","","4964","4979","83202","","","","","","83202",""," "
"2537","聯上發","31","113","1","3721","3638","75139","","","","3","3","75139",""," "
"2538","基泰","15","26","","2252","2241","111256","","","","1","1","111256",""," "
"2539","櫻花建","26","61","","2160","2125","298275","3","","","12","9","298275",""," "
"2540","愛山林","135","99","","2825","2861","236218","2","1","","20","19","236218","7"," "
"2542","興富發","69","333","","5368","5104","538270","6","21","","218","233","538270",""," "
"2543","皇昌","80","96","7","9272","9249","132135","","","","","","132135","","X "
"2545","皇翔","7","2","","2749","2754","94933","","","","9","9","94933","1"," "
"2546","根基","1","10","","94","85","32631","","","","","","32631",""," "
"2547","日勝生","105","67","1","9929","9966","258773","","4","","2","6","258773",""," "
"2548","華固","147","45","","1922","2024","79929","","","","4","4","79929",""," "
"2597","潤弘","6","2","","161","165","77679","","","","","","77679",""," "
"2601","益航","","","","409","409","","","","","","","","","OX "
"2603","長榮","82","76","","14786","14792","541260","82","6","","310","234","541260",""," "
"2605","新興","185","223","4","12946","12904","146338","2","1","","8","7","146338","4"," "
"2606","裕民","50","109","","2863","2804","211263","3","2","","7","6","211263",""," "
"2607","榮運","8","1","","785","792","133392","","","","1","1","133392",""," "
"2608","嘉里大榮","3","84","","1210","1129","116750","","","","1","1","116750",""," "
"2609","陽明","333","676","","31739","31396","873026","43","3","","359","319","873026","13"," "
"2610","華航","1724","2525","95","48244","47348","1536247","11","114","","527","630","1536247","7"," "
"2611","志信","1","10","","2011","2002","47250","1","","","2","1","47250",""," "
"2612","中航","11","9","","1670","1672","49371","","1","","","1","49371",""," "
"2613","中櫃","76","5","3","2039","2107","37105","","","","12","12","37105",""," "
"2614","東森","23","5","2","5273","5289","81816","2","2","","2","2","81816",""," "
"2615","萬海","411","741","","15300","14970","701536","35","1","","162","128","701536","16"," "
"2616","山隆","1","","","438","439","34320","","","","","","34320",""," "
"2617","台航","10","48","","2133","2095","104323","","","","","","104323",""," "
"2618","長榮航","1438","2319","1","26066","25184","1350111","52","426","","500","874","1350111","29"," "
"2630","亞航","128","119","","5195","5204","52359","5","12","","66","73","52359","2"," "
"2633","台灣高鐵","13","70","","1756","1699","657073","8","","","46","38","657073",""," "
"2634","漢翔","1964","1101","10","24773","25626","235466","311","113","","804","606","235466","87"," "
"2636","台驊控股","8","7","","608","609","35458","","","","1","1","35458",""," "
"2637","慧洋-KY","59","50","","2387","2396","186602","1","2","","9","10","186602",""," "
"2642","宅配通","2","","","597","599","23866","","","","","","23866",""," "
"2645","長榮航太","181","165","4","2886","2898","93642","3","1","","13","11","93642","5"," "
"2646","星宇航空","204","178","1","3698","3723","752183","3","1","","28","26","752183",""," "
"2701","萬企","4","14","","387","377","112491","","","","","","112491",""," "
"2702","華園","3","1","","426","428","39153","","","","","","39153",""," "
"2704","國賓","2","1","","111","112","91730","","","","","","91730",""," "
"2705","六福","2","3","","550","549","46634","","","","","","46634",""," "
"2706","第一店","8","8","","643","643","124999","","","","","","124999",""," "
"2707","晶華","14","1","","157","170","31850","","","","","","31850","2"," "
"2712","遠雄來","","","","7","7","","","","","","","","","OX "
"2722","夏都","25","15","","329","339","35792","","","","","","35792",""," "
"2723","美食-KY","3","19","","1692","1676","45000","1","","","1","","45000",""," "
"2727","王品","2","20","","339","321","20735","","","","3","3","20735",""," "
"2731","雄獅","49","7","","848","890","23319","","4","","6","10","23319",""," "
"2739","寒舍","10","8","","871","873","22881","","","","","","22881",""," "
"2748","雲品","3","22","","514","495","26444","","","","","","26444",""," "
"2753","八方雲集","26","2","","516","540","16661","","","","2","2","16661",""," "
"2762","世界健身-KY","11","2","","175","184","28125","","","","","","28125","","X "
"2801","彰銀","679","405","1","7528","7801","2941511","","","","","","2941511","","X "
"2812","台中銀","394","206","450","3497","3235","1505406","","","","","","1505406","","X "
"2816","旺旺保","15","","","584","599","55902","","","","","","55902",""," "
"2820","華票","5","66","","639","578","335740","","","","3","3","335740",""," "
"2832","台產","3","3","","549","549","63385","","","","","","63385",""," "
"2834","臺企銀","3476","937","","20399","22938","2429515","","","","","","2429515","","X "
"2836","高雄銀","263","18","","6068","6313","459979","","1","","1","2","459979",""," "
"2838","聯邦銀","6","10","","806","802","1085137","","","","1","1","1085137",""," "
"2845","遠東銀","28","69","1","3839","3797","1216321","41","77","","68","104","1216321",""," "
"2849","安泰銀","25","11","","249","263","223623","","","","1","1","223623",""," "
"2850","新產","58","19","","312","351","78990","","","","","","78990",""," "
"2851","中再保","72","3","1","849","917","200097","3","","","5","2","200097",""," "
"2852","第一保","52","10","","1328","1370","75290","","","","","","75290",""," "
"2855","統一證","190","353","","6395","6232","400353","57","2","","196","141","400353","1"," "
"2867","三商壽","124","559","","3189","2754","1474875","5","12","","34","41","1474875",""," "
"2880","華南金","90","274","","865","681","3479241","5","7","","34","36","3479241",""," "
"2881","富邦金","415","405","2","6774","6782","3501841","77","58","","253","234","3501841",""," "
"2882","國泰金","578","1071","20","5221","4708","3667302","657","61","","858","262","3667302",""," "
"2883","凱基金","231","2728","26","13732","11209","4243711","14","22","","294","302","4243711","1"," "
"2884","玉山金","413","867","","5683","5229","4048000","48","351","2","273","574","4048000","3"," "
"2885","元大金","309","1089","3","2874","2091","3332787","2","9","","6","13","3332787",""," "
"2886","兆豐金","449","407","","1321","1363","3708344","15","20","","88","93","3708344","2"," "
"2887","台新新光金","800","973","183","40209","39853","6216599","19","74","","371","426","6216599","3"," "
"2889","國票金","103","105","2","2683","2679","908390","3","11","","31","39","908390",""," "
"2890","永豐金","317","202","","2311","2426","3623080","16","6","","75","65","3623080",""," "
"2891","中信金","293","424","4","3984","3849","4919224","202","3","","231","32","4919224","1"," "
"2892","第一金","270","229","","1638","1679","3594867","3","12","","16","25","3594867",""," "
"2897","王道銀行","147","164","7","1300","1276","701339","","","","4","4","701339",""," "
"2901","欣欣","","","","473","473","18260","","","","","","18260",""," "
"2903","遠百","213","5","","1272","1480","354235","1","22","","1","22","354235",""," "
"2904","匯僑","","","","32","32","19458","","","","","","19458",""," "
"2905","三商","76","61","","7811","7826","277592","","","","1","1","277592",""," "
"2906","高林","75","","","570","645","52279","","","","","","52279",""," "
"2908","特力","79","111","","13976","13944","127471","","","","","","127471",""," "
"2910","統領","6","49","","94","51","43850","","","","","","43850",""," "
"2911","麗嬰房","11","1","","156","166","24931","","","","","","24931",""," "
"2912","統一超","73","21","","507","559","259905","","4","","","4","259905","8"," "
"2913","農林","190","91","","6468","6567","176687","6","15","","9","18","176687","3"," "
"2915","潤泰全","74","78","5","8593","8584","276079","7","4","","15","12","276079",""," "
"2929","淘帝-KY","2","1","","2055","2056","27373","","","","","","27373",""," "
"2939","永邑-KY","","","","251","251","11387","","","","1","1","11387",""," "
"3002","歐格","8","5","","1841","1844","25500","2","","","14","12","25500",""," "
"3003","健和興","7","20","1","3295","3281","38913","1","","","1","","38913","","X "
"3004","豐達科","49","46","","1814","1817","16095","","","","3","3","16095",""," "
"3005","神基","250","247","","8509","8512","156142","2","3","","48","49","156142","2"," "
"3006","晶豪科","390","135","7","16983","17231","74531","1","15","","58","72","74531",""," "
"3008","大立光","187","99","2","1879","1965","32699","4","9","","26","31","32699","5"," "
"3010","華立","23","8","","1150","1165","64859","","","","17","17","64859",""," "
"3011","今皓","69","1","","2832","2900","29293","3","","","66","63","29293",""," "
"3013","晟銘電","128","264","15","8672","8521","51284","25","23","1","55","52","51284","1"," "
"3014","聯陽","40","43","7","2268","2258","41494","","2","","61","63","41494",""," "
"3015","全漢","38","42","","2515","2511","46815","","","","8","8","46815","1"," "
"3016","嘉晶","306","173","33","6819","6919","72589","158","45","","254","141","72589","16"," "
"3017","奇鋐","274","124","1","4177","4326","98167","3","20","","35","52","98167",""," "
"3018","隆銘綠能","","","","","","","","","","","","","","OX "
"3019","亞光","128","242","9","11168","11045","69810","6","11","","39","44","69810","1"," "
"3021","鴻名","","7","","545","538","23722","","","","","","23722",""," "
"3022","威強電","373","157","","5570","5786","44149","8","8","","20","20","44149","2"," "
"3023","信邦","46","200","10","1377","1213","60017","","2","","10","12","60017",""," "
"3024","憶聲","119","10","10","8698","8797","69289","2","","","7","5","69289",""," "
"3025","星通","12","7","","1603","1608","14184","","","","","","14184",""," "
"3026","禾伸堂","1110","215","13","7517","8399","41472","22","64","1","105","146","41472","540"," "
"3027","盛達","19","4","","4582","4597","28740","1","","","1","","28740",""," "
"3028","增你強","98","86","4","3118","3126","59310","16","","","60","44","59310",""," "
"3029","零壹","125","190","1","3200","3134","38751","8","26","","18","36","38751",""," "
"3030","德律","105","42","1","10480","10542","59054","7","2","","18","13","59054",""," "
"3031","佰鴻","74","70","","5378","5382","43300","7","6","","11","10","43300","3"," "
"3032","偉訓","54","34","","8055","8075","25821","2","7","","6","11","25821","6"," "
"3033","威健","303","199","7","9037","9134","129139","20","","1","21","","129139","","X "
"3034","聯詠","107","90","","2345","2362","152127","8","3","","27","22","152127","4"," "
"3035","智原","1266","231","25","10357","11367","65137","17","163","","398","544","65137","14"," "
"3036","文曄","1015","148","1","11164","12030","317646","13","632","","204","823","317646","188"," "
"3037","欣興","730","186","10","40085","40619","410330","5","52","8","396","435","410330",""," "
"3038","全台","23","14","","1325","1334","39351","","","","2","2","39351",""," "
"3040","遠見","5","4","","10134","10135","16556","","","","8","8","16556",""," "
"3041","揚智","72","41","","3480","3511","29268","22","5","","52","35","29268","10"," "
"3042","晶技","2971","526","20","10249","12674","79498","65","92","","137","164","79498","25"," "
"3043","科風","","4","","854","850","9743","","","","","","9743",""," "
"3044","健鼎","197","49","","6088","6236","131401","1","1","","5","5","131401",""," "
"3045","台灣大","283","107","","746","922","930857","61","45","","65","49","930857",""," "
"3046","建碁","30","15","","1041","1056","19612","4","2","","10","8","19612",""," "
"3047","訊舟","24","70","","6618","6572","56190","39","3","","43","7","56190","1"," "
"3048","益登","138","144","22","5159","5131","61207","3","2","","65","64","61207","3"," "
"3049","精金","","","","","","","","","","","","","","OX "
"3050","鈺德","10","48","4","3265","3223","38746","1","","","6","5","38746",""," "
"3051","力特","52","22","18","4090","4102","34159","","","","","","34159",""," "
"3052","夆典","13","1","","1569","1581","58311","","","","","","58311",""," "
"3054","立萬利","30","8","","898","920","20162","","","","","","20162",""," "
"3055","蔚華科","21","56","35","5650","5580","25610","14","9","","153","148","25610","28"," "
"3056","富華新","8","17","50","3584","3525","120138","2","7","","2","7","120138",""," "
"3057","喬鼎","","","","","","","","","","","","","","OX "
"3058","立德","","","","","","","","","","","","","","OX "
"3059","華晶科","129","244","","11172","11057","76925","18","","","23","5","76925","100"," "
"3060","銘異","159","125","1","8649","8682","34390","1","2","","15","16","34390",""," "
"3062","建漢","81","95","20","9860","9826","82522","12","7","","76","71","82522","10"," "
"3090","日電貿","118","186","7","4031","3956","71891","","20","","18","38","71891","54"," "
"3092","鴻碩","15","14","","3615","3616","26662","10","2","","44","36","26662",""," "
"3094","聯傑","93","171","4","2775","2693","20779","6","39","","122","155","20779",""," "
"3130","一零四","","3","","9","6","8297","","","","","","8297",""," "
"3135","凌航","226","187","","2366","2405","24289","17","12","","120","115","24289",""," "
"3138","耀登","20","4","","2018","2034","14098","","3","","11","14","14098",""," "
"3149","正達","376","382","1","21409","21402","53533","35","1078","","4069","5112","53533","3"," "
"3150","鈺寶-創","5","9","","235","231","11094","","","","","","11094",""," "
"3164","景岳","18","","","285","303","21502","","","","","","21502",""," "
"3167","大量","210","324","2840","8895","5941","22578","4","59","","15","70","22578","144"," "
"3168","眾福科","1","","","38","39","18774","","","","","","18774",""," "
"3189","景碩","257","163","14","21380","21460","131728","4","35","","298","329","131728",""," "
"3209","全科","89","58","1","5545","5575","58847","1","2","","7","8","58847",""," "
"3229","晟鈦","","","","","","","","","","","","","","OX "
"3231","緯創","11364","3984","12","45212","52580","795013","364","744","","780","1160","795013","133"," "
"3257","虹冠電","10","39","4","2510","2477","19955","20","","","31","11","19955",""," "
"3266","昇陽","7","8","","354","353","88078","","","","","","88078",""," "
"3296","勝德","25","3","30","1836","1828","24181","","","","2","2","24181",""," "
"3305","昇貿","257","187","8","6530","6592","36180","1","2","","69","70","36180","1"," "
"3308","聯德","","1","","677","676","15000","","","","","","15000",""," "
"3311","閎暉","8","12","","2845","2841","25000","","2","","5","7","25000",""," "
"3312","弘憶股","52","140","1","4787","4698","45656","31","1","","41","11","45656",""," "
"3321","同泰","","","","","","","","","","","","","","OX "
"3338","泰碩","17","10","2","3359","3364","21977","1","1","","11","11","21977",""," "
"3346","麗清","37","7","","3006","3036","30307","","","","7","7","30307",""," "
"3356","奇偶","19","14","","1728","1733","20135","","","","7","7","20135",""," "
"3376","新日興","326","219","4","11275","11378","48945","16","","","16","","48945","","X "
"3380","明泰","43","55","37","5214","5165","135429","2","4","","9","11","135429",""," "
"3406","玉晶光","49","91","5","2315","2268","28185","5","11","","28","34","28185",""," "
"3413","京鼎","219","120","","4034","4133","27731","1","","","6","5","27731","2"," "
"3416","融程電","23","46","","984","961","20124","","","","11","11","20124",""," "
"3419","譁裕","","","","1042","1042","","","","","","","","","OX "
"3432","台端","","","","","","","","","","","","","","OX "
"3437","榮創","26","56","1","2785","2754","36137","1","1","","23","23","36137",""," "
"3443","創意","180","87","4","4258","4347","33502","","6","","21","27","33502",""," "
"3447","展達","4","7","","1860","1857","19362","","","","23","23","19362",""," "
"3450","聯鈞","782","265","6","14066","14577","36420","13","52","","137","176","36420","2"," "
"3481","群創","37374","15003","275","310222","332318","1997299","1391","2029","1499","6114","5253","1997299","431"," "
"3494","誠研","","","","","","","","","","","","","","OX "
"3501","維熹","19","3","","1158","1174","29564","","","","","","29564",""," "
"3504","揚明光","42","126","3","2857","2770","28514","26","189","","120","283","28514","4"," "
"3515","華擎","42","37","","1591","1596","30886","1","","","14","13","30886",""," "
"3518","柏騰","28","6","","3812","3834","23391","1","2","","25","26","23391",""," "
"3528","安馳","16","187","","2387","2216","16659","","","","11","11","16659",""," "
"3530","晶相光","12","12","","1246","1246","19368","11","","","11","","19368",""," "
"3532","台勝科","45","98","11","7848","7784","96962","55","9","2","405","357","96962","93"," "
"3533","嘉澤","101","19","1","586","667","28133","","","","","","28133","","X "
"3535","晶彩科","16","75","12","3913","3842","19763","2","1","","89","88","19763",""," "
"3543","州巧","934","195","","4162","4901","27565","1","131","","43","173","27565","7"," "
"3545","敦泰","85","82","4","4428","4427","55614","","","","","","55614","","X "
"3550","聯穎","18","66","","13589","13541","26887","1","","","2","1","26887","5"," "
"3557","嘉威","","","","379","379","17999","","","","","","17999",""," "
"3563","牧德","103","40","1","5234","5296","12300","3","2","","5","4","12300",""," "
"3576","聯合再生","","","","","","","","","","","","","","OX "
"3583","辛耘","85","62","","1854","1877","20086","2","2","","5","5","20086","4"," "
"3588","通嘉","44","47","","1714","1711","15498","1","","","1","","15498",""," "
"3591","艾笛森","390","57","1","26782","27114","36346","","","","7","7","36346",""," "
"3592","瑞鼎","19","33","","917","903","18963","","","","","","18963",""," "
"3593","力銘","","","","","","","","","","","","","","OX "
"3596","智易","40","20","1","1200","1219","55088","","1","","26","27","55088",""," "
"3605","宏致","1396","814","1","8561","9142","43817","15","2","","38","25","43817","9"," "
"3607","谷崧","31","15","","1833","1849","30415","","","","","","30415",""," "
"3617","碩天","77","65","1","1972","1983","23691","","","","","","23691",""," "
"3622","洋華","3","5","","1759","1757","37831","","","","2","2","37831",""," "
"3645","達邁","142","135","15","5295","5287","34188","7","8","","17","18","34188",""," "
"3652","精聯","27","73","","625","579","18774","","","","","","18774",""," "
"3653","健策","98","65","1","2261","2293","36683","","4","","20","24","36683",""," "
"3661","世芯-KY","377","148","3","5600","5826","20860","1","6","","20","25","20860","2"," "
"3665","貿聯-KY","175","159","","2272","2288","48769","21","8","","28","15","48769",""," "
"3669","圓展","31","47","","1150","1134","23229","","1","","8","9","23229","4"," "
"3673","TPK-KY","566","359","5","14149","14351","101665","37","11","","112","86","101665",""," "
"3679","新至陞","1","","","119","120","15755","","","","","","15755",""," "
"3686","達能","","","","","","","","","","","","","","OX "
"3694","海華","108","81","27","6466","6466","38732","35","1","","77","43","38732",""," "
"3701","大眾控","15","54","2","5685","5644","53909","1","","","52","51","53909",""," "
"3702","大聯大","622","84","","5930","6468","432115","19","26","","152","159","432115","1"," "
"3703","欣陸","6","4","2","1416","1416","205803","","","","1","1","205803",""," "
"3704","合勤控","122","53","2","6189","6256","103861","2","1","","52","51","103861",""," "
"3705","永信","3","","","366","369","66605","","","","","","66605",""," "
"3706","神達","966","614","1","30712","31063","331803","54","6","","179","131","331803","5"," "
"3708","上緯投控","28","10","5","2966","2979","23091","2","3","","12","13","23091",""," "
"3711","日月光投控","3098","182","5","10575","13486","1117643","","16","","135","151","1117643",""," "
"3712","永崴投控","17","68","","2648","2597","61560","135","","","147","12","61560",""," "
"3714","富采","333","261","35","24851","24888","166985","64","16","","152","104","166985","3"," "
"3715","定穎投控","561","423","24","19117","19231","70893","254","20","","646","412","70893","17"," "
"3716","中化控股","4","1","","489","492","37441","","","","","","37441",""," "
"3717","聯嘉投控","748","534","","10072","10286","52737","1","11","","96","106","52737",""," "
"4104","佳醫","","1","","82","81","47091","","","","","","47091",""," "
"4106","雃博","3","2","","660","661","25227","","","","","","25227",""," "
"4108","懷特","","","","","","","","","","","","","","OX "
"4119","旭富","14","","","590","604","29877","","","","22","22","29877",""," "
"4133","亞諾法","10","9","","1308","1309","15138","2","1","","6","5","15138",""," "
"4137","麗豐-KY","6","10","","1080","1076","20623","","","","","","20623",""," "
"4142","國光生","174","50","","6650","6774","107376","","","","1","1","107376",""," "
"4148","全宇生技-KY","","","","399","399","16808","","","","","","16808",""," "
"4155","訊映","9","1","","909","917","36171","","","","","","36171",""," "
"4164","承業醫","19","9","","6381","6391","47647","2","","","24","22","47647",""," "
"4190","佐登-KY","","","","290","290","15361","","","","","","15361","","X "
"4306","炎洲","281","6","","4419","4694","169189","","","","1","1","169189","1"," "
"4414","如興","5","","","711","716","53409","","","","","","53409",""," "
"4426","利勤","9","11","4","952","946","43169","","","","","","43169",""," "
"4438","廣越","1","","","793","794","28356","","","","","","28356",""," "
"4439","冠星-KY","1","","","246","247","9528","","","","5","5","9528",""," "
"4440","宜新實業","","","","147","147","16899","","","","","","16899",""," "
"4441","振大環球","","","","170","170","17043","","","","3","3","17043",""," "
"4526","東台","41","27","44","5589","5559","63706","4","16","","18","30","63706","20"," "
"4532","瑞智","27","8","","2272","2291","123723","","","","","","123723",""," "
"4536","拓凱","13","2","","602","613","22705","","","","","","22705",""," "
"4540","全球傳動","48","28","1","3311","3330","28796","6","24","","14","32","28796",""," "
"4545","銘鈺","","7","","1188","1181","19250","","","","","","19250",""," "
"4551","智伸科","45","20","","2116","2141","28805","1","2","","7","8","28805",""," "
"4552","力達-KY","204","","","2182","2386","29000","","","","12","12","29000",""," "
"4555","氣立","14","15","","2273","2272","17496","","","","29","29","17496",""," "
"4557","永新-KY","10","","","326","336","11992","","","","","","11992",""," "
"4560","強信-KY","","","","289","289","17024","","","","","","17024",""," "
"4562","穎漢","4","3","","1809","1810","21886","3","4","","40","41","21886",""," "
"4564","元翎","98","79","3","10645","10661","58197","","2","","9","11","58197","2"," "
"4566","時碩工業","130","169","","3917","3878","27522","64","7","","101","44","27522","1"," "
"4569","六方科-KY","8","7","","721","722","7650","","","","","","7650",""," "
"4571","鈞興-KY","5","14","","973","964","13254","15","","","15","","13254",""," "
"4572","駐龍","","","","324","324","10004","","","","1","1","10004",""," "
"4576","大銀微系統","168","64","1","2108","2211","29950","46","11","","62","27","29950",""," "
"4581","光隆精密-KY","","1","","25","24","8474","","","","","","8474",""," "
"4583","台灣精銳","32","208","","3228","3052","20042","1","1","","8","8","20042",""," "
"4585","達明","4","13","","589","580","26152","","","","60","60","26152",""," "
"4588","玖鼎電力","","","","394","394","10746","","","","1","1","10746",""," "
"4720","德淵","25","19","1","3236","3241","28629","1","","","14","13","28629",""," "
"4722","國精化","191","35","","10599","10755","25941","9","35","","20","46","25941","2"," "
"4736","泰博","22","6","","172","188","23843","","1","","","1","23843",""," "
"4737","華廣","5","1","","1603","1607","19349","","","","","","19349",""," "
"4739","康普","305","120","","8342","8527","30375","4","21","","49","66","30375","1"," "
"4746","台耀","22","11","","2038","2049","30063","","","","14","14","30063",""," "
"4755","三福化","110","13","2","885","980","25176","1","","","9","8","25176",""," "
"4763","材料*-KY","1050","405","4","43779","44420","247286","4","3","","27","26","247286","20"," "
"4764","雙鍵","259","107","","4339","4491","21385","61","62","","285","286","21385",""," "
"4766","南寶","19","4","","1116","1131","30142","","","","1","1","30142",""," "
"4770","上品","12","10","","928","930","19994","5","","","22","17","19994",""," "
"4771","望隼","11","2","","563","572","14688","","","","","","14688",""," "
"4807","日成-KY","8","21","","1267","1254","12249","","9","","2","11","12249",""," "
"4904","遠傳","24","11","","246","259","878566","1","3","","8","10","878566",""," "
"4906","正文","411","440","3","28295","28263","112961","13","3","","47","37","112961","6"," "
"4912","聯德控股-KY","84","12","","3515","3587","16748","","1","","","1","16748",""," "
"4915","致伸","54","134","4","3836","3752","117970","","1","","46","47","117970",""," "
"4916","事欣科","309","322","9","7363","7341","31020","9","44","","95","130","31020","45"," "
"4919","新唐","770","300","6","12574","13038","113099","27","59","","1220","1252","113099","21"," "
"4927","泰鼎-KY","230","559","28","23530","23173","66234","18","12","","466","460","66234","3"," "
"4930","燦星網","","3","","3814","3811","20000","","","","","","20000",""," "
"4934","太極","","","","","","","","","","","","","","OX "
"4935","茂林-KY","3","5","","615","613","32216","","","","4","4","32216",""," "
"4938","和碩","293","168","1","5081","5205","670511","8","11","","19","22","670511","1"," "
"4942","嘉彰","2","1","","633","634","35591","","","","","","35591",""," "
"4943","康控-KY","","","","","","","","","","","","","","OX "
"4949","有成精密","70","51","1","2755","2773","16937","3","1","","34","32","16937","1"," "
"4952","凌通","15","16","","1344","1343","27203","","1","","4","5","27203","1"," "
"4956","光鋐","44","59","","5159","5144","25102","2","2","","10","10","25102","1"," "
"4958","臻鼎-KY","2336","981","17","24369","25707","277221","134","138","","273","277","277221","6"," "
"4960","誠美材","208","45","5","15241","15399","142926","12","12","","94","94","142926","4"," "
"4961","天鈺","24","50","","1599","1573","30313","","1","","4","5","30313",""," "
"4967","十銓","565","556","","8142","8151","24183","50","31","","120","101","24183","3"," "
"4968","立積","32","88","","5338","5282","23052","24","6","","55","37","23052",""," "
"4976","佳凌","332","513","2","4750","4567","35337","262","227","2","463","426","35337","11"," "
"4977","眾達-KY","146","84","15","5838","5885","20672","8","13","","26","31","20672","5"," "
"4989","榮科","598","201","17","12837","13217","43194","58","85","","3514","3541","43194","2"," "
"4994","傳奇","10","1","","2324","2333","16595","1","","","3","2","16595",""," "
"4999","鑫禾","3","","","404","407","18604","","","","9","9","18604",""," "
"5007","三星","","","","7","7","73735","","","","","","73735",""," "
"5203","訊連","2","7","","1120","1115","19835","19","","","19","","19835",""," "
"5215","科嘉-KY","9","1","","626","634","16084","","","","","","16084",""," "
"5222","全訊","2","13","","1786","1775","22779","2","","","13","11","22779",""," "
"5225","東科-KY","15","15","","1329","1329","19784","","","","18","18","19784",""," "
"5234","達興材料","59","23","","1457","1493","25678","","","","7","7","25678",""," "
"5236","凌陽創新","5","11","","190","184","15001","","","","4","4","15001",""," "
"5243","乙盛-KY","133","125","12","9123","9119","42132","1","2","","16","17","42132",""," "
"5244","弘凱","6","29","","2379","2356","17060","20","","","22","2","17060",""," "
"5258","虹堡","13","22","","4012","4003","27591","","","","","","27591","1"," "
"5269","祥碩","78","51","","2048","2075","18539","21","7","","516","502","18539","1"," "
"5283","禾聯碩","","8","","90","82","21900","","","","","","21900",""," "
"5284","jpp-KY","48","41","","3557","3564","13223","","4","","12","16","13223",""," "
"5285","界霖","298","55","2","4486","4727","25510","3","5","","67","69","25510","3"," "
"5288","豐祥-KY","14","","","2546","2560","17424","","","","","","17424","","X "
"5292","華懋","6","79","","935","862","10527","","","","","","10527",""," "
"5306","桂盟","4","","2","547","549","31500","","","","","","31500",""," "
"5388","中磊","137","176","","5140","5101","76085","10","3","","24","17","76085",""," "
"5434","崇越","82","9","","862","935","48501","2","","","4","2","48501",""," "
"5469","瀚宇博","191","131","","13677","13737","121541","5","2","","33","30","121541","2"," "
"5471","松翰","332","129","2","4073","4274","41969","4","6","","16","18","41969",""," "
"5484","慧友","","","","","","","","","","","","","","OX "
"5515","建國","58","38","","1803","1823","50400","","","","4","4","50400",""," "
"5519","隆大","1","3","","848","846","54799","","","","58","58","54799",""," "
"5521","工信","122","326","2","13675","13469","123070","2","32","","8","38","123070",""," "
"5522","遠雄","24","","","932","956","195399","29","","","29","","195399",""," "
"5525","順天","","","","318","318","79526","","","","","","79526","","X "
"5531","鄉林","122","10","","3564","3676","244397","","","","11","11","244397",""," "
"5533","皇鼎","","","","479","479","71311","","","","","","71311",""," "
"5534","長虹","24","146","","3454","3332","78831","","","","","","78831",""," "
"5538","東明-KY","","","","7","7","50300","","","","","","50300",""," "
"5546","永固-KY","","","","22","22","20588","","","","","","20588",""," "
"5607","遠雄港","51","27","","1646","1670","92638","","","","","","92638",""," "
"5608","四維航","84","58","7","4086","4105","97319","2","","","83","81","97319",""," "
"5706","鳳凰","10","5","","718","723","20941","","","","20","20","20941",""," "
"5871","中租-KY","90","74","1","3984","3999","427855","8","1","","11","4","427855",""," "
"5876","上海商銀","38","30","","616","624","1215400","10","17","","12","19","1215400","1"," "
"5880","合庫金","786","447","","2091","2430","3920234","3","","","8","5","3920234","16"," "
"5906","台南-KY","","2","","23","21","8935","","","","","","8935",""," "
"5907","大洋-KY","3","9","","5546","5540","48882","40","","","40","","48882",""," "
"6005","群益證","339","154","","5342","5527","542727","8","1","","21","14","542727","11"," "
"6024","群益期","16","135","","429","310","62484","","","","","","62484",""," "
"6108","競國","4","2","2","1448","1448","38623","5","","","19","14","38623",""," "
"6112","邁達特","8","4","2","2945","2947","30589","","","","32","32","30589",""," "
"6115","鎰勝","","","","30","30","46915","","","","","","46915",""," "
"6116","彩晶","1890","792","44","32541","33595","714663","179","106","","9163","9090","714663","16"," "
"6117","迎廣","6","17","2","2341","2328","23146","2","","15","38","21","23146",""," "
"6120","達運","219","262","","7667","7624","149749","9","12","","71","74","149749","6"," "
"6128","上福","20","","2","1263","1281","31897","","","","","","31897",""," "
"6133","金橋","22","22","","2932","2932","29251","36","","","36","","29251",""," "
"6136","富爾特","7","3","","2572","2576","28884","","","","","","28884",""," "
"6139","亞翔","638","209","11","7038","7456","58893","13","17","","34","38","58893","2"," "
"6141","柏承","","","","35","35","","","","","","","","","OX "
"6142","友勁","","","","","","","","","","","","","","OX "
"6152","百一","","","","","","","","","","","","","","OX "
"6153","嘉聯益","530","204","11","13502","13817","136837","5","4","","58","57","136837","4"," "
"6155","鈞寶","50","83","6","2722","2683","22005","","5","","34","39","22005",""," "
"6164","華興","58","14","2","3880","3922","20000","1","","","2","1","20000",""," "
"6165","浪凡","5004","12","","8199","13191","19438","","1","","","1","19438",""," "
"6166","凌華","1233","694","1","2882","3420","50767","130","","","167","37","50767",""," "
"6168","宏齊","83","120","14","4221","4170","51440","2","12","","5","15","51440",""," "
"6176","瑞儀","528","355","7","6358","6524","116256","9","34","","78","103","116256","9"," "
"6177","達麗","86","7","31","2519","2567","117972","3","","","4","1","117972",""," "
"6183","關貿","","","","8","8","37500","","","","","","37500",""," "
"6184","大豐電","","2","","487","485","40531","","","","","","40531",""," "
"6189","豐藝","10","18","","2346","2338","65956","","2","","4","6","65956",""," "
"6191","精成科","936","397","24","19196","19711","124825","12","5","","26","19","124825","2"," "
"6192","巨路","2","5","","748","745","24038","","","","","","24038",""," "
"6196","帆宣","144","48","6","1471","1561","55082","12","","","27","15","55082","1"," "
"6197","佳必琪","125","89","1","5285","5320","30859","9","10","","68","69","30859",""," "
"6201","亞弘電","","","","35","35","22300","","","","","","22300","","X "
"6202","盛群","147","256","1","5529","5419","56542","9","72","","52","115","56542",""," "
"6205","詮欣","26","28","7","3706","3697","20558","1","1","","4","4","20558",""," "
"6206","飛捷","283","152","1","1726","1856","35765","4","1","","10","7","35765",""," "
"6209","今國光","330","511","21","13085","12883","45471","","","","","","45471","","X "
"6213","聯茂","340","138","7","14992","15187","90899","","6","","138","144","90899",""," "
"6214","精誠","504","241","","1760","2023","68060","1","5","","6","10","68060","12"," "
"6215","和椿","49","51","2","4936","4932","20697","14","16","","40","42","20697","1"," "
"6216","居易","5","","1","681","685","24324","","","","9","9","24324",""," "
"6224","聚鼎","16","14","4","1934","1932","21411","1","","","5","4","21411",""," "
"6225","天瀚","","","","","","","","","","","","","","OX "
"6226","光鼎","1010","578","","2532","2964","28883","116","44","","358","286","28883","66"," "
"6230","尼得科超眾","1","2","","463","462","21585","","","","6","6","21585",""," "
"6235","華孚","19","47","6","4533","4499","49976","11","1","","34","24","49976",""," "
"6239","力成","6461","827","38","17560","23156","189786","60","44","","93","77","189786","57"," "
"6243","迅杰","217","218","","2242","2241","11317","98","35","","249","186","11317","3"," "
"6257","矽格","542","178","3","9907","10268","120978","43","14","","93","64","120978","7"," "
"6269","台郡","199","185","16","8895","8893","80957","46","7","","194","155","80957","2"," "
"6271","同欣電","988","178","6","6484","7288","52264","18","7","","42","31","52264","15"," "
"6272","驊陞","1","","","33","34","20440","","","","","","20440",""," "
"6277","宏正","62","61","","336","337","29867","","","","5","5","29867","13"," "
"6278","台表科","1027","220","17","7449","8239","73099","42","17","","146","121","73099","1"," "
"6281","全國電","","","","26","26","24793","","","","","","24793",""," "
"6282","康舒","461","605","25","24505","24336","214025","39","19","","321","301","214025","7"," "
"6283","淳安","5","13","","2304","2296","20632","","","","1","1","20632",""," "
"6285","啟碁","288","367","1","14171","14091","120915","388","82","","510","204","120915","6"," "
"6405","悅城","91","82","17","5219","5211","16450","","1","","25","26","16450",""," "
"6409","旭隼","49","22","1","913","939","22063","","","","","","22063",""," "
"6412","群電","32","48","1","2809","2792","100192","","2","","","2","100192","6"," "
"6414","樺漢","402","53","","1646","1995","37828","7","2","53","644","586","37828","3"," "
"6415","矽力*-KY","66","43","","4071","4094","97363","1","6","","68","73","97363",""," "
"6416","瑞祺電通","79","153","1","4076","4001","18337","","2","","","2","18337","3"," "
"6426","統新","99","17","","1977","2059","9627","7","1","","14","8","9627",""," "
"6431","光麗-KY","","","","","","","","","","","","","","OX "
"6438","迅得","24","25","1","3796","3794","20551","6","3","","20","17","20551",""," "
"6442","光聖","266","104","4","3947","4105","20101","1","9","","18","26","20101",""," "
"6443","元晶","","48","11","7779","7720","","","","","442","442","","","OX "
"6446","藥華藥","157","50","1","7608","7714","95402","4","12","","27","35","95402","1"," "
"6449","鈺邦","77","52","","2342","2367","22971","1","2","","13","14","22971",""," "
"6451","訊芯-KY","537","79","2","6033","6489","28563","8","219","","232","443","28563","6"," "
"6456","GIS-KY","238","127","1","10633","10743","84484","5","10","","143","148","84484",""," "
"6464","台數科","","","","2","2","32195","","","","","","32195",""," "
"6472","保瑞","35","40","11","3531","3515","31939","","4","","","4","31939","7"," "
"6477","安集","62","121","9","3419","3351","30946","1","21","","274","294","30946","2"," "
"6491","晶碩","18","5","","496","509","19500","","","","","","19500","","X "
"6504","南六","","","","121","121","18150","","","","","","18150",""," "
"6505","台塑化","2551","1607","5","12556","13495","2381489","391","398","","733","740","2381489","89"," "
"6515","穎崴","15","11","1","420","423","9111","","2","","4","6","9111",""," "
"6525","捷敏-KY","38","143","","2099","1994","32261","6","5","","27","26","32261",""," "
"6526","達發","74","20","","1247","1301","41876","","","","1","1","41876",""," "
"6531","愛普*","810","133","11","5188","5854","40787","12","34","","60","82","40787","1"," "
"6533","晶心科","48","63","","2120","2105","12662","10","19","","30","39","12662","3"," "
"6534","正瀚-創","1","2","","1773","1772","25700","","","","","","25700",""," "
"6541","泰福-KY","10","9","","3858","3859","66248","1","","","8","7","66248",""," "
"6550","北極星藥業-KY","","","","","","","","","","","","","","OX "
"6552","易華電","18","","","1088","1106","20750","16","","","22","6","20750",""," "
"6558","興能高","6","13","23","2732","2702","21622","7","1","","52","46","21622",""," "
"6573","虹揚-KY","","","","","","","","","","","","","","OX "
"6579","研揚","86","80","","1160","1166","42362","2","4","","4","6","42362",""," "
"6581","鋼聯","","","","6","6","27817","","","","","","27817",""," "
"6582","申豐","2","12","","361","351","26543","","","","","","26543",""," "
"6585","鼎基","18","16","","2152","2154","18033","","1","","34","35","18033",""," "
"6589","台康生技","27","14","","2984","2997","63019","","","","","","63019",""," "
"6591","動力-KY","","42","35","2061","1984","10280","","","","16","16","10280",""," "
"6592","和潤企業","11","10","1","658","658","160461","","","","1","1","160461",""," "
"6598","ABC-KY","","","","","","","","","","","","","","OX "
"6605","帝寶","52","44","","2290","2298","41454","","7","","2","9","41454",""," "
"6606","建德工業","","","","563","563","27575","","","","","","27575",""," "
"6614","資拓宏宇","","1","","69","68","20165","","","","","","20165",""," "
"6625","必應","14","3","","817","828","14493","","","","","","14493",""," "
"6641","基士德-KY","","","","102","102","9125","","","","1","1","9125",""," "
"6645","金萬林-創","","","","11","11","","","","","","","","","OX "
"6655","科定","","","","","","20142","","","","","","20142",""," "
"6657","華安","","12","1","1311","1298","","","","","","","","","OX "
"6658","聯策","24","61","2","1459","1420","9092","2","","","9","7","9092","1"," "
"6666","羅麗芬-KY","3","1","","281","283","11847","","","","","","11847",""," "
"6668","中揚光","51","80","1","2931","2901","19957","6","9","","22","25","19957",""," "
"6669","緯穎","50","117","","1269","1202","46655","6","3","","18","15","46655","1"," "
"6670","復盛應用","52","","","378","430","34846","","","","1","1","34846",""," "
"6671","三能-KY","","","","80","80","15187","","","","","","15187",""," "
"6672","騰輝電子-KY","242","109","","5574","5707","20405","6","4","","23","21","20405","3"," "
"6674","鋐寶科技","","1","","248","247","17137","","","","3","3","17137",""," "
"6689","伊雲谷","25","27","33","1317","1282","17000","","","","11","11","17000",""," "
"6691","洋基工程","43","17","","1425","1451","30371","","","","23","23","30371",""," "
"6695","芯鼎","39","47","1","3675","3666","21736","1","11","","26","36","21736",""," "
"6698","旭暉應材","7","25","30","2063","2015","16597","","","","","","16597",""," "
"6706","惠特","39","54","47","7551","7489","19637","26","26","","92","92","19637",""," "
"6715","嘉基","153","22","1","6624","6754","17068","2","9","","3","10","17068","2"," "
"6719","力智","123","35","11","3564","3641","21129","3","2","","6","5","21129","6"," "
"6722","輝創","4","1","","42","45","22100","","","","","","22100",""," "
"6742","澤米","15","27","1","1816","1803","17816","3","","","9","6","17816",""," "
"6743","安普新","4","","","514","518","37500","","","","","","37500","","X "
"6753","龍德造船","67","150","","5543","5460","29313","23","10","","100","87","29313","4"," "
"6754","匯僑設計","","","","133","133","16500","","","","","","16500",""," "
"6756","威鋒電子","","12","","646","634","17497","","","","","","17497","1"," "
"6757","台灣虎航","78","140","1","3433","3370","114882","","2","","4","6","114882","1"," "
"6768","志強-KY","9","12","","1156","1153","50023","","","","16","16","50023",""," "
"6770","力積電","1903","2393","199","136038","135349","1178020","5455","278","","9559","4382","1178020",""," "
"6771","平和環保-創","10","","","82","92","7794","","","","","","7794",""," "
"6776","展碁國際","5","54","8","730","673","22895","","","","","","22895",""," "
"6781","AES-KY","16","50","2","2518","2482","21354","5","","","6","1","21354",""," "
"6782","視陽","15","4","","471","482","15750","1","","","1","","15750",""," "
"6789","采鈺","103","90","","4663","4676","79574","6","6","","35","35","79574","3"," "
"6790","永豐實","","","","587","587","66782","","","","","","66782",""," "
"6792","詠業","2","","","271","273","11968","","","","7","7","11968",""," "
"6794","向榮生技","1","","","256","257","12109","","","","","","12109",""," "
"6796","晉弘","","","","587","587","10058","","","","1","1","10058",""," "
"6799","來頡","2","25","1","2087","2063","10913","16","","","16","","10913",""," "
"6805","富世達","82","33","","2229","2278","17138","","2","","6","8","17138",""," "
"6807","峰源-KY","","","","138","138","13500","","","","","","13500",""," "
"6830","汎銓","140","77","1","3586","3648","13603","8","22","","34","48","13603",""," "
"6831","邁科","173","6","","379","546","16875","","3","","3","6","16875",""," "
"6834","天二科技","74","72","2","2935","2935","22117","4","8","","53","57","22117","1"," "
"6835","圓裕","1","1","","798","798","16543","","","","4","4","16543",""," "
"6838","台新藥","","","","2585","2585","","","","","","","","","OX "
"6854","錼創科技-KY創","6","5","166","2767","2602","29419","9","","","12","3","29419",""," "
"6861","睿生光電","22","17","","1683","1688","10399","2","2","","6","6","10399",""," "
"6862","三集瑞-KY","35","14","1","892","912","12500","6","2","","15","11","12500",""," "
"6863","永道-KY","59","140","","1142","1061","18722","","10","","5","15","18722","1"," "
"6869","雲豹能源","27","11","","2850","2866","34457","3","","","5","2","34457","1"," "
"6873","泓德能源","3","","1","3480","3482","34591","","8","","86","94","34591",""," "
"6885","全福生技","4","3","","2271","2272","33265","","","","20","20","33265",""," "
"6887","寶綠特-KY","","","","893","893","18543","","","","","","18543",""," "
"6890","來億-KY","24","9","","787","802","62573","","","","2","2","62573",""," "
"6901","鑽石投資","76","89","","6306","6293","213340","1","1","","37","37","213340",""," "
"6902","GOGOLOOK","57","21","","581","617","8882","","","","","","8882","1"," "
"6906","現觀科","1","","5","496","492","8384","","","","","","8384",""," "
"6909","創控","12","16","","1398","1394","16859","12","","","13","1","16859",""," "
"6914","阜爾運通","9","","","337","346","16556","","","","","","16556",""," "
"6916","華凌","1","4","","395","392","16875","","","","","","16875",""," "
"6918","愛派司","","","15","99","84","8642","","","","","","8642",""," "
"6919","康霈*","","","","","","","","","","","","","","OX "
"6923","中台","11","2","","1728","1737","22872","","","","","","22872",""," "
"6928","攸泰科技","16","1","3","773","785","21500","2","","","16","14","21500",""," "
"6931","青松健康","","13","","116","103","16538","","","","","","16538",""," "
"6933","AMAX-KY","27","16","","735","746","10604","1","","","4","3","10604",""," "
"6936","永鴻生技","","","","242","242","18201","","","","","","18201",""," "
"6937","天虹","22","6","","1445","1461","16913","1","2","","1","2","16913",""," "
"6944","兆聯實業","33","25","","778","786","19171","1","2","","20","21","19171",""," "
"6949","沛爾生醫-創","15","10","","5302","5307","16395","","1","","2","3","16395",""," "
"6951","青新-創","","","","77","77","11500","","","","","","11500",""," "
"6952","大武山","","2","","15","13","17086","","","","","","17086",""," "
"6957","裕慶-KY","40","22","","1591","1609","13878","","","","","","13878",""," "
"6958","日盛台駿","","37","","174","137","100322","","","","","","100322",""," "
"6962","奕力-KY","53","61","21","8372","8343","123099","2","11","","4","13","123099","18"," "
"6965","中傑-KY","","2","","39","37","39084","","","","","","39084",""," "
"6994","富威電力","59","18","1","2957","2997","18540","","9","","12","21","18540",""," "
"7631","聚賢研發-創","4","","","63","67","5035","","","","","","5035",""," "
"7705","三商餐飲","","","","88","88","16516","","","","","","16516",""," "
"7711","永擎","18","26","2","554","544","17925","","","","","","17925",""," "
"7721","微程式","1","","","1141","1142","12592","","","","","","12592",""," "
"7722","LINEPAY","7","1","","526","532","17000","","","","","","17000",""," "
"7730","暉盛-創","6","","","483","489","9199","","","","1","1","9199",""," "
"7732","金興精密","6","4","","78","80","16170","","","","","","16170",""," "
"7736","虎山","1","","","70","71","19000","","","","","","19000",""," "
"7740","熙特爾-創","3","3","","1792","1792","13300","","","","","","13300",""," "
"7749","意騰-KY","13","11","","991","993","11621","1","","","9","8","11621",""," "
"7750","新代","35","4","","557","588","17960","","","","1","1","17960",""," "
"7765","中華資安","1","","","460","461","10170","","","","","","10170",""," "
"7769","鴻勁","79","10","","323","392","44982","","","","2","2","44982",""," "
"7780","大研生醫*","1","3","","290","288","202506","","","","","","202506",""," "
"7786","東方風能","7","8","","163","162","43988","","","","","","43988",""," "
"7788","松川精密","114","34","","1470","1550","19936","","1","","6","7","19936",""," "
"7791","皇家可口","1","","","18","19","20000","","","","","","20000",""," "
"7795","長廣","73","3","","168","238","19707","","","","","","19707",""," "
"7799","禾榮科","16","19","","1206","1203","39561","","2","","2","4","39561",""," "
"8011","台通","25","18","44","3444","3407","41480","1","1","","33","33","41480",""," "
"8016","矽創","69","20","","1458","1507","30034","1","3","","5","7","30034",""," "
"8021","尖點","190","71","4","8636","8751","36772","","6","","32","38","36772",""," "
"8028","昇陽半導體","163","140","4","4958","4977","45887","11","5","60","154","88","45887","100"," "
"8033","雷虎","31","87","3","6226","6167","39239","5","5","1","131","130","39239","20"," "
"8039","台虹","4116","2800","24","17769","19061","65950","116","511","","344","739","65950","102"," "
"8045","達運光電","2","5","","4950","4947","23760","10","","","10","","23760","2"," "
"8046","南電","191","173","8","9144","9154","161541","4","19","","365","380","161541",""," "
"8070","長華*","278","384","10","6305","6189","181412","4","2","","15","13","181412","1"," "
"8072","陞泰","1","11","1","1769","1758","20000","10","","","10","","20000",""," "
"8081","致新","35","34","","1749","1750","21543","3","1","","9","7","21543","1"," "
"8101","華冠","","","","","","","","","","","","","","OX "
"8103","瀚荃","75","16","2","2932","2989","19609","","","","","","19609",""," "
"8104","錸寶","28","64","19","3450","3395","26014","17","1","","18","2","26014",""," "
"8105","凌巨","109","108","","8178","8179","72140","1","1","","497","497","72140","2"," "
"8110","華東","462","288","25","14495","14644","129434","11","12","","162","163","129434",""," "
"8112","至上","707","495","11","16881","17082","141323","132","249","","3260","3377","141323","6"," "
"8114","振樺電","133","64","1","1458","1526","19121","21","2","","23","4","19121","5"," "
"8131","福懋科","265","194","7","4662","4726","110555","35","11","","86","62","110555","2"," "
"8150","南茂","700","760","59","14837","14718","176130","28","32","","1222","1226","176130",""," "
"8162","微矽電子-創","24","50","","1635","1609","17175","","","","","","17175",""," "
"8163","達方","32","38","3","2394","2385","70000","7","1","","12","6","70000",""," "
"8201","無敵","","","","","","","","","","","","","","OX "
"8210","勤誠","44","88","","2258","2214","31329","","1","","20","21","31329",""," "
"8213","志超","16","22","","3714","3708","67810","","","","","","67810",""," "
"8215","明基材","36","40","","3182","3178","80168","2","5","","12","15","80168",""," "
"8222","寶一","26","66","2","3410","3368","17143","4","4","","28","28","17143","2"," "
"8249","菱光","2","4","","3786","3784","28587","","1","","20","21","28587",""," "
"8261","富鼎","1380","835","6","5689","6228","29719","5","23","","26","44","29719","18"," "
"8271","宇瞻","1058","697","1","5786","6146","30893","156","139","1","715","697","30893","16"," "
"8341","日友","8","","","357","365","32500","","","","","","32500",""," "
"8367","建新國際","","","","12","12","23043","","","","","","23043",""," "
"8374","羅昇","10","10","","1529","1529","22312","2","","","3","1","22312",""," "
"8404","百和興業-KY","29","6","52","3772","3743","104983","","","","","","104983","","X "
"8411","福貞-KY","","","","16","16","54601","","","","","","54601",""," "
"8422","可寧衛*","141","332","79","24800","24530","339690","6","1","","75","70","339690","1"," "
"8429","金麗-KY","159","7","","13865","14017","46436","","","","28","28","46436",""," "
"8438","昶昕","42","9","","3250","3283","17485","","","","","","17485",""," "
"8442","威宏-KY","","1","","741","740","17542","","","","20","20","17542",""," "
"8443","阿瘦","","","","28","28","","","","","","","","","OX "
"8454","富邦媒","79","48","","1437","1468","66243","3","1","","57","55","66243","1"," "
"8462","柏文","26","37","","1110","1099","20096","","","","14","14","20096",""," "
"8463","潤泰材","","2","","122","120","37500","","","","","","37500",""," "
"8464","億豐","1","8","","54","47","73255","","","","1","1","73255",""," "
"8466","美吉吉-KY","","9","","1296","1287","19956","","","","","","19956",""," "
"8467","波力-KY","","","","241","241","12093","","","","","","12093",""," "
"8473","山林水","6","63","1","2200","2142","42907","","","9","33","24","42907",""," "
"8476","台境*","96","62","","18296","18330","41556","19","1","11","288","259","41556",""," "
"8478","東哥遊艇","3","90","3","1098","1008","23493","","","","","","23493",""," "
"8481","政伸","","","","5","5","16650","","","","","","16650",""," "
"8482","商億-KY","","","","160","160","26861","","","","","","26861",""," "
"8487","愛爾達-創","2","","","34","36","6633","","","","","","6633",""," "
"8488","吉源-KY","","","","20","20","18375","","","","","","18375",""," "
"8499","鼎炫-KY","3","","","572","575","10291","","","","","","10291",""," "
"8926","台汽電","527","431","1","6607","6702","207570","31","11","","93","73","207570",""," "
"8940","新天地","9","","","82","91","16872","","","","","","16872",""," "
"8996","高力","214","23","2","4050","4239","23375","2","9","","63","70","23375",""," "
"9103","美德醫療-DR","122","84","","3577","3615","51382","1","","","60","59","51382",""," "
"910322","康師傅-DR","","","","","","","","","","","","","","OX "
"9105","泰金寶-DR","576","653","7","45993","45909","409912","17","151","","387","521","409912","71"," "
"910861","神州-DR","","","","","","","","","","","","","","OX "
"911868","同方友友-DR","","","","","","","","","","","","","","OX "
"912000","晨訊科-DR","","2","","16639","16637","39823","","","","","","39823",""," "
"9136","巨騰-DR","8","10","","12946","12944","33878","","28","","","28","33878",""," "
"9802","鈺齊-KY","18","67","","2152","2103","50247","","","","24","24","50247",""," "
"9902","台火","34","4","","3083","3113","24512","","","","1","1","24512",""," "
"9904","寶成","747","556","","24589","24780","736696","3","144","","17","158","736696","1"," "
"9905","大華","","","","25","25","76250","","","","","","76250",""," "
"9906","欣巴巴","1","1","","422","422","22594","","","","","","22594",""," "
"9907","統一實","143","57","","4024","4110","394786","40","30","","42","32","394786",""," "
"9908","大台北","1","3","","126","124","129089","","","","","","129089",""," "
"9910","豐泰","33","25","","2168","2176","246870","8","","","8","","246870",""," "
"9911","櫻花","1","6","","387","382","55597","","","","","","55597",""," "
"9912","偉聯","","","","","","","","","","","","","","OX "
"9914","美利達","145","92","","2615","2668","74745","72","","","72","","74745","","X "
"9917","中保科","2","","","54","56","112799","","","","","","112799",""," "
"9918","欣天然","","","","93","93","45134","","","","","","45134",""," "
"9919","康那香","16","33","","8252","8235","48840","4","","","4","","48840",""," "
"9921","巨大","121","35","","1834","1920","98016","24","3","","215","194","98016",""," "
"9924","福興","2","","","734","736","37690","","","","","","37690",""," "
"9925","新保","","","","1","1","96872","","","","","","96872",""," "
"9926","新海","","","","12","12","44876","","","","","","44876",""," "
"9927","泰銘","5","","","57","62","30000","","","","","","30000",""," "
"9928","中視","11","","","443","454","15481","","","","","","15481",""," "
"9929","秋雨","","","","","","","","","","","","","","OX "
"9930","中聯資源","","1","","20","19","62135","","","","","","62135",""," "
"9931","欣高","","","","67","67","30092","","","","","","30092",""," "
"9933","中鼎","39","17","","4062","4084","224834","","1","","1","2","224834",""," "
"9934","成霖","141","96","","5713","5758","102754","","","","4","4","102754",""," "
"9935","慶豐富","70","6","","1198","1262","44459","","","","","","44459",""," "
"9937","全國","1","3","","118","116","77260","","","","","","77260",""," "
"9938","百和","62","15","18","3201","3230","74490","","","","","","74490","","X "
"9939","宏全","152","4","","1200","1348","73946","","","","1","1","73946",""," "
"9940","信義","4","","","1255","1259","184211","","","","","","184211",""," "
"9941","裕融","21","38","","919","902","143909","","","","3","3","143909",""," "
"9942","茂順","2","1","","25","26","20790","","","","","","20790",""," "
"9943","好樂迪","6","","","69","75","31292","","","","","","31292",""," "
"9944","新麗","","1","","5521","5520","26477","","","","4","4","26477",""," "
"9945","潤泰新","238","238","","20907","20907","711056","51","68","","72","89","711056","3"," "
"9946","三發地產","1","14","","1158","1145","81638","","","","","","81638",""," "
"9955","佳龍","52","17","1","1019","1053","26108","","1","","36","37","26108","1"," "
"9958","世紀鋼","74","55","6","8168","8181","61724","","5","","2","7","61724",""," "
