股票代號,股票名稱,融資買進,融資賣出,融資現金償還,融資前日餘額,融資今日餘額,融資限額,融券買進,融券賣出,融券現券償還,融券前日餘額,融券今日餘額,融券限額,資券互抵,註記
"00400A","主動國泰動能高息","340","422","47","11100","10971","520160","12","","","14","2","520160","","X "
"00401A","主動摩根台灣鑫收","9","7","","1312","1314","57598","2","","","3","1","57598","1"," "
"00402A","主動安聯美國科技","53","","","2333","2386","186531","","1","","","1","186531",""," "
"00403A","主動統一升級50","6858","7986","555","144874","143191","4491879","1553","1213","","1943","1603","4491879","208"," "
"00404A","主動聯博動能50","25","95","","2178","2108","91698","","","","1","1","91698","1"," "
"00405A","主動富邦台灣龍耀","2997","3496","108","36369","35762","877186","4281","269","","4906","894","877186","128"," "
"00406A","主動中信台灣收益","2955","1382","8","13865","15430","444765","","","","","","444765",""," "
"00407A","主動凱基台灣","996","528","17","37024","37475","795434","11","36","","89","114","795434","59"," "
"00408A","主動第一金優股息","4","3","","255","256","42783","","","","","","42783",""," "
"0050","元大台灣50","6832","1988","160","29290","33974","5611625","134","461","","258","585","5611625","132"," "
"0051","元大中型100","4","","","2","6","6125","","","","","","6125",""," "
"0052","富邦科技","555","198","5","12520","12872","664000","15","9","","73","67","664000","23"," "
"0053","元大電子","","","","14","14","1372","","","","","","1372",""," "
"0055","元大MSCI金融","1","2","","52","51","22413","","","","","","22413",""," "
"0056","元大高股息","798","482","18","9357","9655","3583383","10","21","","73","84","3583383","5"," "
"0057","富邦摩台","","","","","","381","","","","","","381",""," "
"0061","元大寶滬深","","","","13","13","24154","","","","","","24154",""," "
"006203","元大MSCI台灣","","","","","","2554","","","","","","2554",""," "
"006204","永豐臺灣加權","","","","","","375","","","","","","375",""," "
"006205","富邦上証","1","","","67","68","23734","","","","1","1","23734",""," "
"006206","元大上證50","","","","8","8","6819","","","","","","6819",""," "
"006207","復華滬深","","","","2","2","5223","","","","","","5223",""," "
"006208","富邦台50","35","3","14","454","472","464385","","","","1","1","464385",""," "
"00631L","元大台灣50正2","30133","22476","340","276095","283412","1981212","1333","2609","","11573","12849","1981212","2465"," "
"00632R","元大台灣50反1","21168","41109","","250253","230312","510426","338","1826","69","17822","19241","510426","1708"," "
"00633L","富邦上証正2","426","53","","7717","8090","29614","23","","","774","751","29614","16"," "
"00634R","富邦上証反1","62","6","","2205","2261","11814","","2","","15","17","11814",""," "
"00635U","期元大S&P黃金","118","146","","6651","6623","75878","14","5","","248","239","75878","6"," "
"00636","國泰中國A50","20","2","","146","164","23956","","","","","","23956",""," "
"00637L","元大滬深300正2","3104","306","","86127","88925","186276","866","147","","7730","7011","186276","9"," "
"00638R","元大滬深300反1","1","","","785","786","6112","","","","4","4","6112",""," "
"00639","富邦深100","28","2","","340","366","24350","","","","8","8","24350",""," "
"00640L","富邦日本正2","2","2","","149","149","1729","","","","36","36","1729",""," "
"00641R","富邦日本反1","164","40","","10423","10547","20189","10","","","522","512","20189",""," "
"00642U","期元大S&P石油","216","53","","3221","3384","22455","10","30","","730","750","22455","1"," "
"00643","群益深証中小","1","","","439","440","18250","","","","","","18250",""," "
"00645","富邦日本","","","","30","30","10874","","","","","","10874",""," "
"00646","元大S&P500","1","2","","80","79","142746","","","","2","2","142746",""," "
"00647L","元大S&P500正2","","9","","39","30","1604","","","","","","1604",""," "
"00648R","元大S&P500反1","624","57","","14349","14916","35547","","","","115","115","35547","1"," "
"00650L","復華香港正2","184","1034","","11841","10991","26459","4","31","","1340","1367","26459","10"," "
"00651R","復華香港反1","87","","","1459","1546","8048","15","","","86","71","8048","4"," "
"00652","富邦印度","","2","","35","33","16133","","","","","","16133",""," "
"00653L","富邦印度正2","11","1","21","2330","2319","3600","","","","1","1","3600","","@ "
"00654R","富邦印度反1","1","","","644","645","4866","","18","","62","80","4866",""," "
"00655L","國泰中國A50正2","96","16","","1937","2017","14489","5","2","","215","212","14489",""," "
"00656R","國泰中國A50反1","10","","","154","164","5089","","","","1","1","5089",""," "
"00657","國泰日經225","","","","","","1646","","","","","","1646",""," "
"00660","元大歐洲50","","","","","","1882","","","","","","1882",""," "
"00661","元大日經225","","","","18","18","5856","","","","","","5856",""," "
"00662","富邦NASDAQ","6","12","","1259","1253","217382","","","","7","7","217382",""," "
"00663L","國泰臺灣加權正2","628","1178","15","12183","11618","43915","194","306","","1532","1644","43915","85"," "
"00664R","國泰臺灣加權反1","2974","5134","15","62636","60461","179643","29","122","","1284","1377","179643","1300"," "
"00665L","富邦恒生國企正2","1626","3454","","58200","56372","105241","300","138","","2160","1998","105241","89"," "
"00666R","富邦恒生國企反1","","","","702","702","3656","","","","12","12","3656","4"," "
"00668","國泰美國道瓊","","","","12","12","1870","","","","","","1870",""," "
"00669R","國泰美國道瓊反1","289","121","","14120","14288","51279","","8","","60","68","51279",""," "
"00670L","富邦NASDAQ正2","76","16","","1084","1144","19036","22","4","","153","135","19036","4"," "
"00671R","富邦NASDAQ反1","","94","","123517","123423","133971","","58","","2284","2342","133971","","O "
"00673R","期元大S&P原油反1","1925","4163","30","56391","54123","139887","63","","","302","239","139887","53"," "
"00674R","期元大S&P黃金反1","10","8","","183","185","3855","","","","18","18","3855",""," "
"00675L","富邦臺灣加權正2","142","301","3","3550","3388","29196","1","14","1","285","297","29196","8"," "
"00676R","富邦臺灣加權反1","1942","1211","","16104","16835","40333","51","12","","948","909","40333","58"," "
"00678","群益那斯達克生技","","","","29","29","2112","","","","","","2112",""," "
"00680L","元大美債20正2","1692","589","","64037","65140","372394","2","52","","70","120","372394",""," "
"00681R","元大美債20反1","1","","","3","4","1898","","","","","","1898",""," "
"00682U","期元大美元指數","","","","44","44","1911","","","","","","1911",""," "
"00683L","期元大美元指正2","","12","","94","82","2858","","","","","","2858",""," "
"00684R","期元大美元指反1","","","","21","21","2422","","","","","","2422",""," "
"00685L","群益臺灣加權正2","19859","15003","272","221344","225928","1717584","1543","1035","","8601","8093","1717584","1903"," "
"00686R","群益臺灣加權反1","4466","1940","","14269","16795","52444","","1","","104","105","52444","2"," "
"00688L","國泰20年美債正2","2094","619","","26653","28128","158278","15","","","21","6","158278",""," "
"00689R","國泰20年美債反1","","","","","","1722","","","","","","1722","","X "
"00690","兆豐藍籌30","6","","","78","84","20832","","","","","","20832",""," "
"00692","富邦公司治理","3","","","100","103","153695","","","","","","153695",""," "
"00693U","期街口S&P黃豆","27","4","","1888","1911","19166","","1","","6","7","19166",""," "
"00700","富邦恒生國企","","17","","182","165","8745","","","","","","8745",""," "
"00701","國泰股利精選30","","","","20","20","42722","","","","","","42722",""," "
"00702","國泰標普低波高息","","","","","","1672","","","","","","1672","","X "
"00703","台新MSCI中國","","2","","3","1","2387","","","","","","2387",""," "
"00706L","期元大S&P日圓正2","16","278","","5482","5220","37567","","12","","265","277","37567",""," "
"00707R","期元大S&P日圓反1","","","","","","1463","","","","","","1463","","X "
"00708L","期元大S&P黃金正2","300","200","1","10553","10652","32018","47","12","","591","556","32018",""," "
"00709","富邦歐洲","","","","2","2","3865","","","","","","3865",""," "
"00710B","復華彭博非投等債","","","","10","10","45190","","","","","","45190",""," "
"00711B","復華彭博新興債","","","","3","3","217940","","","","","","217940",""," "
"00712","復華富時不動產","87","298","","13309","13098","1239127","10","11","","33","34","1239127","2"," "
"00713","元大台灣高息低波","38","36","","324","326","429628","","","","","","429628",""," "
"00714","群益道瓊美國地產","","","","31","31","5266","","","","","","5266",""," "
"00715L","期街口布蘭特正2","1568","1053","1","11157","11671","26547","51","288","3","4250","4484","26547","101"," "
"00717","富邦美國特別股","","","","41","41","30651","","","","","","30651",""," "
"00728","第一金工業30","1","","","3","4","9730","","","","","","9730",""," "
"00730","富邦臺灣優質高息","","","","3","3","17511","","","","","","17511",""," "
"00731","復華富時高息低波","1","","","2","3","5275","","","","","","5275",""," "
"00733","富邦臺灣中小","12","","","73","85","16491","","","","","","16491","3"," "
"00735","國泰臺韓科技","563","422","3","4923","5061","30322","47","6","","465","424","30322","137"," "
"00736","國泰新興市場","","","","","","1681","","","","","","1681",""," "
"00737","國泰AI機器人","1","","","51","52","5634","","","","","","5634",""," "
"00738U","期元大道瓊白銀","213","228","","12849","12834","61449","23","","","440","417","61449",""," "
"00739","元大MSCI A股","","","","","","6497","","","","","","6497",""," "
"00752","中信中國50","21","57","","444","408","66054","","","","18","18","66054",""," "
"00753L","中信中國50正2","802","3560","1","81470","78711","174539","24","39","","1265","1280","174539","4"," "
"00757","統一FANG+","22","6","","185","201","67873","","","","3","3","67873",""," "
"00762","元大全球AI","1","1","","65","65","12062","","","","","","12062",""," "
"00763U","期街口道瓊銅","37","75","","1481","1443","11141","","","","94","94","11141",""," "
"00770","國泰北美科技","","","","23","23","19864","","","","","","19864",""," "
"00771","元大US高息特別股","","","","1","1","3556","","","","","","3556",""," "
"00775B","台新投等債15+","","","","","","58025","","","","","","58025","","X "
"00783","富邦中証500","","","","349","349","1757","","","","","","1757",""," "
"00830","國泰費城半導體","635","131","2","4280","4782","200991","132","118","","340","326","200991","5"," "
"00850","元大臺灣ESG永續","","","","16","16","103861","","","","","","103861",""," "
"00851","台新全球AI","","","","2","2","1381","","","","","","1381",""," "
"00852L","國泰美國道瓊正2","5","3","","34","36","2091","","","","54","54","2091",""," "
"00861","元大全球未來通訊","1","","","31","32","17353","","","","","","17353",""," "
"00865B","國泰US短期公債","","20","","245","225","69436","","","","","","69436",""," "
"00875","國泰網路資安","1","","","","1","3372","","","","","","3372",""," "
"00876","元大全球5G","","2","","11","9","23381","","","","","","23381",""," "
"00878","國泰永續高股息","285","202","15","3677","3745","4599572","7","33","","77","103","4599572","22"," "
"00881","國泰台灣科技龍頭","274","119","2","1444","1597","608975","1","","","3","2","608975","31"," "
"00882","中信中國高股息","195","103","4","2333","2421","494462","6","3","","31","28","494462","17"," "
"00885","富邦越南","49","27","","869","891","153434","","2","","124","126","153434",""," "
"00891","中信關鍵半導體","233","91","2","5193","5333","437272","6","1","","23","18","437272","1"," "
"00892","富邦台灣半導體","374","34","","1644","1984","81073","6","3","","26","23","81073","1"," "
"00893","國泰智能電動車","2","1","","74","75","89971","5","","","23","18","89971",""," "
"00894","中信小資高價30","8","18","","609","599","37252","","","","","","37252",""," "
"00895","富邦未來車","","","","70","70","36729","","","","8","8","36729",""," "
"00896","中信綠能及電動車","1","55","1","1819","1764","97845","","2","","","2","97845",""," "
"00897","富邦基因免疫生技","1","6","","152","147","35753","","","","","","35753",""," "
"00898","國泰基因免疫革命","","","","40","40","35119","","","","","","35119",""," "
"00899","FT潔淨能源","1","","","63","64","4033","","","","","","4033",""," "
"00900","富邦特選高股息30","7","2","","337","342","401131","","1","","","1","401131","18"," "
"00901","永豐智能車供應鏈","","","","3","3","15712","","","","","","15712",""," "
"00902","中信電池及儲能","29","5","","2457","2481","56874","","","","9","9","56874",""," "
"00903","富邦元宇宙","2","","","23","25","12305","","","","","","12305",""," "
"00904","台新臺灣半導體30","14","32","","465","447","40278","","","","6","6","40278",""," "
"00905","FT臺灣Smart","6","6","9","457","448","90081","","","","","","90081",""," "
"00907","永豐優息存股","","60","","896","836","38408","","","","","","38408",""," "
"00908","富邦入息REITs+","","","","10","10","8854","","","","","","8854",""," "
"00909","國泰數位支付服務","21","9","","978","990","26426","12","1","","14","3","26426",""," "
"00910","第一金太空衛星","23","85","2","1970","1906","31609","1","","","3","2","31609","1"," "
"00911","兆豐洲際半導體","7","","1","168","174","7475","","1","","","1","7475",""," "
"00912","中信臺灣智慧50","7","","","163","170","15063","","","","","","15063",""," "
"00913","兆豐台灣晶圓製造","29","8","","1169","1190","12441","101","","","106","5","12441",""," "
"00915","凱基優選高股息30","","","","34","34","130120","","","","","","130120",""," "
"00916","國泰全球品牌50","","","","543","543","29729","","","","","","29729",""," "
"00917","中信特選金融","2","6","","96","92","15369","","","","","","15369",""," "
"00918","大華優利高填息30","238","315","6","5385","5302","865191","","","","19","19","865191","2"," "
"00919","群益台灣精選高息","1729","264","2","9073","10536","4549533","3","160","","311","468","4549533","54"," "
"00920","富邦ESG綠色電力","","","","19","19","5070","","","","","","5070",""," "
"00921","兆豐龍頭等權重","15","","","6","21","13942","","","","","","13942",""," "
"00922","國泰台灣領袖50","85","53","","1693","1725","539171","","","","1","1","539171","1"," "
"00923","群益台ESG低碳50","7","4","","208","211","214105","","","","","","214105",""," "
"00924","復華S&P500成長","","30","","131","101","108775","","","","","","108775",""," "
"00926","凱基全球菁英55","","","","21","21","23995","","","","","","23995",""," "
"00927","群益半導體收益","339","1257","25","13778","12835","336724","18","10","","31","23","336724","18"," "
"00929","復華台灣科技優息","338","170","","6753","6921","1199409","74","","","83","9","1199409","23"," "
"00930","永豐ESG低碳高息","1","","","101","102","32819","","","","","","32819",""," "
"00932","兆豐永續高息等權","","","","72","72","29820","","","","","","29820",""," "
"00934","中信成長高股息","2","","","636","638","106381","3","","","3","","106381",""," "
"00935","野村臺灣新科技50","200","173","3","6087","6111","214751","8","5","","28","25","214751","12"," "
"00936","台新永續高息中小","","","","5","5","51449","","","","","","51449",""," "
"00938","凱基優選30","","","","4","4","24504","","","","","","24504",""," "
"00939","統一台灣高息動能","37","12","","172","197","296119","","","","","","296119",""," "
"00940","元大台灣價值高息","94","13","","1768","1849","1359466","69","2","","108","41","1359466","2"," "
"00941","中信上游半導體","6","59","","242","189","113447","","","","","","113447",""," "
"00943","兆豐電子高息等權","","","","24","24","10347","","","","","","10347",""," "
"00944","野村趨勢動能高息","","","","6","6","13520","","","","","","13520",""," "
"00945B","凱基美國非投等債","10","","","251","261","199329","","","","","","199329",""," "
"00946","群益科技高息成長","10","2","","528","536","115186","","","","","","115186","","X "
"00947","台新臺灣IC設計","318","429","2","5138","5025","72841","11","43","","83","115","72841","61"," "
"00949","復華日本龍頭","21","2","","95","114","43107","","","","","","43107",""," "
"00951","台新日本半導體","22","28","","1409","1403","56385","11","","","14","3","56385",""," "
"00952","凱基台灣AI50","13","","44","1480","1449","61443","","","","","","61443","1"," "
"00953B","群益優選非投等債","2075","132","10","118589","120522","1034043","","","","","","1034043","","X "
"00954","中信日本半導體","21","162","","2391","2250","30186","4","","","4","","30186","26"," "
"00956","中信日經高股息","10","","","65","75","8532","","","","","","8532",""," "
"00960","野村全球航運龍頭","1","","","73","74","14373","","","","","","14373",""," "
"00961","FT臺灣永續高息","173","107","","2725","2791","112502","3","","","3","","112502","1"," "
"00962","台新AI優息動能","","20","","100","80","13605","","","","","","13605",""," "
"00963","中信全球高股息","1","1","","28","28","25858","","","","","","25858",""," "
"00964","中信亞太高股息","","","","51","51","17656","","","","","","17656",""," "
"00965","元大航太防衛科技","6","1","","1724","1729","109873","","","","41","41","109873",""," "
"00971","野村美國研發龍頭","","2","","26","24","14294","","","","","","14294",""," "
"00972","野村日本動能高息","10","","","12","22","4293","","","","","","4293",""," "
"009800","中信NASDAQ","","","","1467","1467","71972","","1","","18","19","71972",""," "
"009801","中信美國創新科技","","","","24","24","24029","","","","","","24029",""," "
"009802","富邦旗艦50","42","19","1","924","946","132873","","3","","","3","132873",""," "
"009803","玉山市值動能50","2","5","","459","456","46832","","1","","10","11","46832",""," "
"009804","聯邦台精彩50","5","41","","896","860","39348","","8","","","8","39348",""," "
"009805","台新美國電力基建","54","158","","16041","15937","153579","","","","","","153579",""," "
"009808","華南永昌優選50","","3","","15","12","10252","","","","","","10252",""," "
"009809","富邦淨零ESG50","","","","3","3","8090","","","","","","8090",""," "
"00980A","主動野村臺灣優選","113","148","","2910","2875","181182","","1","","9","10","181182",""," "
"009810","玉山全球藍籌100","","","","2","2","4788","","","","","","4788",""," "
"009811","統一美國50","","1","","76","75","61612","","","","35","35","61612",""," "
"009812","野村日本東證","","","","3","3","24470","","","","","","24470",""," "
"009813","貝萊德標普卓越50","1","","","68","69","85456","","","","","","85456",""," "
"009816","凱基台灣TOP50","1937","1475","22","38809","39249","2983836","31","48","","297","314","2983836","79"," "
"009817","國泰日本不動產","","10","","83","73","57859","","","","","","57859",""," "
"009818","華南永昌NASDAQxT","","","","12","12","12913","","","","","","12913",""," "
"009819","中信數據及電力","57","308","","5264","5013","168061","","1","","12","13","168061",""," "
"00981A","主動統一台股增長","21520","9900","160","173404","184864","2560802","1436","2127","","5390","6081","2560802","729"," "
"00981T","平衡凱基雙核收息","","","","37","37","56815","","","","","","56815",""," "
"009820","元大納斯達克精選","101","25","","2917","2993","319550","","","","5","5","319550",""," "
"009821","野村稀土關鍵資源","57","155","2","9115","9015","178835","","1","","2","3","178835","5"," "
"009824","群益美國科技巨頭","47","302","","2235","1980","163586","","1","","5","6","163586",""," "
"00982A","主動群益台灣強棒","436","269","5","10007","10169","563234","","","","16","16","563234","4"," "
"00982D","主動富邦動態入息","","","","128","128","18307","","","","","","18307",""," "
"00982T","平衡兆豐台美動能","","","","","","4649","","","","","","4649",""," "
"00983A","主動中信ARK創新","13","2","","435","446","24921","","","","6","6","24921",""," "
"00983D","主動富邦複合收益","","","","121","121","25424","","","","","","25424",""," "
"00984A","主動安聯台灣高息","21","38","","2035","2018","161739","","","","1","1","161739",""," "
"00984D","主動聯博全球非投","1049","278","","5464","6235","163514","","","","","","163514",""," "
"00985A","主動野村台灣50","18","2","","1158","1174","115447","","","","47","47","115447",""," "
"00985B","群益ESG投等債0-5","","","","245","245","150625","","","","","","150625","","X "
"00986A","主動台新龍頭成長","5","1","","87","91","10331","","","","","","10331",""," "
"00987A","主動台新優勢成長","116","23","","2077","2170","42535","","","","1","1","42535","3"," "
"00988A","主動統一全球創新","3461","2456","195","63638","64448","847859","149","42","","210","103","847859","69"," "
"00989A","主動摩根美國科技","4","","","153","157","18279","","","","","","18279",""," "
"00990A","主動元大AI新經濟","431","951","4","21042","20518","616380","8","29","","33","54","616380","5"," "
"00991A","主動復華未來50","17904","6888","105","127400","138311","1178979","251","904","","991","1644","1178979","171"," "
"00992A","主動群益科技創新","876","3118","43","17472","15187","610613","9","32","","197","220","610613","5"," "
"00993A","主動安聯台灣","21","91","","1659","1589","194397","2","","","25","23","194397",""," "
"00994A","主動第一金台股優","114","92","9","2022","2035","75672","","50","","3","53","75672","72"," "
"00995A","主動中信台灣卓越","344","75","","1646","1915","74633","","","","1","1","74633",""," "
"00996A","主動兆豐台灣豐收","71","34","14","2064","2087","78224","","4","","2","6","78224",""," "
"00997A","主動群益美國增長","25","208","3","12097","11911","317219","","","","","","317219",""," "
"00999A","主動野村臺灣高息","42","52","","3020","3010","298629","","","","1","1","298629",""," "
"1101","台泥","1210","386","","30315","31139","1880795","58","3","2","128","71","1880795","1"," "
"1102","亞泥","7","111","","1336","1232","886640","","5","","2","7","886640",""," "
"1103","嘉泥","2","5","","4058","4055","208218","","","","1","1","208218",""," "
"1104","環泥","16","38","","1680","1658","171670","","","","","","171670",""," "
"1108","幸福","1","4","","420","417","101184","","","","44","44","101184",""," "
"1109","信大","","","","270","270","85289","","","","1","1","85289",""," "
"1110","東泥","4","33","","2682","2653","143000","","1","","","1","143000",""," "
"1201","味全","1","8","","1452","1445","126515","","","","","","126515",""," "
"1203","味王","23","1","","3","25","60000","","","","","","60000",""," "
"1210","大成","23","62","","612","573","223691","","","","","","223691",""," "
"1213","大飲","","","","","","","","","","","","","","OX "
"1215","卜蜂","","10","","406","396","73697","","","","31","31","73697",""," "
"1216","統一","88","86","","482","484","1420503","","1","","","1","1420503","14"," "
"1217","愛之味","95","18","","1085","1162","123628","","2","","7","9","123628",""," "
"1218","泰山","22","155","","1905","1772","124999","","","","138","138","124999",""," "
"1219","福壽","24","56","","232","200","85309","2","","","105","103","85309",""," "
"1220","台榮","","","","875","875","44269","","","","18","18","44269",""," "
"1225","福懋油","7","134","","6925","6798","60567","1","","","9","8","60567",""," "
"1227","佳格","34","24","1","957","966","228772","3","1","","5","3","228772",""," "
"1229","聯華","8","42","2","3018","2982","448990","11","5","","19","13","448990",""," "
"1231","聯華食","5","17","","268","256","74613","","","","","","74613",""," "
"1232","大統益","15","68","","224","171","39993","","","","","","39993",""," "
"1233","天仁","","","","24","24","22647","","","","","","22647",""," "
"1234","黑松","","3","","19","16","100467","","","","","","100467",""," "
"1235","興泰","","","","1155","1155","47144","","","","","","47144",""," "
"1236","宏亞","","","","184","184","21668","","","","","","21668",""," "
"1256","鮮活果汁-KY","","1","","249","248","8943","","","","2","2","8943",""," "
"1301","台塑","995","968","21","21210","21216","1591435","175","73","1","354","251","1591435","12"," "
"1303","南亞","9179","2253","31","24336","31231","1982705","1009","2701","","1177","2869","1982705","190"," "
"1304","台聚","156","136","2","10817","10835","297190","7","4","","139","136","297190","1"," "
"1305","華夏","116","82","","6541","6575","145262","","55","","6","61","145262","9"," "
"1307","三芳","10","4","","1355","1361","99454","","","","","","99454",""," "
"1308","亞聚","35","32","","6037","6040","148435","9","","","66","57","148435",""," "
"1309","台達化","91","272","2","7047","6864","99396","207","45","","240","78","99396",""," "
"1310","台苯","731","1222","7","12704","12206","131967","43","37","","54","48","131967","7"," "
"1312","國喬","511","450","33","32631","32659","376655","70","23","","224","177","376655","2"," "
"1313","聯成","606","193","","11525","11938","337711","6","10","","95","99","337711","3"," "
"1314","中石化","1050","1101","50","74814","74713","946212","4","7","","185","188","946212","5"," "
"1315","達新","","","","12","12","24774","","","","","","24774",""," "
"1316","上曜","50","102","8","9892","9832","93986","4","8","","140","144","93986","5"," "
"1319","東陽","28","69","51","7008","6916","147869","","","","23","23","147869","1"," "
"1321","大洋","6","21","","7159","7144","56807","","","","","","56807",""," "
"1323","永裕","1","4","1","77","73","22818","","","","","","22818",""," "
"1324","地球","","","","1272","1272","18780","","","","","","18780",""," "
"1325","恆大","66","36","","2246","2276","21320","13","","","88","75","21320",""," "
"1326","台化","2156","1649","4","31889","32392","1465296","401","79","","853","531","1465296","28"," "
"1337","再生-KY","7","10","","21392","21389","67238","","","","","","67238",""," "
"1338","廣華-KY","13","","","3871","3884","20960","","","","","","20960",""," "
"1339","昭輝","2","1","","884","885","18534","","","","","","18534",""," "
"1340","勝悅-KY","4","1","","1000","1003","38230","","","","","","38230",""," "
"1342","八貫","4","13","","625","616","19500","","","","","","19500",""," "
"1402","遠東新","70","375","","6640","6335","1338218","4","","","24","20","1338218",""," "
"1409","新纖","493","380","","21776","21889","404602","29","13","","166","150","404602","17"," "
"1410","南染","","","","244","244","15500","","","","","","15500",""," "
"1413","宏洲","","","","","","","","","","","","","","OX "
"1414","東和","17","1","","974","990","49500","","","","","","49500",""," "
"1416","廣豐","","","","3246","3246","46335","","","","","","46335",""," "
"1417","嘉裕","18","10","","1973","1981","47485","","","","2","2","47485",""," "
"1418","東華","3","3","","777","777","11708","","","","","","11708",""," "
"1419","新紡","7","2","","1246","1251","75010","","","","","","75010","","X "
"1423","利華","1","","","86","87","24912","","","","","","24912",""," "
"1432","大魯閣","","3","","138","135","22500","","","","38","38","22500",""," "
"1434","福懋","55","389","","7596","7262","421166","1","","","2","1","421166",""," "
"1435","中福","","","","","","","","","","","","","","OX "
"1436","華友聯","18","","","924","942","48537","","","","35","35","48537",""," "
"1437","勤益控","106","12","","2652","2746","50467","","","","","","50467","","X "
"1438","三地開發","21","16","","135","140","22801","","","","","","22801",""," "
"1439","雋揚","1","","","1041","1042","23000","","","","","","23000","","X "
"1440","南紡","77","35","2","5270","5310","414203","","2","","4","6","414203",""," "
"1441","大東","","","","","","","","","","","","","","OX "
"1442","名軒","4","12","","2719","2711","91552","1","","","9","8","91552",""," "
"1443","立益物流","","4","","12","8","33835","","","","","","33835",""," "
"1444","力麗","","","","568","568","","","","","","","","","OX "
"1445","大宇","","","","1354","1354","32666","","","","21","21","32666",""," "
"1446","宏和","30","16","","1427","1441","34427","","","","4","4","34427",""," "
"1447","力鵬","","","","793","793","","","","","","","","","OX "
"1449","佳和","42","14","","3180","3208","31778","1","5","","1","5","31778",""," "
"1451","年興","","","","570","570","49500","","","","","","49500",""," "
"1452","宏益","","","","109","109","33160","","","","","","33160",""," "
"1453","大將","1","2","","1033","1032","28310","1","","","5","4","28310",""," "
"1454","台富","3","","","2169","2172","32458","","","","","","32458",""," "
"1455","集盛","25","25","","3049","3049","132922","2","","","3","1","132922",""," "
"1456","怡華","17","","","724","741","23430","","","","","","23430",""," "
"1457","宜進","","","","665","665","79182","","","","1","1","79182",""," "
"1459","聯發","","","","437","437","89657","","","","","","89657","","!"
"1460","宏遠","","","","","","","","","","","","","","OX "
"1463","強盛新","12","196","","500","316","43317","","1","","","1","43317",""," "
"1464","得力","","17","","1971","1954","106393","","","","","","106393",""," "
"1465","偉全","51","70","","3261","3242","25901","","","","","","25901","","X "
"1466","聚隆","40","2","","3213","3251","27789","9","5","","17","13","27789",""," "
"1467","南緯","75","142","","6799","6732","42052","11","1","","26","16","42052",""," "
"1468","昶和","","","","","","","","","","","","","","OX "
"1470","大統新創","","","","5","5","21441","","","","","","21441",""," "
"1471","首利","","","","","","","","","","","","","","OX "
"1472","三洋實業","","","","3882","3882","8747","","","","2","2","8747",""," "
"1473","台南","","","","771","771","36538","","","","","","36538",""," "
"1474","弘裕","","20","","3373","3353","32474","","","","","","32474","","X "
"1475","業旺","1","","","461","462","16504","","","","","","16504",""," "
"1476","儒鴻","43","84","","771","730","68591","","8","","15","23","68591",""," "
"1477","聚陽","19","101","","1488","1406","61673","1","7","","2","8","61673",""," "
"1503","士電","57","71","3","2842","2825","130243","6","10","","37","41","130243",""," "
"1504","東元","200","345","37","28469","28287","594110","21","11","","89","79","594110",""," "
"1506","正道","","","","","","","","","","","","","","OX "
"1512","瑞利","","","","","","","","","","","","","","OX "
"1513","中興電","50","110","1","7718","7657","125778","15","4","","32","21","125778","2"," "
"1514","亞力","88","259","7","6308","6130","68277","","7","","","7","68277","8"," "
"1515","力山","38","170","1","2260","2127","45368","36","155","","97","216","45368","5"," "
"1516","川飛","","","","2","2","","","","","","","","","OX "
"1517","利奇","99","46","","2195","2248","55000","17","1","","20","4","55000",""," "
"1519","華城","37","76","1","2941","2901","78970","16","","","17","1","78970","","X "
"1521","大億","6","5","","447","448","19057","","","","","","19057",""," "
"1522","堤維西","6","26","","3973","3953","78224","1","1","","42","42","78224",""," "
"1524","耿鼎","8","54","","3838","3792","41327","","","","16","16","41327",""," "
"1525","江申","10","","","229","239","18350","","","","","","18350",""," "
"1526","日馳","231","307","","833","757","15000","18","5","","44","31","15000","34"," "
"1527","鑽全","12","10","","556","558","34642","","","","","","34642","","X "
"1528","恩德","246","367","61","5949","5767","47832","5","","","53","48","47832",""," "
"1529","樂事綠能","115","52","2","2587","2648","38773","79","3","","739","663","38773","1"," "
"1530","亞崴","","3","","274","271","23648","","","","","","23648",""," "
"1531","高林股","","","","1671","1671","45527","","","","4","4","45527",""," "
"1532","勤美","9","47","","2905","2867","105651","","","","","","105651",""," "
"1533","車王電","4","2","","498","500","24636","5","","","7","2","24636",""," "
"1535","中宇","1","","","58","59","30935","","","","","","30935",""," "
"1536","和大","63","121","4","7795","7733","69739","18","32","","212","226","69739","1"," "
"1537","廣隆","","4","","59","55","20515","","","","","","20515",""," "
"1538","正峰","","","","","","","","","","","","","","OX "
"1539","巨庭","4","48","","1379","1335","16342","","","","","","16342",""," "
"1540","喬福","10","22","","1540","1528","21368","","10","","1","11","21368",""," "
"1541","錩泰","1","","","101","102","19700","","","","","","19700",""," "
"1558","伸興","","5","","253","248","16133","","","","","","16133",""," "
"1560","中砂","87","39","","1563","1611","37572","5","11","2","35","39","37572",""," "
"1563","巧新","171","261","10","6239","6139","56402","1","5","","2","6","56402",""," "
"1568","倉佑","68","15","1","2245","2297","25771","","1","","","1","25771","2"," "
"1582","信錦","14","112","1","3690","3591","36067","4","6","","9","11","36067",""," "
"1583","程泰","1","","","63","64","27350","","","","","","27350",""," "
"1587","吉茂","13","13","","1652","1652","20013","","3","","22","25","20013",""," "
"1589","永冠-KY","","","","678","678","","","","","","","","","OX!"
"1590","亞德客-KY","11","13","","91","89","49999","","","","","","49999","1"," "
"1597","直得","30","113","","2096","2013","22315","7","1","","23","17","22315","2"," "
"1598","岱宇","20","110","","2120","2030","44785","5","","","5","","44785",""," "
"1603","華電","39","12","","1663","1690","47922","","","","6","6","47922",""," "
"1604","聲寶","2","","","199","201","96050","","","","","","96050",""," "
"1605","華新","645","738","51","51479","51335","1107833","54","31","","519","496","1107833","12"," "
"1608","華榮","96","84","10","8160","8162","158193","","1","","8","9","158193",""," "
"1609","大亞","129","661","5","12576","12039","196315","8","","","20","12","196315","1"," "
"1611","中電","1","10","","3203","3194","80683","2","1","","2","1","80683",""," "
"1612","宏泰","6","18","","1909","1897","79020","6","","","63","57","79020",""," "
"1614","三洋電","","","","337","337","67278","","","","","","67278",""," "
"1615","大山","2","","","154","156","49165","","","","","","49165",""," "
"1616","億泰","12","87","20","2859","2764","48537","","","","33","33","48537",""," "
"1617","榮星","20","40","2","1545","1523","42378","","","","","","42378",""," "
"1618","合機","11","31","","3340","3320","48172","1","7","","43","49","48172",""," "
"1623","大東電","1","","","2","3","16500","","","","","","16500",""," "
"1626","艾美特-KY","1","4","","1630","1627","37455","","","","1","1","37455",""," "
"1702","南僑","","1","","294","293","73533","","","","","","73533",""," "
"1707","葡萄王","","3","","320","317","37034","","1","","20","21","37034",""," "
"1708","東鹼","133","147","4","6420","6402","62250","19","4","","82","67","62250",""," "
"1709","和益","248","608","2","16050","15688","119254","10","7","","15","12","119254","2"," "
"1710","東聯","482","442","177","10740","10603","221425","255","2","","322","69","221425",""," "
"1711","永光","443","777","3","14131","13794","136938","25","34","","99","108","136938","13"," "
"1712","興農","1","2","","448","447","105123","","","","","","105123",""," "
"1713","國化","1","3","","2943","2941","37737","","","","","","37737","","X "
"1714","和桐","1005","1038","59","12150","12058","247956","13","16","","67","70","247956","19"," "
"1717","長興","472","1209","10","18273","17526","296061","13","178","","93","258","296061","23"," "
"1718","中纖","1009","1368","173","15354","14822","421476","41","51","","150","160","421476","12"," "
"1720","生達","1","31","4","339","305","44674","","","","","","44674",""," "
"1721","三晃","","","","126","126","","","","","","","","","OX "
"1722","台肥","22","44","","2755","2733","245000","1","3","","7","9","245000",""," "
"1723","中碳","9","11","","583","581","59226","1","","","7","6","59226",""," "
"1725","元禎","1","3","","269","267","45457","","","","","","45457",""," "
"1726","永記","1","","","25","26","40500","","","","","","40500",""," "
"1727","中華化","90","228","40","5994","5816","32004","61","13","","116","68","32004","4"," "
"1730","花仙子","","","","5","5","15808","","","","","","15808",""," "
"1731","美吾華","","1","","317","316","33228","","","","","","33228",""," "
"1732","毛寶","26","78","","787","735","10610","","","","29","29","10610",""," "
"1733","五鼎","3","13","","2560","2550","24987","","","","1","1","24987",""," "
"1734","杏輝","10","1","1","326","334","47549","","","","1","1","47549",""," "
"1735","日勝化","2","6","","683","679","24847","","","","","","24847",""," "
"1736","喬山","30","19","","1837","1848","75848","","","","","","75848","","X "
"1737","臺鹽","","1","","22","21","50000","","","","","","50000",""," "
"1752","南光","","","","325","325","25247","","","","","","25247",""," "
"1760","寶齡富錦","","1","","998","997","21434","","","","","","21434",""," "
"1762","中化生","","3","","716","713","19229","","","","2","2","19229","1"," "
"1773","勝一","15","18","","1027","1024","75000","","","","2","2","75000",""," "
"1776","展宇","1","18","","786","769","15026","","","","1","1","15026",""," "
"1783","和康生","1","1","","592","592","20249","","","","","","20249",""," "
"1786","科妍","8","13","1","4985","4979","18706","","","","11","11","18706",""," "
"1789","神隆","27","12","","3221","3236","197684","","","","1","1","197684","1"," "
"1795","美時","62","168","","8958","8852","66718","","1","","36","37","66718",""," "
"1802","台玻","867","4362","100","38094","34499","727015","322","151","","687","516","727015","31"," "
"1805","寶徠","10","","","1453","1463","33742","","","","","","33742",""," "
"1806","冠軍","5","22","","2937","2920","97600","","","","","","97600",""," "
"1808","潤隆","123","202","","5700","5621","223257","","1","","","1","223257",""," "
"1809","中釉","304","161","25","5185","5303","41760","9","56","","34","81","41760","5"," "
"1810","和成","463","537","3","19893","19816","75575","144","27","1","318","200","75575","14"," "
"1817","凱撒衛","","","","16","16","18150","","","","","","18150",""," "
"1903","士紙","3","13","","2435","2425","65009","","","","6","6","65009",""," "
"1904","正隆","12","134","","4689","4567","277068","","","","2","2","277068",""," "
"1905","華紙","56","114","11","11840","11771","275708","2","","","38","36","275708",""," "
"1906","寶隆","1","","","7269","7270","37750","","","","","","37750",""," "
"1907","永豐餘","22","37","","24170","24155","415092","","","","3","3","415092",""," "
"1909","榮成","32","299","","10025","9758","331921","","30","","4","34","331921",""," "
"2002","中鋼","590","718","2","40845","40715","3933715","3","87","202","1231","1113","3933715",""," "
"2006","東和鋼鐵","24","27","","923","920","182553","","2","","2","4","182553",""," "
"2007","燁興","","","","5","5","","","","","","","","","OX "
"2008","高興昌","","1","","122","121","47713","","","","","","47713",""," "
"2009","第一銅","69","127","4","6507","6445","89905","2","1","","14","13","89905","16"," "
"2010","春源","11","10","","2025","2026","161913","","","","","","161913",""," "
"2012","春雨","","","","187","187","75540","","","","","","75540",""," "
"2013","中鋼構","","","","1406","1406","50000","","","","","","50000",""," "
"2014","中鴻","","4","1","1135","1130","","","","","","","","","OX "
"2015","豐興","2","","","36","38","145399","","","","","","145399",""," "
"2017","官田鋼","3","2","","8075","8076","111718","","","","1","1","111718",""," "
"2020","美亞","","58","","760","702","66757","","","","","","66757",""," "
"2022","聚亨","12","10","","1979","1981","84292","","","","2","2","84292",""," "
"2023","燁輝","7","13","2","2518","2510","460310","","","","51","51","460310",""," "
"2024","志聯","1","","","73","74","24375","","","","","","24375",""," "
"2025","千興","","","","","","","","","","","","","","OX "
"2027","大成鋼","770","779","","22842","22833","646065","26","24","","247","245","646065","38"," "
"2028","威致","5","","","1185","1190","81428","","","","","","81428",""," "
"2029","盛餘","2","1","","421","422","80295","","","","","","80295",""," "
"2030","彰源","18","","","4321","4339","70131","","","","1","1","70131",""," "
"2031","新光鋼","11","65","","1233","1179","80286","1","","","6","5","80286",""," "
"2032","新鋼","12","30","","2718","2700","32630","","","","","","32630",""," "
"2033","佳大","28","1","","2722","2749","20173","","","","5","5","20173",""," "
"2034","允強","5","10","1","3603","3597","132248","","1","","3","4","132248",""," "
"2038","海光","3","2","","3474","3475","48533","","","","22","22","48533",""," "
"2049","上銀","88","104","3","3149","3130","88448","18","22","","42","46","88448","2"," "
"2059","川湖","22","14","4","431","435","23824","","1","","1","2","23824",""," "
"2062","橋椿","","31","","1358","1327","49998","","","","1","1","49998",""," "
"2069","運錩","2","","","427","429","41596","","","","","","41596",""," "
"2101","南港","11","365","","21092","20738","183483","","","","1","1","183483",""," "
"2102","泰豐","","","","3767","3767","118332","","","","6","6","118332",""," "
"2103","台橡","132","100","","13357","13389","206427","1","","","111","110","206427","3"," "
"2104","國際中橡","103","30","11","19270","19332","246183","","1","","45","46","246183","15"," "
"2105","正新","79","84","","9032","9027","810353","","1","","20","21","810353",""," "
"2106","建大","39","33","","2761","2767","238722","1","","","4","3","238722",""," "
"2107","厚生","","4","","97","93","75898","","","","","","75898",""," "
"2108","南帝","22","11","","2749","2760","123104","1","","","33","32","123104",""," "
"2109","華豐","1","1","","687","687","69837","","","","","","69837",""," "
"2114","鑫永銓","","1","","8","7","19497","","","","","","19497",""," "
"2115","六暉-KY","","3","","512","509","26093","","","","3","3","26093",""," "
"2201","裕隆","68","72","","9640","9636","267500","1","5","","12","16","267500",""," "
"2204","中華","30","18","","1190","1202","138405","1","","","2","1","138405",""," "
"2206","三陽工業","76","191","","4242","4127","193418","","1","","1","2","193418",""," "
"2207","和泰車","25","12","","65","78","139275","","","","","","139275",""," "
"2208","台船","","","","","","","","","","","","","","OX "
"2211","長榮鋼","2","3","","471","470","104272","","","","","","104272",""," "
"2228","劍麟","","9","1","1577","1567","19944","","","","6","6","19944",""," "
"2231","為升","6","19","","2550","2537","33982","","1","","165","166","33982",""," "
"2233","宇隆","52","136","","4620","4536","15072","","6","","","6","15072","9"," "
"2236","百達-KY","176","21","","11445","11600","15782","","11","","3","14","15782","2"," "
"2239","英利-KY","19","3","","1588","1604","29428","","","","","","29428",""," "
"2241","艾姆勒","146","11","1","6935","7069","26150","","1","","2","3","26150","2"," "
"2243","宏旭-KY","10","216","","1434","1228","17343","2","5","","9","12","17343",""," "
"2247","汎德永業","8","6","","138","140","20177","","","","1","1","20177",""," "
"2248","華勝-KY","4","2","","544","546","11900","","","","","","11900",""," "
"2250","IKKA-KY","3","16","7","1218","1198","9097","","","","14","14","9097",""," "
"2254","巨鎧精密-創","","","","2520","2520","15976","","","","","","15976",""," "
"2301","光寶科","1676","747","31","15686","16584","579026","36","128","","261","353","579026","43"," "
"2302","麗正","96","203","4","3706","3595","41575","85","23","","185","123","41575","1"," "
"2303","聯電","18993","16305","165","141003","143526","3144246","5894","1111","","8296","3513","3144246","200"," "
"2305","全友","648","637","13","6441","6439","51415","23","86","","116","179","51415","7"," "
"2308","台達電","779","401","7","7245","7616","649385","5","23","","17","35","649385","7"," "
"2312","金寶","804","1525","24","45545","44800","376488","108","58","","242","192","376488","29"," "
"2313","華通","1651","2299","106","32482","31728","308455","191","1047","1","389","1244","308455","74"," "
"2314","台揚","","","","","","","","","","","","","","OX "
"2316","楠梓電","113","114","63","3166","3102","45685","22","22","","50","50","45685","4"," "
"2317","鴻海","2049","1315","56","51983","52661","3518355","145","137","","290","282","3518355","22"," "
"2321","東訊","","","","","","","","","","","","","","OX "
"2323","中環","215","227","","29508","29496","272337","110","4","","149","43","272337",""," "
"2324","仁寶","1202","1930","6","55579","54845","1101786","330","165","","1007","842","1101786","17"," "
"2327","國巨*","3600","6914","244","35543","31985","517866","105","50","","755","700","517866","32"," "
"2328","廣宇","160","443","7","16504","16214","129586","2","7","","46","51","129586","2"," "
"2329","華泰","319","227","29","14278","14341","164737","23","2","","316","295","164737","1"," "
"2330","台積電","1013","1170","11","30832","30664","6483092","123","23","","230","130","6483092","17"," "
"2331","精英","167","141","9","9916","9933","139350","13","9","","21","17","139350","5"," "
"2332","友訊","4220","4745","1","29588","29062","150542","384","2411","1","1338","3364","150542","48"," "
"2337","旺宏","5081","8174","243","93065","89729","495450","619","100","","5855","5336","495450","18"," "
"2338","光罩","53","120","7","5273","5199","75869","10","24","","16","30","75869","1"," "
"2340","台亞","96","241","","7863","7718","94655","4","5","","16","17","94655","43"," "
"2342","茂矽","172","292","2","3615","3493","39381","68","8","","99","39","39381","5"," "
"2344","華邦電","6644","24987","309","140100","121448","1125000","1193","83","4","6875","5761","1125000","55"," "
"2345","智邦","59","61","","1340","1338","140279","","1","","","1","140279","8"," "
"2347","聯強","12","11","","567","568","416986","","3","","4","7","416986",""," "
"2348","海悅","52","21","","2551","2582","37974","","","","","","37974","","X "
"2349","錸德","","","","","","","","","","","","","","OX "
"2351","順德","333","437","10","10075","9961","45535","","","","","","45535","","X "
"2352","佳世達","108","234","6","15458","15326","395126","21","2","","26","7","395126","5"," "
"2353","宏碁","927","708","53","39589","39755","761963","42","7","","2306","2271","761963","4"," "
"2354","鴻準","88","234","18","25166","25002","353621","48","22","","55","29","353621",""," "
"2355","敬鵬","241","310","40","8964","8855","99373","20","7","","53","40","99373","14"," "
"2356","英業達","864","1671","6","28209","27396","896868","257","913","","504","1160","896868","45"," "
"2357","華碩","106","103","1","2020","2022","185690","6","22","","28","44","185690","2"," "
"2359","所羅門","522","974","13","6591","6126","42867","63","398","","97","432","42867","2"," "
"2360","致茂","238","136","","1206","1308","106311","","4","","8","12","106311","1"," "
"2362","藍天","17","20","","2137","2134","155565","6","7","","10","11","155565",""," "
"2363","矽統","670","504","19","16807","16954","128747","51","36","","223","208","128747","17"," "
"2364","倫飛","13","16","","719","716","13097","","","","2","2","13097",""," "
"2365","昆盈","64","161","10","7808","7701","55382","9","7","","61","59","55382",""," "
"2367","燿華","531","1156","110","24920","24185","176563","","","","","","176563","","X "
"2368","金像電","486","211","8","4131","4398","130733","30","18","3","308","293","130733","7"," "
"2369","菱生","601","468","13","12533","12653","95025","79","17","","153","91","95025","20"," "
"2371","大同","338","891","22","47882","47307","537708","17","6","","445","434","537708","2"," "
"2373","震旦行","","","","45","45","59050","","","","","","59050",""," "
"2374","佳能","154","376","7","16484","16255","84498","2","5","","45","48","84498","6"," "
"2375","凱美","273","285","11","4785","4762","27168","69","69","","97","97","27168","14","X "
"2376","技嘉","224","268","50","6301","6207","167472","","","","","","167472","","X "
"2377","微星","310","412","4","13371","13265","211214","138","106","","445","413","211214","1"," "
"2379","瑞昱","74","140","","2546","2480","128878","17","119","","68","170","128878","2"," "
"2380","虹光","","","","","","","","","","","","","","OX "
"2382","廣達","2650","1296","59","13813","15108","965656","43","657","","163","777","965656","18"," "
"2383","台光電","228","77","5","1551","1697","89580","3","7","","14","18","89580","2"," "
"2385","群光","17","116","7","3038","2932","191430","3","20","","77","94","191430",""," "
"2387","精元","5","8","","1244","1241","48812","","1","","","1","48812",""," "
"2388","威盛","154","248","3","11045","10948","138988","32","35","","137","140","138988","14"," "
"2390","云辰","14","74","20","1908","1828","48154","","","","2","2","48154",""," "
"2392","正崴","66","88","","4669","4647","128081","8","","","14","6","128081","1"," "
"2393","億光","45","54","1","2293","2283","110848","","","","","","110848","","X "
"2395","研華","62","134","3","1910","1835","217261","6","16","","21","31","217261","5"," "
"2397","友通","4","14","","1633","1623","28672","","4","","","4","28672",""," "
"2399","映泰","223","370","31","10542","10364","44525","21","9","","64","52","44525","3"," "
"2401","凌陽","118","180","7","8087","8018","147998","4","8","","116","120","147998",""," "
"2402","毅嘉","116","217","8","12026","11917","76884","1","1","","7","7","76884","34"," "
"2404","漢唐","45","50","7","2136","2124","47646","5","4","","6","5","47646",""," "
"2405","輔信","98","63","2","7629","7662","85856","","","","1","1","85856",""," "
"2406","國碩","305","257","1","12561","12608","87726","185","27","","477","319","87726","12"," "
"2408","南亞科","7172","9633","168","84441","81812","774656","811","155","","3752","3096","774656","69"," "
"2409","友達","11203","8288","95","200732","203552","1886774","","5271","","","5271","1886774","4863"," "
"2412","中華電","1212","2107","1","7700","6804","1939361","137","573","","506","942","1939361","2"," "
"2413","環科","61","68","","4292","4285","31839","7","5","","19","17","31839","1"," "
"2414","精技","9","2","","481","488","40433","","","","","","40433",""," "
"2415","錩新","18","9","","2408","2417","22500","","","","","","22500",""," "
"2417","圓剛","32","150","11","3179","3050","39304","2","","","13","11","39304",""," "
"2419","仲琦","23","255","","6196","5964","80329","1","2","","4","5","80329",""," "
"2420","新巨","22","69","","982","935","38162","1","8","","1","8","38162",""," "
"2421","建準","70","113","1","5111","5067","71735","4","14","","27","37","71735","3"," "
"2423","固緯","","3","","624","621","36261","","1","","6","7","36261",""," "
"2424","隴華","","","","","","","","","","","","","","OX "
"2425","承啟","186","172","","4500","4514","24124","21","31","","43","53","24124","8"," "
"2426","鼎元","342","1194","21","13364","12491","75155","68","5","","332","269","75155","9"," "
"2427","三商電","15","31","","5412","5396","49499","11","","","11","","49499","","X "
"2428","興勤","129","28","10","1705","1796","32028","","5","","12","17","32028","2"," "
"2429","銘旺科","","29","","651","622","","","","","","","","","OX "
"2430","燦坤","1","","","96","97","29200","","","","6","6","29200",""," "
"2431","聯昌","","9","","1544","1535","","","","","","","","","OX "
"2432","倚天酷碁-創","","","","350","350","15465","","","","","","15465",""," "
"2433","互盛電","","2","","26","24","36124","","","","","","36124",""," "
"2434","統懋","2","30","","406","378","2377","3","","","32","29","2377","6"," "
"2436","偉詮電","63","123","1","5785","5724","51044","20","1","42","425","364","51044","1"," "
"2438","翔耀","","","","","","","","","","","","","","OX "
"2439","美律","7","42","","3496","3461","63411","","4","","131","135","63411",""," "
"2440","太空梭","27","7","","1598","1618","25916","","","","1","1","25916",""," "
"2441","超豐","345","758","13","7820","7394","142211","331","22","","483","174","142211",""," "
"2442","新美齊","41","21","","4021","4041","79113","","1","","","1","79113",""," "
"2444","兆勁","","","","","","","","","","","","","","OX "
"2449","京元電子","1212","1564","228","18098","17518","305686","14","22","","20","28","305686","13"," "
"2450","神腦","","","","76","76","64563","","","","","","64563",""," "
"2451","創見","374","830","","6472","6016","107836","175","60","","383","268","107836","41"," "
"2453","凌群","11","19","","2401","2393","25000","1","","","1","","25000",""," "
"2454","聯發科","715","298","56","9087","9448","400973","","17","","13","30","400973","9"," "
"2455","全新","447","544","6","8527","8424","46745","204","95","1","466","356","46745","6"," "
"2457","飛宏","206","2003","15","14123","12311","106193","16","24","","61","69","106193","1"," "
"2458","義隆","125","134","17","3209","3183","75970","12","1","","66","55","75970","2"," "
"2459","敦吉","","4","","92","88","26398","","","","","","26398",""," "
"2460","建通","","","","293","293","","","","","","","","","OX "
"2461","光群雷","10","24","","8409","8395","47971","1","","","3","2","47971",""," "
"2462","良得電","10","37","","2308","2281","30486","","16","","","16","30486",""," "
"2464","盟立","344","350","18","12235","12211","54170","100","98","28","533","503","54170","13"," "
"2465","麗臺","99","84","","3421","3436","17236","4","19","","11","26","17236",""," "
"2466","冠西電","113","46","","5857","5924","40952","32","43","","215","226","40952","1"," "
"2467","志聖","41","88","2","1835","1786","39188","64","22","","93","51","39188","1"," "
"2468","華經","34","99","10","3228","3153","17490","3","","","16","13","17490",""," "
"2471","資通","2","6","","1288","1284","11813","","1","","1","2","11813",""," "
"2472","立隆電","276","332","10","4387","4321","41183","9","16","","34","41","41183","20"," "
"2474","可成","71","270","2","8563","8362","134705","9","9","","29","29","134705",""," "
"2476","鉅祥","246","68","","40720","40898","54767","7","54","","34","81","54767","2","@ "
"2477","美隆電","2","","","1140","1142","39643","18","","","45","27","39643",""," "
"2478","大毅","207","517","4","6691","6377","36182","13","4","","28","19","36182","7"," "
"2480","敦陽科","5","4","","326","327","26590","","","","","","26590",""," "
"2481","強茂","581","1067","18","11417","10913","95528","851","5","","1208","362","95528","3"," "
"2482","連宇","13","26","","1780","1767","19470","","","","","","19470",""," "
"2483","百容","9","37","4","1626","1594","26972","5","","","12","7","26972",""," "
"2484","希華","553","1372","11","13856","13026","39855","326","174","","425","273","39855","68"," "
"2485","兆赫","298","642","11","10915","10560","79422","38","188","","238","388","79422","14"," "
"2486","一詮","595","1881","30","22650","21334","60120","169","20","","286","137","60120","9"," "
"2488","漢平","2","8","","508","502","19999","","","","","","19999",""," "
"2489","瑞軒","1008","1548","111","27000","26349","152500","256","30","","477","251","152500","5"," "
"2491","吉祥全","4","239","","2103","1868","20502","","","","8","8","20502",""," "
"2492","華新科","475","723","59","8237","7930","121301","13","","","152","139","121301","45"," "
"2493","揚博","387","487","12","7207","7095","31699","41","","","56","15","31699",""," "
"2495","普安","144","169","18","8191","8148","68387","3","","","5","2","68387",""," "
"2496","卓越","","","","35","35","4775","","","","","","4775",""," "
"2497","怡利電","246","148","","1761","1859","29521","1","3","","2","4","29521","3"," "
"2498","宏達電","289","544","31","28809","28523","209024","37","25","","804","792","209024",""," "
"2501","國建","68","31","","4486","4523","289890","","","","","","289890",""," "
"2504","國產","129","135","","4393","4387","295000","","","","2","2","295000",""," "
"2505","國揚","1","100","","3405","3306","95000","","","","","","95000",""," "
"2506","太設","","2","","1835","1833","75125","","","","","","75125",""," "
"2509","全坤建","3","","","544","547","56137","","","","1","1","56137",""," "
"2511","太子","8","39","25","2702","2646","405831","","1","","","1","405831","30"," "
"2514","龍邦","9","5","","18108","18112","98682","","","","1","1","98682",""," "
"2515","中工","528","161","4","27381","27744","401976","","1","","47","48","401976","1"," "
"2516","新建","","","","","","","","","","","","","","OX "
"2520","冠德","21","17","","2224","2228","152371","","2","","4","6","152371","1"," "
"2524","京城","4","2","","3176","3178","91495","1","","","2","1","91495",""," "
"2527","宏璟","198","332","1","5362","5227","67576","14","","","18","4","67576",""," "
"2528","皇普","41","53","","6386","6374","108999","","","","1","1","108999",""," "
"2530","華建","17","6","","6702","6713","210313","","16","","5","21","210313",""," "
"2534","宏盛","1","19","","11941","11923","118556","","6","","","6","118556","2"," "
"2535","達欣工","4","14","","297","287","67698","","","","5","5","67698",""," "
"2536","宏普","3","40","","5001","4964","83202","","","","","","83202",""," "
"2537","聯上發","9","49","","3761","3721","75139","","1","","2","3","75139",""," "
"2538","基泰","7","76","","2321","2252","111256","","1","","","1","111256","12"," "
"2539","櫻花建","22","37","","2175","2160","298275","","5","","7","12","298275",""," "
"2540","愛山林","46","308","","3087","2825","236218","","","","20","20","236218","1"," "
"2542","興富發","218","377","","5527","5368","538270","1","11","1","209","218","538270",""," "
"2543","皇昌","108","534","1","9699","9272","132135","","","","","","132135","","X "
"2545","皇翔","","","","2749","2749","94933","","","","9","9","94933",""," "
"2546","根基","21","8","","81","94","32631","","","","","","32631",""," "
"2547","日勝生","190","82","","9821","9929","258773","","2","","","2","258773",""," "
"2548","華固","32","68","3","1961","1922","79929","","","","4","4","79929",""," "
"2597","潤弘","3","1","","159","161","77679","","","","","","77679",""," "
"2601","益航","","","","409","409","","","","","","","","","OX "
"2603","長榮","67","210","2","14931","14786","541260","50","12","","348","310","541260",""," "
"2605","新興","284","209","1","12872","12946","146338","4","4","","8","8","146338","2"," "
"2606","裕民","131","59","2","2793","2863","211263","1","5","","3","7","211263",""," "
"2607","榮運","","3","","788","785","133392","","","","1","1","133392",""," "
"2608","嘉里大榮","","62","","1272","1210","116750","","","","1","1","116750",""," "
"2609","陽明","280","512","","31971","31739","873026","38","58","","339","359","873026","4"," "
"2610","華航","1807","984","5","47426","48244","1536247","168","102","","593","527","1536247","13"," "
"2611","志信","14","16","1","2014","2011","47250","3","","","5","2","47250",""," "
"2612","中航","9","6","3","1670","1670","49371","","","","","","49371",""," "
"2613","中櫃","138","11","","1912","2039","37105","","","","12","12","37105",""," "
"2614","東森","12","66","48","5375","5273","81816","","","","2","2","81816",""," "
"2615","萬海","203","324","","15421","15300","701536","31","58","","135","162","701536","2"," "
"2616","山隆","","7","1","446","438","34320","","","","","","34320",""," "
"2617","台航","5","26","","2154","2133","104323","","","","","","104323",""," "
"2618","長榮航","335","889","3","26623","26066","1350111","48","99","","449","500","1350111","21"," "
"2630","亞航","104","256","3","5350","5195","52359","67","33","","100","66","52359","5"," "
"2633","台灣高鐵","28","82","","1810","1756","657073","","7","","39","46","657073",""," "
"2634","漢翔","905","1470","4","25342","24773","235466","284","123","","965","804","235466","27"," "
"2636","台驊控股","4","14","","618","608","35458","","","","1","1","35458",""," "
"2637","慧洋-KY","55","103","5","2440","2387","186602","12","","","21","9","186602","2"," "
"2642","宅配通","","","","597","597","23866","","","","","","23866",""," "
"2645","長榮航太","105","102","1","2884","2886","93642","4","2","","15","13","93642",""," "
"2646","星宇航空","35","21","","3684","3698","752183","","2","","26","28","752183",""," "
"2701","萬企","24","19","","382","387","112491","","","","","","112491",""," "
"2702","華園","","1","","427","426","39153","","","","","","39153",""," "
"2704","國賓","7","3","","107","111","91730","","","","","","91730",""," "
"2705","六福","","2","","552","550","46634","","","","","","46634",""," "
"2706","第一店","5","","","638","643","124999","","","","","","124999",""," "
"2707","晶華","20","","","137","157","31850","","","","","","31850",""," "
"2712","遠雄來","","","","7","7","","","","","","","","","OX "
"2722","夏都","5","1","","325","329","35792","","","","","","35792",""," "
"2723","美食-KY","11","1","","1682","1692","45000","","","","1","1","45000",""," "
"2727","王品","1","23","","361","339","20735","","1","","2","3","20735",""," "
"2731","雄獅","1","51","","898","848","23319","","","","6","6","23319",""," "
"2739","寒舍","12","3","","862","871","22881","","","","","","22881",""," "
"2748","雲品","2","3","","515","514","26444","","","","","","26444",""," "
"2753","八方雲集","4","5","","517","516","16661","","","","2","2","16661",""," "
"2762","世界健身-KY","2","3","","176","175","28125","","","","","","28125","","X "
"2801","彰銀","496","385","21","7438","7528","2941511","37","","","37","","2941511","","X "
"2812","台中銀","186","1705","","5016","3497","1505406","","","","","","1505406","","X "
"2816","旺旺保","24","","","560","584","55902","","","","","","55902",""," "
"2820","華票","28","87","","698","639","335740","","","","3","3","335740",""," "
"2832","台產","10","9","","548","549","63385","","","","","","63385",""," "
"2834","臺企銀","1771","388","","19016","20399","2429515","","","","","","2429515","","X "
"2836","高雄銀","40","570","","6598","6068","459979","","","","1","1","459979","43"," "
"2838","聯邦銀","5","2","","803","806","1085137","6","","","7","1","1085137",""," "
"2845","遠東銀","41","25","","3823","3839","1216321","17","37","","48","68","1216321",""," "
"2849","安泰銀","20","1","","230","249","223623","","","","1","1","223623",""," "
"2850","新產","54","35","","293","312","78990","","","","","","78990",""," "
"2851","中再保","80","18","","787","849","200097","","","","5","5","200097",""," "
"2852","第一保","","5","","1333","1328","75290","","","","","","75290",""," "
"2855","統一證","51","66","","6410","6395","400353","9","12","","193","196","400353","6"," "
"2867","三商壽","423","388","","3154","3189","1474875","","6","","28","34","1474875","1"," "
"2880","華南金","111","100","","854","865","3479241","16","6","","44","34","3479241","1"," "
"2881","富邦金","89","57","","6742","6774","3501841","14","34","","233","253","3501841","1"," "
"2882","國泰金","94","163","","5290","5221","3667302","9","59","","808","858","3667302","2"," "
"2883","凱基金","265","105","","13572","13732","4243711","28","39","","283","294","4243711",""," "
"2884","玉山金","1136","640","","5187","5683","4048000","1","118","","156","273","4048000","13"," "
"2885","元大金","327","422","","2969","2874","3332787","1","","","7","6","3332787","6"," "
"2886","兆豐金","350","369","","1340","1321","3708344","20","11","","97","88","3708344",""," "
"2887","台新新光金","231","627","7","40612","40209","6216599","35","77","","329","371","6216599","18"," "
"2889","國票金","35","70","1","2719","2683","908390","","","","31","31","908390",""," "
"2890","永豐金","59","37","","2289","2311","3623080","5","20","","60","75","3623080","5"," "
"2891","中信金","78","243","5","4154","3984","4919224","23","37","","217","231","4919224","4"," "
"2892","第一金","96","644","","2186","1638","3594867","","3","","13","16","3594867","5"," "
"2897","王道銀行","29","274","","1545","1300","701339","","","","4","4","701339",""," "
"2901","欣欣","","","","473","473","18260","","","","","","18260",""," "
"2903","遠百","9","27","","1290","1272","354235","","","","1","1","354235",""," "
"2904","匯僑","","","","32","32","19458","","","","","","19458",""," "
"2905","三商","31","14","","7794","7811","277592","","","","1","1","277592",""," "
"2906","高林","14","30","1","587","570","52279","","","","","","52279",""," "
"2908","特力","150","198","","14024","13976","127471","","","","","","127471",""," "
"2910","統領","63","27","","58","94","43850","","","","","","43850",""," "
"2911","麗嬰房","4","17","","169","156","24931","","","","","","24931",""," "
"2912","統一超","26","18","","499","507","259905","","","","","","259905","6"," "
"2913","農林","11","366","","6823","6468","176687","","6","","3","9","176687",""," "
"2915","潤泰全","197","56","","8452","8593","276079","","1","","14","15","276079","1"," "
"2929","淘帝-KY","7","","1","2049","2055","27373","","","","","","27373",""," "
"2939","永邑-KY","","","","251","251","11387","","","","1","1","11387",""," "
"3002","歐格","63","39","","1817","1841","25500","","8","","6","14","25500",""," "
"3003","健和興","5","15","5","3310","3295","38913","","1","","","1","38913","","X "
"3004","豐達科","54","53","1","1814","1814","16095","1","1","","3","3","16095",""," "
"3005","神基","72","160","3","8600","8509","156142","5","7","","46","48","156142","2"," "
"3006","晶豪科","771","1386","24","17622","16983","74531","60","15","","103","58","74531","6"," "
"3008","大立光","112","170","","1937","1879","32699","18","6","","38","26","32699","4"," "
"3010","華立","15","5","10","1150","1150","64859","1","2","","16","17","64859",""," "
"3011","今皓","47","1","","2786","2832","29293","","21","","45","66","29293",""," "
"3013","晟銘電","121","263","30","8844","8672","51284","8","3","","60","55","51284",""," "
"3014","聯陽","33","15","","2250","2268","41494","3","2","","62","61","41494","2"," "
"3015","全漢","34","77","20","2578","2515","46815","","7","","1","8","46815",""," "
"3016","嘉晶","128","338","11","7040","6819","72589","201","70","","385","254","72589","12"," "
"3017","奇鋐","119","140","6","4204","4177","98167","11","13","","33","35","98167","5"," "
"3018","隆銘綠能","","","","","","","","","","","","","","OX "
"3019","亞光","149","249","37","11305","11168","69810","13","11","","41","39","69810",""," "
"3021","鴻名","9","34","","570","545","23722","","","","","","23722",""," "
"3022","威強電","93","313","","5790","5570","44149","7","9","","18","20","44149","7"," "
"3023","信邦","40","6","2","1345","1377","60017","2","","","12","10","60017",""," "
"3024","憶聲","112","60","","8646","8698","69289","8","5","","10","7","69289",""," "
"3025","星通","5","38","2","1638","1603","14184","","","","","","14184",""," "
"3026","禾伸堂","90","780","93","8300","7517","41472","14","","1","120","105","41472",""," "
"3027","盛達","18","23","","4587","4582","28740","3","","","4","1","28740",""," "
"3028","增你強","58","19","3","3082","3118","59310","19","19","","60","60","59310","2"," "
"3029","零壹","28","48","","3220","3200","38751","","13","","5","18","38751",""," "
"3030","德律","69","190","3","10604","10480","59054","16","3","","31","18","59054","5"," "
"3031","佰鴻","112","179","2","5447","5378","43300","7","10","","8","11","43300","2"," "
"3032","偉訓","56","61","","8060","8055","25821","6","2","","10","6","25821","4"," "
"3033","威健","253","257","11","9052","9037","129139","53","7","","67","21","129139","8","X "
"3034","聯詠","49","93","4","2393","2345","152127","8","3","","32","27","152127","3"," "
"3035","智原","549","1461","62","11331","10357","65137","926","","","1324","398","65137",""," "
"3036","文曄","141","154","4","11181","11164","317646","2","19","44","231","204","317646","4"," "
"3037","欣興","2380","1938","38","39681","40085","410330","41","280","","157","396","410330","105"," "
"3038","全台","3","1","","1323","1325","39351","","","","2","2","39351",""," "
"3040","遠見","8","15","","10141","10134","16556","","1","","7","8","16556","4"," "
"3041","揚智","83","35","3","3435","3480","29268","10","1","","61","52","29268",""," "
"3042","晶技","683","477","12","10055","10249","79498","250","78","","309","137","79498","42"," "
"3043","科風","","19","7","880","854","9743","","","","","","9743",""," "
"3044","健鼎","53","104","6","6145","6088","131401","12","1","","16","5","131401",""," "
"3045","台灣大","56","129","","819","746","930857","","9","","56","65","930857",""," "
"3046","建碁","3","34","","1072","1041","19612","","6","","4","10","19612",""," "
"3047","訊舟","43","113","2","6690","6618","56190","","40","","3","43","56190","1"," "
"3048","益登","107","189","3","5244","5159","61207","1","4","","62","65","61207","5"," "
"3049","精金","","","","","","","","","","","","","","OX "
"3050","鈺德","9","39","","3295","3265","38746","40","1","","45","6","38746",""," "
"3051","力特","31","22","","4081","4090","34159","","","","","","34159","","X "
"3052","夆典","18","122","","1673","1569","58311","","","","","","58311",""," "
"3054","立萬利","8","10","","900","898","20162","","","","","","20162",""," "
"3055","蔚華科","175","241","3","5719","5650","25610","36","70","","119","153","25610",""," "
"3056","富華新","35","58","4","3611","3584","120138","","","","2","2","120138",""," "
"3057","喬鼎","","","","","","","","","","","","","","OX "
"3058","立德","","","","","","","","","","","","","","OX "
"3059","華晶科","165","317","2","11326","11172","76925","2","","","25","23","76925","3"," "
"3060","銘異","118","201","","8732","8649","34390","22","6","","31","15","34390","2"," "
"3062","建漢","142","149","20","9887","9860","82522","4","7","","73","76","82522","3"," "
"3090","日電貿","194","161","28","4026","4031","71891","12","","","30","18","71891",""," "
"3092","鴻碩","22","98","","3691","3615","26662","3","","","47","44","26662",""," "
"3094","聯傑","231","121","","2665","2775","20779","19","87","","54","122","20779","12"," "
"3130","一零四","","","","9","9","8297","","","","","","8297",""," "
"3135","凌航","133","101","5","2339","2366","24289","4","16","","108","120","24289","1"," "
"3138","耀登","71","146","6","2099","2018","14098","","10","","1","11","14098",""," "
"3149","正達","477","447","1","21380","21409","53533","86","66","","4089","4069","53533","9"," "
"3150","鈺寶-創","14","4","","225","235","11094","","","","","","11094",""," "
"3164","景岳","","","","285","285","21502","","","","","","21502",""," "
"3167","大量","322","1573","104","10250","8895","22578","22","","","37","15","22578",""," "
"3168","眾福科","","","","38","38","18774","","","","","","18774",""," "
"3189","景碩","3341","1199","27","19265","21380","131728","46","232","","112","298","131728","43"," "
"3209","全科","73","40","","5512","5545","58847","2","","","9","7","58847",""," "
"3229","晟鈦","","","","","","","","","","","","","","OX "
"3231","緯創","3886","6943","50","48319","45212","795013","363","391","1","753","780","795013","82"," "
"3257","虹冠電","13","135","2","2634","2510","19955","","","","31","31","19955",""," "
"3266","昇陽","","5","","359","354","88078","","","","","","88078",""," "
"3296","勝德","","16","","1852","1836","24181","2","","","4","2","24181",""," "
"3305","昇貿","136","251","25","6670","6530","36180","12","9","","72","69","36180","1"," "
"3308","聯德","15","16","20","698","677","15000","","","","","","15000",""," "
"3311","閎暉","46","25","","2824","2845","25000","3","3","","5","5","25000",""," "
"3312","弘憶股","92","210","2","4907","4787","45656","","","","41","41","45656","1"," "
"3321","同泰","","","","","","","","","","","","","","OX "
"3338","泰碩","86","101","2","3376","3359","21977","","","","11","11","21977",""," "
"3346","麗清","15","25","10","3026","3006","30307","","","","7","7","30307",""," "
"3356","奇偶","34","5","","1699","1728","20135","1","","","8","7","20135",""," "
"3376","新日興","370","449","37","11391","11275","48945","37","12","","41","16","48945","1","X "
"3380","明泰","120","92","20","5206","5214","135429","3","","","12","9","135429",""," "
"3406","玉晶光","142","127","","2300","2315","28185","16","5","","39","28","28185",""," "
"3413","京鼎","99","243","4","4182","4034","27731","1","5","","2","6","27731","1"," "
"3416","融程電","15","26","","995","984","20124","","4","","7","11","20124",""," "
"3419","譁裕","","10","","1052","1042","","","","","","","","","OX "
"3432","台端","","","","","","","","","","","","","","OX "
"3437","榮創","35","52","17","2819","2785","36137","5","","","28","23","36137",""," "
"3443","創意","489","232","5","4006","4258","33502","11","12","","20","21","33502","2"," "
"3447","展達","13","48","10","1905","1860","19362","","1","","22","23","19362",""," "
"3450","聯鈞","421","1555","73","15273","14066","36420","197","12","","322","137","36420","2"," "
"3481","群創","18709","23266","1090","315869","310222","1997299","14686","1044","","19756","6114","1997299","972"," "
"3494","誠研","","","","","","","","","","","","","","OX "
"3501","維熹","1","","","1157","1158","29564","","","","","","29564","","X "
"3504","揚明光","253","374","12","2990","2857","28514","159","44","","235","120","28514","44"," "
"3515","華擎","18","27","","1600","1591","30886","2","1","","15","14","30886",""," "
"3518","柏騰","18","41","","3835","3812","23391","","","","25","25","23391",""," "
"3528","安馳","44","18","","2361","2387","16659","","","","11","11","16659",""," "
"3530","晶相光","10","14","","1250","1246","19368","","","","11","11","19368",""," "
"3532","台勝科","273","987","14","8576","7848","96962","46","62","","389","405","96962",""," "
"3533","嘉澤","12","12","","586","586","28133","","","","","","28133","","X "
"3535","晶彩科","64","514","32","4395","3913","19763","6","53","","42","89","19763","2"," "
"3543","州巧","490","193","","3865","4162","27565","","43","","","43","27565",""," "
"3545","敦泰","27","54","6","4461","4428","55614","","","3","3","","55614","","X "
"3550","聯穎","109","69","1","13550","13589","26887","1","1","","2","2","26887","1"," "
"3557","嘉威","","","","379","379","17999","","","","","","17999",""," "
"3563","牧德","39","134","1","5330","5234","12300","2","3","","4","5","12300",""," "
"3576","聯合再生","","","","","","","","","","","","","","OX "
"3583","辛耘","26","106","8","1942","1854","20086","","5","","","5","20086","12"," "
"3588","通嘉","19","43","2","1740","1714","15498","","","","1","1","15498",""," "
"3591","艾笛森","29","22","1","26776","26782","36346","18","","","25","7","36346","4"," "
"3592","瑞鼎","13","11","","915","917","18963","","","","","","18963",""," "
"3593","力銘","","","","","","","","","","","","","","OX "
"3596","智易","7","27","","1220","1200","55088","","","","26","26","55088",""," "
"3605","宏致","303","316","8","8582","8561","43817","55","5","","88","38","43817","12"," "
"3607","谷崧","38","9","36","1840","1833","30415","","","","","","30415",""," "
"3617","碩天","31","21","","1962","1972","23691","","","","","","23691",""," "
"3622","洋華","4","14","","1769","1759","37831","","","","2","2","37831",""," "
"3645","達邁","411","199","5","5088","5295","34188","1","10","","8","17","34188","1"," "
"3652","精聯","5","9","1","630","625","18774","1","","","1","","18774",""," "
"3653","健策","45","153","2","2371","2261","36683","2","9","","13","20","36683","2"," "
"3661","世芯-KY","136","183","6","5653","5600","20860","4","3","1","22","20","20860","1"," "
"3665","貿聯-KY","151","136","2","2259","2272","48769","7","17","","18","28","48769","1"," "
"3669","圓展","39","123","","1234","1150","23229","1","3","","6","8","23229","6"," "
"3673","TPK-KY","581","607","26","14201","14149","101665","26","50","","88","112","101665","2"," "
"3679","新至陞","2","","","117","119","15755","","","","","","15755",""," "
"3686","達能","","","","","","","","","","","","","","OX "
"3694","海華","172","322","1","6617","6466","38732","1","27","","51","77","38732","2"," "
"3701","大眾控","57","351","8","5987","5685","53909","25","3","","74","52","53909",""," "
"3702","大聯大","287","251","3","5897","5930","432115","35","22","63","228","152","432115","1"," "
"3703","欣陸","","2","","1418","1416","205803","","","","1","1","205803",""," "
"3704","合勤控","120","97","30","6196","6189","103861","2","12","","42","52","103861","2"," "
"3705","永信","2","8","","372","366","66605","","","","","","66605",""," "
"3706","神達","232","444","50","30974","30712","331803","24","40","","163","179","331803","13"," "
"3708","上緯投控","1","41","5","3011","2966","23091","","","","12","12","23091",""," "
"3711","日月光投控","1513","949","19","10030","10575","1117643","276","75","","336","135","1117643","42"," "
"3712","永崴投控","22","117","","2743","2648","61560","","43","","104","147","61560",""," "
"3714","富采","516","338","27","24700","24851","166985","64","43","","173","152","166985","5"," "
"3715","定穎投控","945","453","87","18712","19117","70893","109","270","","485","646","70893","70"," "
"3716","中化控股","10","5","","484","489","37441","","","","","","37441",""," "
"3717","聯嘉投控","355","100","","9817","10072","52737","3","2","","97","96","52737","2"," "
"4104","佳醫","2","","","80","82","47091","","","","","","47091",""," "
"4106","雃博","4","4","","660","660","25227","","","","","","25227",""," "
"4108","懷特","","","","","","","","","","","","","","OX "
"4119","旭富","14","7","","583","590","29877","","","","22","22","29877",""," "
"4133","亞諾法","19","1","","1290","1308","15138","6","","","12","6","15138",""," "
"4137","麗豐-KY","","","","1080","1080","20623","","","","","","20623",""," "
"4142","國光生","234","54","","6470","6650","107376","2","","","3","1","107376",""," "
"4148","全宇生技-KY","","","","399","399","16808","","","","","","16808",""," "
"4155","訊映","6","1","","904","909","36171","1","","","1","","36171",""," "
"4164","承業醫","32","269","","6618","6381","47647","","","","24","24","47647",""," "
"4190","佐登-KY","","","","290","290","15361","","","","","","15361","","X "
"4306","炎洲","33","25","","4411","4419","169189","","","","1","1","169189",""," "
"4414","如興","12","","","699","711","53409","","","","","","53409",""," "
"4426","利勤","15","4","","941","952","43169","","","","","","43169",""," "
"4438","廣越","","","1","794","793","28356","","","","","","28356",""," "
"4439","冠星-KY","2","","","244","246","9528","","","","5","5","9528",""," "
"4440","宜新實業","","6","","153","147","16899","","","","","","16899",""," "
"4441","振大環球","4","","","166","170","17043","","1","","2","3","17043",""," "
"4526","東台","91","309","","5807","5589","63706","","18","","","18","63706","7"," "
"4532","瑞智","8","63","","2327","2272","123723","","","","","","123723",""," "
"4536","拓凱","8","22","","616","602","22705","","","","","","22705",""," "
"4540","全球傳動","95","114","13","3343","3311","28796","2","","","16","14","28796","1"," "
"4545","銘鈺","4","4","","1188","1188","19250","","","","","","19250",""," "
"4551","智伸科","70","49","18","2113","2116","28805","","7","","","7","28805","13"," "
"4552","力達-KY","15","16","","2183","2182","29000","","","","12","12","29000",""," "
"4555","氣立","3","16","","2286","2273","17496","","","","29","29","17496",""," "
"4557","永新-KY","1","","","325","326","11992","","","","","","11992",""," "
"4560","強信-KY","","1","","290","289","17024","","","","","","17024",""," "
"4562","穎漢","4","30","2","1837","1809","21886","1","6","","35","40","21886","1"," "
"4564","元翎","86","127","61","10747","10645","58197","3","2","","10","9","58197",""," "
"4566","時碩工業","162","378","","4133","3917","27522","48","79","","70","101","27522","8"," "
"4569","六方科-KY","9","4","","716","721","7650","1","","","1","","7650",""," "
"4571","鈞興-KY","7","19","11","996","973","13254","2","1","","16","15","13254",""," "
"4572","駐龍","","","1","325","324","10004","","","","1","1","10004",""," "
"4576","大銀微系統","57","154","","2205","2108","29950","4","31","","35","62","29950","1"," "
"4581","光隆精密-KY","1","2","","26","25","8474","","","","","","8474",""," "
"4583","台灣精銳","39","322","","3511","3228","20042","","1","","7","8","20042",""," "
"4585","達明","12","31","18","626","589","26152","5","6","","59","60","26152","1"," "
"4588","玖鼎電力","9","2","1","388","394","10746","","","","1","1","10746",""," "
"4720","德淵","51","75","51","3311","3236","28629","","1","","13","14","28629",""," "
"4722","國精化","27","274","2","10848","10599","25941","1","4","","17","20","25941","1"," "
"4736","泰博","","5","","177","172","23843","","","","","","23843",""," "
"4737","華廣","15","1","","1589","1603","19349","","","","","","19349",""," "
"4739","康普","233","232","14","8355","8342","30375","27","4","","72","49","30375",""," "
"4746","台耀","7","8","8","2047","2038","30063","","","","14","14","30063",""," "
"4755","三福化","4","21","","902","885","25176","1","2","","8","9","25176",""," "
"4763","材料*-KY","839","551","15","43506","43779","247286","11","9","","29","27","247286","5"," "
"4764","雙鍵","268","647","43","4761","4339","21385","120","130","","275","285","21385","2"," "
"4766","南寶","3","16","","1129","1116","30142","1","1","","1","1","30142",""," "
"4770","上品","15","66","","979","928","19994","","","","22","22","19994",""," "
"4771","望隼","5","3","","561","563","14688","","","","","","14688",""," "
"4807","日成-KY","5","5","","1267","1267","12249","","","","2","2","12249","2"," "
"4904","遠傳","59","57","1","245","246","878566","","1","","7","8","878566",""," "
"4906","正文","491","532","12","28348","28295","112961","15","22","","40","47","112961","12"," "
"4912","聯德控股-KY","9","34","81","3621","3515","16748","1","","","1","","16748",""," "
"4915","致伸","15","53","","3874","3836","117970","1","4","","43","46","117970",""," "
"4916","事欣科","499","290","5","7159","7363","31020","","95","","","95","31020","64"," "
"4919","新唐","448","1132","27","13285","12574","113099","346","52","","1514","1220","113099","8"," "
"4927","泰鼎-KY","490","854","65","23959","23530","66234","94","10","","550","466","66234","13"," "
"4930","燦星網","5","7","","3816","3814","20000","","","","","","20000",""," "
"4934","太極","","","","","","","","","","","","","","OX "
"4935","茂林-KY","3","9","","621","615","32216","","","","4","4","32216",""," "
"4938","和碩","147","130","","5064","5081","670511","34","8","","45","19","670511","5"," "
"4942","嘉彰","2","","","631","633","35591","","","","","","35591",""," "
"4943","康控-KY","","","","","","","","","","","","","","OX "
"4949","有成精密","60","151","","2846","2755","16937","","1","","33","34","16937","2"," "
"4952","凌通","3","11","20","1372","1344","27203","1","3","","2","4","27203",""," "
"4956","光鋐","503","917","1","5574","5159","25102","","1","","9","10","25102","1"," "
"4958","臻鼎-KY","1906","1710","41","24214","24369","277221","313","112","","474","273","277221","111"," "
"4960","誠美材","315","352","28","15306","15241","142926","2","6","","90","94","142926",""," "
"4961","天鈺","58","18","1","1560","1599","30313","","","","4","4","30313",""," "
"4967","十銓","196","233","3","8182","8142","24183","10","52","","78","120","24183","8"," "
"4968","立積","16","104","3","5429","5338","23052","3","17","","41","55","23052",""," "
"4976","佳凌","756","877","","4871","4750","35337","306","218","","551","463","35337","48"," "
"4977","眾達-KY","80","397","3","6158","5838","20672","42","1","","67","26","20672",""," "
"4989","榮科","244","597","23","13213","12837","34444","49","68","","3495","3514","34444","4"," "
"4994","傳奇","2","","","2322","2324","16595","","","","3","3","16595",""," "
"4999","鑫禾","","","","404","404","18604","","","","9","9","18604",""," "
"5007","三星","","1","","8","7","73735","","","","","","73735",""," "
"5203","訊連","13","22","","1129","1120","19835","2","","","21","19","19835",""," "
"5215","科嘉-KY","1","8","","633","626","16084","","","","","","16084",""," "
"5222","全訊","2","24","","1808","1786","22779","","","","13","13","22779","3"," "
"5225","東科-KY","14","41","","1356","1329","19784","","","","18","18","19784",""," "
"5234","達興材料","4","14","","1467","1457","25678","2","","","9","7","25678",""," "
"5236","凌陽創新","4","18","","204","190","15001","","","","4","4","15001",""," "
"5243","乙盛-KY","102","233","6","9260","9123","42132","3","4","","15","16","42132","1"," "
"5244","弘凱","5","22","11","2407","2379","17060","","","","22","22","17060",""," "
"5258","虹堡","78","44","","3978","4012","27591","","","","","","27591","3"," "
"5269","祥碩","125","75","","1998","2048","18539","7","110","","413","516","18539",""," "
"5283","禾聯碩","1","1","","90","90","21900","","","","","","21900",""," "
"5284","jpp-KY","41","69","","3585","3557","13223","1","4","","9","12","13223",""," "
"5285","界霖","60","108","1","4535","4486","25510","9","11","","65","67","25510","2"," "
"5288","豐祥-KY","8","15","","2553","2546","17424","","","","","","17424","","X "
"5292","華懋","3","11","","943","935","10527","","","","","","10527",""," "
"5306","桂盟","15","17","","549","547","31500","","","","","","31500",""," "
"5388","中磊","113","142","12","5181","5140","76085","18","6","","36","24","76085",""," "
"5434","崇越","13","21","","870","862","48501","2","2","","4","4","48501",""," "
"5469","瀚宇博","90","108","18","13713","13677","121541","14","4","","43","33","121541","2"," "
"5471","松翰","108","99","50","4114","4073","41969","1","5","","12","16","41969","8"," "
"5484","慧友","","","","","","","","","","","","","","OX "
"5515","建國","28","","","1775","1803","50400","","","","4","4","50400",""," "
"5519","隆大","8","7","","847","848","54799","","","","58","58","54799",""," "
"5521","工信","626","182","1","13232","13675","123070","","1","","7","8","123070","4"," "
"5522","遠雄","2","1","","931","932","195399","","26","","3","29","195399","1"," "
"5525","順天","","","","318","318","79526","","","","","","79526","","X "
"5531","鄉林","","5","","3569","3564","244397","1","","","12","11","244397",""," "
"5533","皇鼎","","","","479","479","71311","","","","","","71311",""," "
"5534","長虹","33","70","","3491","3454","78831","","","","","","78831",""," "
"5538","東明-KY","","","","7","7","50300","","","","","","50300",""," "
"5546","永固-KY","","","","22","22","20588","","","","","","20588",""," "
"5607","遠雄港","19","22","","1649","1646","92638","","","","","","92638",""," "
"5608","四維航","46","22","2","4064","4086","97319","","2","","81","83","97319",""," "
"5706","鳳凰","","5","","723","718","20941","","","","20","20","20941",""," "
"5871","中租-KY","54","245","","4175","3984","427855","1","9","","3","11","427855","13"," "
"5876","上海商銀","34","81","","663","616","1215400","","11","","1","12","1215400",""," "
"5880","合庫金","535","97","","1653","2091","3920234","","1","","7","8","3920234","4"," "
"5906","台南-KY","","1","","24","23","8935","","","","","","8935",""," "
"5907","大洋-KY","26","21","","5541","5546","48882","3","","","43","40","48882",""," "
"6005","群益證","84","151","","5409","5342","542727","11","8","","24","21","542727","1"," "
"6024","群益期","74","6","","361","429","62484","","","","","","62484",""," "
"6108","競國","2","12","","1458","1448","38623","","10","","9","19","38623","5"," "
"6112","邁達特","15","26","2","2958","2945","30589","2","","","34","32","30589",""," "
"6115","鎰勝","","2","10","42","30","46915","","","","","","46915",""," "
"6116","彩晶","1169","1400","85","32857","32541","714663","149","2474","1","6839","9163","714663","41"," "
"6117","迎廣","13","66","","2394","2341","23146","","","","38","38","23146",""," "
"6120","達運","398","400","20","7689","7667","149749","","68","","3","71","149749","6"," "
"6128","上福","7","","","1256","1263","31897","","","","","","31897",""," "
"6133","金橋","10","16","","2938","2932","29251","7","","","43","36","29251",""," "
"6136","富爾特","1","5","","2576","2572","28884","","","","","","28884",""," "
"6139","亞翔","400","265","24","6927","7038","58893","18","17","","35","34","58893","8"," "
"6141","柏承","","","","35","35","","","","","","","","","OX "
"6142","友勁","","","","","","","","","","","","","","OX "
"6152","百一","","","","","","","","","","","","","","OX "
"6153","嘉聯益","283","243","50","13512","13502","136837","17","21","","54","58","136837","12"," "
"6155","鈞寶","193","314","11","2854","2722","22005","6","20","","20","34","22005","2"," "
"6164","華興","61","6","","3825","3880","20000","","","","2","2","20000","2"," "
"6165","浪凡","2","23","","8220","8199","19438","","","","","","19438",""," "
"6166","凌華","206","338","113","3127","2882","50767","62","85","","144","167","50767",""," "
"6168","宏齊","100","154","2","4277","4221","51440","5","2","","8","5","51440","4"," "
"6176","瑞儀","57","121","4","6426","6358","116256","","5","","73","78","116256","1"," "
"6177","達麗","89","34","","2464","2519","117972","","","","4","4","117972",""," "
"6183","關貿","","","","8","8","37500","","","","","","37500",""," "
"6184","大豐電","1","1","","487","487","40531","","","","","","40531",""," "
"6189","豐藝","6","29","","2369","2346","65956","1","","","5","4","65956",""," "
"6191","精成科","132","314","31","19409","19196","124825","7","5","","28","26","124825",""," "
"6192","巨路","","2","","750","748","24038","","","","","","24038",""," "
"6196","帆宣","43","35","3","1466","1471","55082","8","15","","20","27","55082",""," "
"6197","佳必琪","204","189","26","5296","5285","30859","16","10","1","75","68","30859","1"," "
"6201","亞弘電","3","","","32","35","22300","","","","","","22300","","X "
"6202","盛群","358","328","17","5516","5529","56542","25","33","","44","52","56542","6"," "
"6205","詮欣","40","118","10","3794","3706","20558","","2","","2","4","20558",""," "
"6206","飛捷","25","175","5","1881","1726","35765","","4","","6","10","35765","4"," "
"6209","今國光","746","989","7","13335","13085","45471","","","2","2","","45471","","X "
"6213","聯茂","1342","1097","22","14769","14992","90899","158","61","","235","138","90899","19"," "
"6214","精誠","76","67","","1751","1760","68060","","2","","4","6","68060","2"," "
"6215","和椿","26","183","13","5106","4936","20697","15","12","","43","40","20697","1"," "
"6216","居易","","2","","683","681","24324","1","","","10","9","24324",""," "
"6224","聚鼎","33","29","1","1931","1934","21411","4","","","9","5","21411",""," "
"6225","天瀚","","","","","","","","","","","","","","OX "
"6226","光鼎","903","2172","","3801","2532","28883","413","152","","619","358","28883","201"," "
"6230","尼得科超眾","3","5","","465","463","21585","","6","","","6","21585",""," "
"6235","華孚","16","26","24","4567","4533","49976","1","","","35","34","49976",""," "
"6239","力成","1326","1209","29","17472","17560","189786","","93","","","93","189786","160"," "
"6243","迅杰","206","381","","2417","2242","11317","61","107","","203","249","11317","1"," "
"6257","矽格","276","451","35","10117","9907","120978","91","44","","140","93","120978","5"," "
"6269","台郡","164","555","6","9292","8895","80957","35","52","","177","194","80957","9"," "
"6271","同欣電","365","527","44","6690","6484","52264","4","34","","12","42","52264","5"," "
"6272","驊陞","","60","","93","33","20440","","","","","","20440",""," "
"6277","宏正","3","15","","348","336","29867","","","","5","5","29867",""," "
"6278","台表科","221","491","10","7729","7449","73099","32","20","","158","146","73099","3"," "
"6281","全國電","","1","","27","26","24793","","","","","","24793",""," "
"6282","康舒","574","897","123","24951","24505","214025","35","24","","332","321","214025","22"," "
"6283","淳安","10","9","","2303","2304","20632","","","","1","1","20632",""," "
"6285","啟碁","496","653","32","14360","14171","120915","95","416","","189","510","120915","38"," "
"6405","悅城","102","184","20","5321","5219","16450","16","","","41","25","16450","33"," "
"6409","旭隼","19","31","1","926","913","22063","3","","","3","","22063",""," "
"6412","群電","25","57","1","2842","2809","100192","2","","","2","","100192",""," "
"6414","樺漢","156","655","9","2154","1646","37828","6","34","103","719","644","37828","4"," "
"6415","矽力*-KY","119","96","2","4050","4071","97363","7","10","","65","68","97363","8"," "
"6416","瑞祺電通","85","127","","4118","4076","18337","","","","","","18337","1"," "
"6426","統新","20","163","1","2121","1977","9627","26","10","","30","14","9627","1"," "
"6431","光麗-KY","","","","","","","","","","","","","","OX "
"6438","迅得","23","64","1","3838","3796","20551","","5","","15","20","20551",""," "
"6442","光聖","176","382","31","4184","3947","20101","143","9","","152","18","20101","1"," "
"6443","元晶","","2968","43","10790","7779","","24","","","466","442","","","OX "
"6446","藥華藥","193","340","","7755","7608","95402","14","5","","36","27","95402","2"," "
"6449","鈺邦","179","117","30","2310","2342","22971","18","2","","29","13","22971","6"," "
"6451","訊芯-KY","460","1206","28","6807","6033","28563","14","85","","161","232","28563",""," "
"6456","GIS-KY","140","455","7","10955","10633","84484","50","5","","188","143","84484","10"," "
"6464","台數科","","","","2","2","32195","","","","","","32195",""," "
"6472","保瑞","84","73","1","3521","3531","31939","","","","","","31939",""," "
"6477","安集","98","122","1","3444","3419","30946","32","3","","303","274","30946","10"," "
"6491","晶碩","3","33","","526","496","19500","","","1","1","","19500",""," "
"6504","南六","1","4","","124","121","18150","","","","","","18150",""," "
"6505","台塑化","2246","1511","28","11849","12556","2381489","481","449","","765","733","2381489","29"," "
"6515","穎崴","13","6","6","419","420","9111","","","","4","4","9111",""," "
"6525","捷敏-KY","187","328","1","2241","2099","32261","1","5","","23","27","32261","2"," "
"6526","達發","14","34","9","1276","1247","41876","1","","","2","1","41876","1"," "
"6531","愛普*","581","1145","569","6321","5188","40787","4","55","","9","60","40787","12"," "
"6533","晶心科","36","97","","2181","2120","12662","1","11","","20","30","12662","4"," "
"6534","正瀚-創","","4","","1777","1773","25700","","","","","","25700",""," "
"6541","泰福-KY","42","40","4","3860","3858","66248","","","","8","8","66248",""," "
"6550","北極星藥業-KY","","","","","","","","","","","","","","OX "
"6552","易華電","1","","","1087","1088","20750","","","","22","22","20750",""," "
"6558","興能高","12","75","1","2796","2732","21622","1","3","","50","52","21622",""," "
"6573","虹揚-KY","","","","","","","","","","","","","","OX "
"6579","研揚","58","166","","1268","1160","42362","12","4","","12","4","42362",""," "
"6581","鋼聯","","","","6","6","27817","","","","","","27817",""," "
"6582","申豐","1","","","360","361","26543","","","","","","26543",""," "
"6585","鼎基","31","4","","2125","2152","18033","1","","29","64","34","18033",""," "
"6589","台康生技","25","59","","3018","2984","63019","","","","","","63019",""," "
"6591","動力-KY","1","18","","2078","2061","10280","","","","16","16","10280",""," "
"6592","和潤企業","2","14","3","673","658","160461","","","","1","1","160461",""," "
"6598","ABC-KY","","","","","","","","","","","","","","OX "
"6605","帝寶","12","12","","2290","2290","41454","2","1","","3","2","41454",""," "
"6606","建德工業","5","2","","560","563","27575","","","","","","27575",""," "
"6614","資拓宏宇","12","","","57","69","20165","","","","","","20165",""," "
"6625","必應","1","4","","820","817","14493","","","","","","14493",""," "
"6641","基士德-KY","1","","","101","102","9125","","","","1","1","9125",""," "
"6645","金萬林-創","","","","11","11","","","","","","","","","OX "
"6655","科定","","","","","","20142","","","","","","20142",""," "
"6657","華安","","6","","1317","1311","","","","","","","","","OX "
"6658","聯策","32","52","8","1487","1459","9092","9","4","","14","9","9092","1"," "
"6666","羅麗芬-KY","","1","","282","281","11847","","","","","","11847",""," "
"6668","中揚光","178","282","4","3039","2931","19957","51","18","","55","22","19957","20"," "
"6669","緯穎","66","129","","1332","1269","46655","3","7","","14","18","46655","1"," "
"6670","復盛應用","1","","","377","378","34846","","","","1","1","34846",""," "
"6671","三能-KY","","1","","81","80","15187","","","","","","15187",""," "
"6672","騰輝電子-KY","188","159","57","5602","5574","20405","5","15","","13","23","20405","3"," "
"6674","鋐寶科技","","1","","249","248","17137","","","","3","3","17137",""," "
"6689","伊雲谷","3","6","6","1326","1317","17000","","","","11","11","17000","6"," "
"6691","洋基工程","42","45","","1428","1425","30371","","","","23","23","30371",""," "
"6695","芯鼎","55","72","","3692","3675","21736","1","1","","26","26","21736",""," "
"6698","旭暉應材","20","17","","2060","2063","16597","","","","","","16597",""," "
"6706","惠特","67","130","49","7663","7551","19637","14","24","","82","92","19637","4"," "
"6715","嘉基","358","469","2","6737","6624","17068","10","2","","11","3","17068","1"," "
"6719","力智","54","182","7","3699","3564","21129","3","4","","5","6","21129",""," "
"6722","輝創","11","","","31","42","22100","","","","","","22100",""," "
"6742","澤米","36","48","","1828","1816","17816","72","1","","80","9","17816",""," "
"6743","安普新","1","4","","517","514","37500","","","","","","37500","","X "
"6753","龍德造船","71","204","3","5679","5543","29313","8","2","","106","100","29313",""," "
"6754","匯僑設計","","","","133","133","16500","","","","","","16500",""," "
"6756","威鋒電子","6","39","","679","646","17497","","","","","","17497",""," "
"6757","台灣虎航","61","76","31","3479","3433","114882","1","2","","3","4","114882",""," "
"6768","志強-KY","3","35","8","1196","1156","50023","","","","16","16","50023",""," "
"6770","力積電","9666","9074","201","135647","136038","1178020","569","1424","1","8705","9559","1178020","463"," "
"6771","平和環保-創","","","","82","82","7794","","","","","","7794",""," "
"6776","展碁國際","4","73","","799","730","22895","","","","","","22895",""," "
"6781","AES-KY","22","76","2","2574","2518","21354","3","","","9","6","21354",""," "
"6782","視陽","2","6","","475","471","15750","","","","1","1","15750",""," "
"6789","采鈺","112","158","3","4712","4663","79574","4","12","","27","35","79574","6"," "
"6790","永豐實","","","","587","587","66782","","","","","","66782",""," "
"6792","詠業","","2","","273","271","11968","","7","","","7","11968",""," "
"6794","向榮生技","","1","","257","256","12109","","","","","","12109",""," "
"6796","晉弘","13","","","574","587","10058","1","1","","1","1","10058",""," "
"6799","來頡","43","21","1","2066","2087","10913","","","","16","16","10913",""," "
"6805","富世達","35","133","5","2332","2229","17138","","2","","4","6","17138",""," "
"6807","峰源-KY","","","","138","138","13500","","","","","","13500",""," "
"6830","汎銓","91","329","9","3833","3586","13603","107","4","2","139","34","13603",""," "
"6831","邁科","24","68","","423","379","16875","41","","","44","3","16875",""," "
"6834","天二科技","192","428","24","3195","2935","22117","30","26","","57","53","22117","3"," "
"6835","圓裕","3","","","795","798","16543","","","","4","4","16543",""," "
"6838","台新藥","","6","","2591","2585","","","","","","","","","OX "
"6854","錼創科技-KY創","19","114","31","2893","2767","29419","1","8","","5","12","29419",""," "
"6861","睿生光電","70","79","130","1822","1683","10399","5","2","","9","6","10399","4"," "
"6862","三集瑞-KY","47","39","2","886","892","12500","","","","15","15","12500",""," "
"6863","永道-KY","165","23","","1000","1142","18722","2","1","","6","5","18722","3"," "
"6869","雲豹能源","6","24","1","2869","2850","34457","24","1","","28","5","34457","1"," "
"6873","泓德能源","5","42","","3517","3480","34591","4","4","","86","86","34591",""," "
"6885","全福生技","23","10","","2258","2271","33265","","","","20","20","33265",""," "
"6887","寶綠特-KY","4","","","889","893","18543","","","","","","18543",""," "
"6890","來億-KY","39","35","","783","787","62350","","","","2","2","62350","1"," "
"6901","鑽石投資","210","311","","6407","6306","213340","5","2","","40","37","213340",""," "
"6902","GOGOLOOK","11","11","","581","581","8882","","","","","","8882",""," "
"6906","現觀科","9","3","","490","496","8384","","","","","","8384",""," "
"6909","創控","17","9","","1390","1398","16859","4","","","17","13","16859",""," "
"6914","阜爾運通","5","","","332","337","16556","","","","","","16556",""," "
"6916","華凌","2","","","393","395","16875","","","","","","16875",""," "
"6918","愛派司","1","","","98","99","8642","","","","","","8642",""," "
"6919","康霈*","","","","","","","","","","","","","","OX "
"6923","中台","1","1","","1728","1728","22872","","","","","","22872",""," "
"6928","攸泰科技","1","19","4","795","773","21500","3","","","19","16","21500",""," "
"6931","青松健康","","5","","121","116","16538","","","","","","16538",""," "
"6933","AMAX-KY","21","41","","755","735","10604","4","","","8","4","10604","2"," "
"6936","永鴻生技","","","","242","242","18201","","","","","","18201",""," "
"6937","天虹","62","49","3","1435","1445","16913","7","","","8","1","16913",""," "
"6944","兆聯實業","28","35","","785","778","19171","","","","20","20","19171",""," "
"6949","沛爾生醫-創","60","13","","5255","5302","16395","","","","2","2","16395",""," "
"6951","青新-創","","","","77","77","11500","","","","","","11500",""," "
"6952","大武山","","","","15","15","17086","","","","","","17086",""," "
"6957","裕慶-KY","15","11","","1587","1591","13878","","","","","","13878","","X "
"6958","日盛台駿","13","","","161","174","100322","","","","","","100322",""," "
"6962","奕力-KY","48","84","1","8409","8372","123099","","4","","","4","123099","38"," "
"6965","中傑-KY","","","","39","39","39084","","","","","","39084",""," "
"6994","富威電力","21","32","","2968","2957","18540","","1","","11","12","18540",""," "
"7631","聚賢研發-創","6","","","57","63","5035","","","","","","5035",""," "
"7705","三商餐飲","","","","88","88","16516","","","","","","16516",""," "
"7711","永擎","9","5","","550","554","17925","","","","","","17925",""," "
"7721","微程式","4","2","","1139","1141","12592","","","","","","12592",""," "
"7722","LINEPAY","2","22","","546","526","17000","","","","","","17000",""," "
"7730","暉盛-創","11","30","1","503","483","9199","1","","","2","1","9199",""," "
"7732","金興精密","","16","","94","78","16170","","","","","","16170",""," "
"7736","虎山","1","","","69","70","19000","","","","","","19000",""," "
"7740","熙特爾-創","7","4","","1789","1792","13300","","","","","","13300",""," "
"7749","意騰-KY","23","24","1","993","991","11621","","1","","8","9","11621","2"," "
"7750","新代","16","7","","548","557","17960","","","","1","1","17960",""," "
"7765","中華資安","1","","","459","460","10170","","","","","","10170",""," "
"7769","鴻勁","74","41","","290","323","44982","","2","","","2","44982","1"," "
"7780","大研生醫*","8","","","282","290","202506","","","","","","202506",""," "
"7786","東方風能","2","2","4","167","163","43988","","","","","","43988",""," "
"7788","松川精密","109","204","","1565","1470","19936","1","4","","3","6","19936","2"," "
"7791","皇家可口","","","","18","18","20000","","","","","","20000",""," "
"7795","長廣","52","11","","127","168","19707","","","","","","19707",""," "
"7799","禾榮科","24","33","6","1221","1206","39561","","","","2","2","39561",""," "
"8011","台通","28","158","","3574","3444","41480","","","","33","33","41480",""," "
"8016","矽創","56","59","","1461","1458","30034","9","4","","10","5","30034",""," "
"8021","尖點","467","1497","47","9713","8636","36772","112","3","","141","32","36772",""," "
"8028","昇陽半導體","304","622","43","5319","4958","45887","30","","5","189","154","45887",""," "
"8033","雷虎","33","281","63","6537","6226","39239","45","","","176","131","39239","75"," "
"8039","台虹","4446","6598","57","19978","17769","65950","439","3","","780","344","65950","1"," "
"8045","達運光電","13","13","","4950","4950","23760","","","","10","10","23760",""," "
"8046","南電","1887","2168","12","9437","9144","161541","188","127","","426","365","161541","37"," "
"8070","長華*","544","152","6","5919","6305","181412","2","5","","12","15","181412",""," "
"8072","陞泰","36","26","6","1765","1769","20000","","10","","","10","20000",""," "
"8081","致新","51","66","1","1765","1749","21543","3","6","","6","9","21543","1"," "
"8101","華冠","","","","","","","","","","","","","","OX "
"8103","瀚荃","31","60","","2961","2932","19609","1","","","1","","19609","1"," "
"8104","錸寶","25","83","5","3513","3450","26014","","16","","2","18","26014",""," "
"8105","凌巨","206","265","7","8244","8178","72140","17","7","","507","497","72140","5"," "
"8110","華東","200","1051","73","15419","14495","129434","341","44","","459","162","129434","7"," "
"8112","至上","371","260","13","16783","16881","131323","176","149","","3287","3260","131323","2"," "
"8114","振樺電","81","176","","1553","1458","19121","4","9","","18","23","19121","1"," "
"8131","福懋科","177","197","42","4724","4662","110555","17","51","","52","86","110555","2"," "
"8150","南茂","1320","3301","168","16986","14837","176130","89","","","1311","1222","176130",""," "
"8162","微矽電子-創","37","130","","1728","1635","17175","","","","","","17175",""," "
"8163","達方","54","112","32","2484","2394","70000","2","","","14","12","70000",""," "
"8201","無敵","","","","","","","","","","","","","","OX "
"8210","勤誠","39","58","2","2279","2258","31329","10","","","30","20","31329",""," "
"8213","志超","11","82","107","3892","3714","67810","","","","","","67810",""," "
"8215","明基材","23","31","2","3192","3182","80168","","","","12","12","80168",""," "
"8222","寶一","35","64","","3439","3410","17143","17","9","","36","28","17143","2"," "
"8249","菱光","16","33","2","3805","3786","28587","2","1","","21","20","28587","1"," "
"8261","富鼎","557","1512","26","6670","5689","29719","12","","7","45","26","29719",""," "
"8271","宇瞻","825","1245","1","6207","5786","30893","128","222","","621","715","30893","44"," "
"8341","日友","","1","","358","357","32500","","","","","","32500",""," "
"8367","建新國際","1","","","11","12","23043","","","","","","23043",""," "
"8374","羅昇","25","53","1","1558","1529","22312","1","1","","3","3","22312",""," "
"8404","百和興業-KY","","3","","3775","3772","104983","","","","","","104983","","X "
"8411","福貞-KY","","","","16","16","54601","","","","","","54601",""," "
"8422","可寧衛*","258","801","25","25368","24800","339690","5","1","","79","75","339690","22"," "
"8429","金麗-KY","77","15","","13803","13865","46436","","","","28","28","46436",""," "
"8438","昶昕","21","95","","3324","3250","17485","","","","","","17485",""," "
"8442","威宏-KY","2","14","","753","741","17542","","","","20","20","17542",""," "
"8443","阿瘦","","","","28","28","","","","","","","","","OX "
"8454","富邦媒","86","93","2","1446","1437","66243","7","7","","57","57","66243","1"," "
"8462","柏文","32","34","","1112","1110","20096","3","12","","5","14","20096","3"," "
"8463","潤泰材","2","","","120","122","37500","","","","","","37500",""," "
"8464","億豐","2","7","","59","54","73255","","","","1","1","73255",""," "
"8466","美吉吉-KY","10","","","1286","1296","19956","","","","","","19956",""," "
"8467","波力-KY","","","","241","241","12093","","","","","","12093",""," "
"8473","山林水","5","17","","2212","2200","42907","","","","33","33","42907",""," "
"8476","台境*","43","29","","18282","18296","41556","87","","5","380","288","41556",""," "
"8478","東哥遊艇","17","16","19","1116","1098","23493","","","","","","23493",""," "
"8481","政伸","","","","5","5","16650","","","","","","16650",""," "
"8482","商億-KY","","","","160","160","26861","","","","","","26861",""," "
"8487","愛爾達-創","","","","34","34","6633","","","","","","6633",""," "
"8488","吉源-KY","","","","20","20","18375","","","","","","18375",""," "
"8499","鼎炫-KY","4","3","","571","572","10291","","","","","","10291",""," "
"8926","台汽電","143","280","2","6746","6607","207570","4","","","97","93","207570",""," "
"8940","新天地","4","","","78","82","16872","","","","","","16872",""," "
"8996","高力","216","301","8","4143","4050","23375","59","32","","90","63","23375","5"," "
"9103","美德醫療-DR","101","134","1","3611","3577","51382","10","","","70","60","51382","2"," "
"910322","康師傅-DR","","","","","","","","","","","","","","OX "
"9105","泰金寶-DR","575","1045","13","46476","45993","410245","90","99","","378","387","410245","43"," "
"910861","神州-DR","","","","","","","","","","","","","","OX "
"911868","同方友友-DR","","","","","","","","","","","","","","OX "
"912000","晨訊科-DR","13","10","","16636","16639","39823","","","","","","39823",""," "
"9136","巨騰-DR","4","54","","12996","12946","33916","","","","","","33916",""," "
"9802","鈺齊-KY","2","5","10","2165","2152","50247","","","","24","24","50247",""," "
"9902","台火","10","136","","3209","3083","24512","","","","1","1","24512",""," "
"9904","寶成","163","125","107","24658","24589","736696","1","1","","17","17","736696","2"," "
"9905","大華","1","","","24","25","76250","","","","","","76250",""," "
"9906","欣巴巴","3","3","","422","422","22594","","","","","","22594",""," "
"9907","統一實","49","6","","3981","4024","394786","","40","","2","42","394786",""," "
"9908","大台北","","3","","129","126","129089","","","","","","129089",""," "
"9910","豐泰","14","64","","2218","2168","246870","7","","","15","8","246870",""," "
"9911","櫻花","","5","","392","387","55597","","","","","","55597",""," "
"9912","偉聯","","","","","","","","","","","","","","OX "
"9914","美利達","41","72","","2646","2615","74745","14","30","","56","72","74745","1","X "
"9917","中保科","","","","54","54","112799","","","","","","112799",""," "
"9918","欣天然","","16","","109","93","45134","","","","","","45134",""," "
"9919","康那香","6","36","","8282","8252","48840","1","","","5","4","48840",""," "
"9921","巨大","116","100","","1818","1834","98016","13","23","","205","215","98016",""," "
"9924","福興","3","","","731","734","37690","","","","","","37690",""," "
"9925","新保","","1","","2","1","96872","","","","","","96872",""," "
"9926","新海","","","","12","12","44876","","","","","","44876",""," "
"9927","泰銘","","","","57","57","30000","","","","","","30000",""," "
"9928","中視","3","","","440","443","15481","","","","","","15481",""," "
"9929","秋雨","","","","","","","","","","","","","","OX "
"9930","中聯資源","","","","20","20","62135","","","","","","62135",""," "
"9931","欣高","","","","67","67","30092","","","","","","30092",""," "
"9933","中鼎","48","9","","4023","4062","224834","","","","1","1","224834",""," "
"9934","成霖","22","54","","5745","5713","102754","","","","4","4","102754",""," "
"9935","慶豐富","6","17","","1209","1198","44459","","","","","","44459",""," "
"9937","全國","1","2","","119","118","77260","","","","","","77260",""," "
"9938","百和","38","86","","3249","3201","74490","","","","","","74490","","X "
"9939","宏全","53","9","","1156","1200","73946","","","","1","1","73946",""," "
"9940","信義","3","","","1252","1255","184211","","","","","","184211",""," "
"9941","裕融","11","9","","917","919","143909","","","","3","3","143909",""," "
"9942","茂順","","2","","27","25","20790","","","","","","20790",""," "
"9943","好樂迪","","1","","70","69","31292","","","","","","31292",""," "
"9944","新麗","12","12","","5521","5521","26477","","","","4","4","26477",""," "
"9945","潤泰新","342","289","","20854","20907","711056","13","4","","81","72","711056",""," "
"9946","三發地產","18","3","","1143","1158","81638","","","","","","81638",""," "
"9955","佳龍","51","59","2","1029","1019","26108","","36","","","36","26108",""," "
"9958","世紀鋼","59","209","1","8319","8168","61724","3","","","5","2","61724",""," "
