股票代號,股票名稱,融資買進,融資賣出,融資現金償還,融資前日餘額,融資今日餘額,融資限額,融券買進,融券賣出,融券現券償還,融券前日餘額,融券今日餘額,融券限額,資券互抵,註記
"00400A","主動國泰動能高息","348","254","","11654","11748","496285","20","","","28","8","496285","7"," "
"00401A","主動摩根台灣鑫收","10","9","","1167","1168","57598","","1","","2","3","57598",""," "
"00402A","主動安聯美國科技","903","","","2340","3243","186281","","","","","","186281",""," "
"00403A","主動統一升級50","5022","1985","8","124038","127067","4255004","247","384","","1739","1876","4255004","113"," "
"00404A","主動聯博動能50","21","61","","2211","2171","91073","","1","","","1","91073",""," "
"00405A","主動富邦台灣龍耀","1328","526","3","29122","29921","834186","417","35","","509","127","834186","14"," "
"00406A","主動中信台灣收益","2033","483","20","11255","12785","349265","","","","","","349265","","X "
"00407A","主動凱基台灣","597","288","","40468","40777","760309","11","49","","151","189","760309","26"," "
"00408A","主動第一金優股息","5","","","144","149","42033","","","","","","42033",""," "
"0050","元大台灣50","1197","7345","6943","32467","19376","5426750","14","112","","196","294","5426750","26"," "
"0051","元大中型100","","","","3","3","6125","","","","","","6125",""," "
"0052","富邦科技","258","248","","11830","11840","658000","2","4","","94","96","658000","6"," "
"0053","元大電子","","","","14","14","1372","","","","","","1372",""," "
"0055","元大MSCI金融","7","1","","49","55","22413","","","","","","22413",""," "
"0056","元大高股息","257","73","16","8665","8833","3555633","3","3","","23","23","3555633","2"," "
"0057","富邦摩台","","","","","","381","","","","","","381",""," "
"0061","元大寶滬深","","","","15","15","24154","","","","","","24154",""," "
"006203","元大MSCI台灣","","","","","","2554","","","","","","2554",""," "
"006204","永豐臺灣加權","","","","","","375","","","","","","375",""," "
"006205","富邦上証","1","10","","75","66","23734","","","","1","1","23734",""," "
"006206","元大上證50","","","","8","8","6819","","","","","","6819",""," "
"006207","復華滬深","","","","2","2","5223","","","","","","5223",""," "
"006208","富邦台50","7","2","","408","413","461385","1","","","2","1","461385",""," "
"00631L","元大台灣50正2","11245","7752","136","259209","262566","1865962","1827","1510","","17471","17154","1865962","732"," "
"00632R","元大台灣50反1","9896","21763","40","305172","293265","590676","39","693","","7613","8267","590676","629"," "
"00633L","富邦上証正2","32","5","","7518","7545","29614","5","","","778","773","29614",""," "
"00634R","富邦上証反1","23","14","","2188","2197","11814","","","","","","11814",""," "
"00635U","期元大S&P黃金","21","139","","6817","6699","76253","1","1","","253","253","76253",""," "
"00636","國泰中國A50","","1","","147","146","24081","","","","","","24081",""," "
"00637L","元大滬深300正2","432","92","","83069","83409","183151","155","10","","8397","8252","183151","38"," "
"00638R","元大滬深300反1","","3","","668","665","6112","","","","4","4","6112",""," "
"00639","富邦深100","2","17","","491","476","24350","","","","8","8","24350",""," "
"00640L","富邦日本正2","","58","","220","162","1729","","","","38","38","1729",""," "
"00641R","富邦日本反1","59","7","","10110","10162","20189","","","","496","496","20189",""," "
"00642U","期元大S&P石油","107","589","","3842","3360","23455","127","62","","911","846","23455","4"," "
"00643","群益深証中小","","2","","882","880","18250","","","","","","18250",""," "
"00645","富邦日本","14","","","20","34","10874","","","","","","10874",""," "
"00646","元大S&P500","3","1","","76","78","142996","","","","2","2","142996",""," "
"00647L","元大S&P500正2","","","","38","38","1604","","","","","","1604",""," "
"00648R","元大S&P500反1","80","","","10833","10913","35172","","","","139","139","35172",""," "
"00650L","復華香港正2","126","355","","14707","14478","28959","89","28","","1076","1015","28959","3"," "
"00651R","復華香港反1","9","40","","1683","1652","8048","","","8","94","86","8048",""," "
"00652","富邦印度","","","","48","48","16133","","","","","","16133",""," "
"00653L","富邦印度正2","2","5","","2345","2342","3600","","","","1","1","3600","","@ "
"00654R","富邦印度反1","5","10","","570","565","4866","","","","62","62","4866",""," "
"00655L","國泰中國A50正2","11","27","","1923","1907","14489","1","","","224","223","14489",""," "
"00656R","國泰中國A50反1","","1","","160","159","5089","","","","","","5089",""," "
"00657","國泰日經225","","","","","","1646","","","","","","1646",""," "
"00660","元大歐洲50","","","","","","1882","","","","","","1882",""," "
"00661","元大日經225","","","","18","18","5856","","","","","","5856",""," "
"00662","富邦NASDAQ","7","2","1","1253","1257","218382","","1","","8","9","218382",""," "
"00663L","國泰臺灣加權正2","390","279","","10733","10844","40290","135","138","","1959","1962","40290","29"," "
"00664R","國泰臺灣加權反1","757","3318","","76715","74154","188893","39","2","","794","757","188893","323"," "
"00665L","富邦恒生國企正2","66","971","","67273","66368","116741","67","129","","1471","1533","116741","1"," "
"00666R","富邦恒生國企反1","","","","1045","1045","3656","","","","12","12","3656",""," "
"00668","國泰美國道瓊","1","","","","1","1870","","","","","","1870",""," "
"00669R","國泰美國道瓊反1","185","165","","13785","13805","51279","","","","113","113","51279",""," "
"00670L","富邦NASDAQ正2","22","29","","1041","1034","18661","11","2","","173","164","18661",""," "
"00671R","富邦NASDAQ反1","","209","90","125997","125698","135096","52","48","","2371","2367","135096","","O "
"00673R","期元大S&P原油反1","5450","5907","2","61278","60819","149262","10","17","","8279","8286","149262","50"," "
"00674R","期元大S&P黃金反1","","64","","258","194","3855","10","","","29","19","3855",""," "
"00675L","富邦臺灣加權正2","40","22","","3260","3278","28446","13","7","","420","414","28446","6"," "
"00676R","富邦臺灣加權反1","1451","665","","17611","18397","42208","","4","","449","453","42208","10"," "
"00678","群益那斯達克生技","1","","","26","27","2112","","","","","","2112",""," "
"00680L","元大美債20正2","462","346","","66353","66469","376394","126","16","","224","114","376394",""," "
"00681R","元大美債20反1","","","","3","3","1898","","","","","","1898",""," "
"00682U","期元大美元指數","","","","12","12","1911","","","","","","1911",""," "
"00683L","期元大美元指正2","","1","","97","96","2858","","","","","","2858",""," "
"00684R","期元大美元指反1","","","","21","21","2422","","","","","","2422",""," "
"00685L","群益臺灣加權正2","12756","6076","134","193085","199631","1457834","2603","818","1","17424","15638","1457834","530"," "
"00686R","群益臺灣加權反1","634","1062","","16995","16567","52444","","1","","79","80","52444",""," "
"00688L","國泰20年美債正2","315","80","","27154","27389","159778","1","16","","6","21","159778",""," "
"00689R","國泰20年美債反1","","","","","","1722","","","","","","1722","","X "
"00690","兆豐藍籌30","","","","80","80","20457","","","","","","20457",""," "
"00692","富邦公司治理","","3","","104","101","153320","","","","","","153320",""," "
"00693U","期街口S&P黃豆","31","253","","2212","1990","19916","16","","","16","","19916","1"," "
"00700","富邦恒生國企","1","2","","189","188","8745","","","","","","8745",""," "
"00701","國泰股利精選30","","","","20","20","42722","","","","","","42722",""," "
"00702","國泰標普低波高息","","","","","","1672","","","","","","1672","","X "
"00703","台新MSCI中國","","","","12","12","2387","","","","","","2387",""," "
"00706L","期元大S&P日圓正2","118","170","","6612","6560","38567","100","12","","353","265","38567",""," "
"00707R","期元大S&P日圓反1","","","","","","1463","","","","","","1463","","X "
"00708L","期元大S&P黃金正2","296","195","6","10662","10757","31893","11","19","","740","748","31893","2"," "
"00709","富邦歐洲","","","","4","4","3865","","","","","","3865",""," "
"00710B","復華彭博非投等債","","","","10","10","45190","","","","","","45190",""," "
"00711B","復華彭博新興債","","","","3","3","217940","","","","","","217940",""," "
"00712","復華富時不動產","69","155","","16036","15950","1254127","4","1","","4","1","1254127","2"," "
"00713","元大台灣高息低波","17","36","","160","141","430503","","","","","","430503",""," "
"00714","群益道瓊美國地產","","","","31","31","5266","","","","","","5266",""," "
"00715L","期街口布蘭特正2","940","3170","","13123","10893","27672","657","201","","5360","4904","27672","35"," "
"00717","富邦美國特別股","","","","","","30776","","","","","","30776",""," "
"00728","第一金工業30","","","","2","2","9605","","","","","","9605",""," "
"00730","富邦臺灣優質高息","","","","3","3","17636","","","","","","17636",""," "
"00731","復華富時高息低波","","","","2","2","5400","","","","","","5400",""," "
"00733","富邦臺灣中小","12","7","","56","61","16366","","","","","","16366","4"," "
"00735","國泰臺韓科技","101","89","","3823","3835","28697","1","8","","431","438","28697","4"," "
"00736","國泰新興市場","","","","","","1681","","","","","","1681",""," "
"00737","國泰AI機器人","","","","50","50","5634","","","","","","5634",""," "
"00738U","期元大道瓊白銀","149","303","","13193","13039","61699","1","32","","414","445","61699",""," "
"00739","元大MSCI A股","","","","","","6497","","","","","","6497",""," "
"00752","中信中國50","25","4","","568","589","70554","","","","12","12","70554",""," "
"00753L","中信中國50正2","172","803","","86150","85519","181789","6","19","","1155","1168","181789","3"," "
"00757","統一FANG+","2","20","","211","193","67998","3","","","6","3","67998",""," "
"00762","元大全球AI","","7","","67","60","12062","","","","","","12062",""," "
"00763U","期街口道瓊銅","6","24","","1504","1486","11641","","","","94","94","11641",""," "
"00770","國泰北美科技","","","","49","49","19864","","","","","","19864",""," "
"00771","元大US高息特別股","","","","1","1","3556","","","","","","3556",""," "
"00775B","台新投等債15+","","","","","","58025","","","","","","58025","","X "
"00783","富邦中証500","","","","349","349","1757","","","","","","1757",""," "
"00830","國泰費城半導體","100","217","3","4825","4705","199241","354","17","","650","313","199241","4"," "
"00850","元大臺灣ESG永續","1","","","14","15","103861","","","","","","103861",""," "
"00851","台新全球AI","","","","2","2","1381","","","","","","1381",""," "
"00852L","國泰美國道瓊正2","","5","","42","37","2091","","","","54","54","2091",""," "
"00861","元大全球未來通訊","","","","29","29","17353","","","","","","17353",""," "
"00865B","國泰US短期公債","100","","","3","103","69561","","","","","","69561",""," "
"00875","國泰網路資安","","","","","","3372","","","","","","3372",""," "
"00876","元大全球5G","","","","16","16","23381","","","","","","23381",""," "
"00878","國泰永續高股息","51","19","5","2711","2738","4587447","2","","","36","34","4587447",""," "
"00881","國泰台灣科技龍頭","16","38","","1291","1269","601725","1","","","4","3","601725","9"," "
"00882","中信中國高股息","81","178","","3042","2945","506587","","","","11","11","506587",""," "
"00885","富邦越南","12","27","","880","865","153684","","","","124","124","153684",""," "
"00891","中信關鍵半導體","137","137","10","6159","6149","430397","18","","","42","24","430397","1"," "
"00892","富邦台灣半導體","8","30","","1966","1944","81073","","2","","17","19","81073",""," "
"00893","國泰智能電動車","6","","","70","76","90096","","","","23","23","90096",""," "
"00894","中信小資高價30","2","","","562","564","37252","20","1","","21","2","37252","1"," "
"00895","富邦未來車","","","","69","69","36979","","","","8","8","36979",""," "
"00896","中信綠能及電動車","60","1","14","1717","1762","97595","","","","","","97595","1"," "
"00897","富邦基因免疫生技","","","","145","145","35753","","","","","","35753",""," "
"00898","國泰基因免疫革命","","","","44","44","35119","","","","","","35119",""," "
"00899","FT潔淨能源","","","","64","64","4158","","","","","","4158",""," "
"00900","富邦特選高股息30","4","4","","346","346","402381","","","","","","402381","10"," "
"00901","永豐智能車供應鏈","","","","3","3","15837","","","","","","15837",""," "
"00902","中信電池及儲能","8","121","","2581","2468","56624","","","","8","8","56624",""," "
"00903","富邦元宇宙","","","","20","20","12305","","","","","","12305",""," "
"00904","台新臺灣半導體30","2","","","609","611","40653","","","","5","5","40653",""," "
"00905","FT臺灣Smart","8","","","444","452","89831","","","","","","89831",""," "
"00907","永豐優息存股","","5","","419","414","38908","","","","","","38908",""," "
"00908","富邦入息REITs+","10","1","","1","10","8854","","","","","","8854",""," "
"00909","國泰數位支付服務","5","8","","1002","999","26426","8","","","24","16","26426",""," "
"00910","第一金太空衛星","8","18","","2152","2142","31859","3","17","","7","21","31859",""," "
"00911","兆豐洲際半導體","","1","","179","178","6850","","","","","","6850",""," "
"00912","中信臺灣智慧50","","","","157","157","15063","","","","","","15063",""," "
"00913","兆豐台灣晶圓製造","10","12","","1406","1404","11941","1","","","1","","11941",""," "
"00915","凱基優選高股息30","1","","","33","34","130120","","","","","","130120",""," "
"00916","國泰全球品牌50","2","5","","642","639","29729","","","","","","29729",""," "
"00917","中信特選金融","3","8","","88","83","15369","","","","","","15369",""," "
"00918","大華優利高填息30","232","142","16","4583","4657","865316","18","","","40","22","865316","2"," "
"00919","群益台灣精選高息","217","103","","7689","7803","4540033","3","","","77","74","4540033","4"," "
"00920","富邦ESG綠色電力","","","","28","28","5070","","","","","","5070",""," "
"00921","兆豐龍頭等權重","","","","1","1","13692","","","","","","13692",""," "
"00922","國泰台灣領袖50","92","21","","1429","1500","532421","","","","1","1","532421",""," "
"00923","群益台ESG低碳50","1","10","","204","195","213355","","","","","","213355",""," "
"00924","復華S&P500成長","","2","","142","140","109775","","","","","","109775",""," "
"00926","凱基全球菁英55","","","","21","21","23120","","","","","","23120",""," "
"00927","群益半導體收益","114","209","42","15799","15662","337724","3","2","","22","21","337724","14"," "
"00929","復華台灣科技優息","379","84","4","5866","6157","1189534","1","5","","9","13","1189534","7"," "
"00930","永豐ESG低碳高息","","1","","108","107","32819","","","","","","32819",""," "
"00932","兆豐永續高息等權","","","","72","72","29945","","","","","","29945",""," "
"00934","中信成長高股息","4","","","728","732","106381","2","","","2","","106381",""," "
"00935","野村臺灣新科技50","152","68","","5511","5595","209501","4","","","133","129","209501","13"," "
"00936","台新永續高息中小","","1","","6","5","51449","","","","","","51449",""," "
"00938","凱基優選30","1","","","2","3","24504","","","","","","24504",""," "
"00939","統一台灣高息動能","3","8","","112","107","298244","","","","","","298244","","X "
"00940","元大台灣價值高息","78","6","","1518","1590","1363466","40","","","158","118","1363466",""," "
"00941","中信上游半導體","4","","","238","242","113572","","","","1","1","113572",""," "
"00943","兆豐電子高息等權","","","","27","27","10347","","","","","","10347",""," "
"00944","野村趨勢動能高息","","1","","7","6","13770","","","","","","13770",""," "
"00945B","凱基美國非投等債","","","","230","230","200829","","","","","","200829",""," "
"00946","群益科技高息成長","2","","","544","546","115061","","","","","","115061",""," "
"00947","台新臺灣IC設計","177","49","","5436","5564","71091","15","","","38","23","71091","4"," "
"00949","復華日本龍頭","","","","83","83","43482","","","","","","43482",""," "
"00951","台新日本半導體","51","5","","1303","1349","55135","","","","13","13","55135",""," "
"00952","凱基台灣AI50","13","","","668","681","61193","","","","","","61193",""," "
"00953B","群益優選非投等債","19164","28","","83270","102406","1036168","","","","","","1036168","2"," "
"00954","中信日本半導體","48","49","","1811","1810","29436","","","","2","2","29436",""," "
"00956","中信日經高股息","","2","","72","70","8532","","","","","","8532",""," "
"00960","野村全球航運龍頭","1","54","","130","77","14873","","","","","","14873",""," "
"00961","FT臺灣永續高息","366","18","","2274","2622","111502","","","","","","111502",""," "
"00962","台新AI優息動能","10","","","61","71","13605","","","","","","13605",""," "
"00963","中信全球高股息","20","","","15","35","25733","","","","","","25733",""," "
"00964","中信亞太高股息","1","","","50","51","17406","","","","","","17406",""," "
"00965","元大航太防衛科技","5","2","","1714","1717","109873","","","","41","41","109873",""," "
"00971","野村美國研發龍頭","","","","14","14","14294","","","","","","14294",""," "
"00972","野村日本動能高息","","","","2","2","4418","","","","","","4418",""," "
"009800","中信NASDAQ","","","","1439","1439","72097","","","","9","9","72097",""," "
"009801","中信美國創新科技","","","","20","20","24279","","","","","","24279",""," "
"009802","富邦旗艦50","28","","","1002","1030","133373","5","","","10","5","133373",""," "
"009803","玉山市值動能50","3","2","","435","436","46457","","","","10","10","46457",""," "
"009804","聯邦台精彩50","6","18","","914","902","39098","","","","","","39098",""," "
"009805","台新美國電力基建","34","38","","16087","16083","155204","","","","","","155204",""," "
"009808","華南永昌優選50","","","","14","14","10127","","","","","","10127",""," "
"009809","富邦淨零ESG50","","","","3","3","8090","","","","","","8090",""," "
"00980A","主動野村臺灣優選","175","8","","2815","2982","177057","8","1","","21","14","177057",""," "
"009810","玉山全球藍籌100","","","","2","2","4788","","","","","","4788",""," "
"009811","統一美國50","","3","","80","77","61612","","","","35","35","61612",""," "
"009812","野村日本東證","","","","2","2","24595","","","","","","24595",""," "
"009813","貝萊德標普卓越50","","10","","77","67","85581","","","","","","85581",""," "
"009816","凱基台灣TOP50","1030","478","","32516","33068","2877086","107","22","","729","644","2877086","38"," "
"009817","國泰日本不動產","","8","","103","95","61234","","","","","","61234",""," "
"009818","華南永昌NASDAQxT","","","","12","12","13413","","","","","","13413",""," "
"009819","中信數據及電力","45","41","","5216","5220","168686","","","","6","6","168686",""," "
"00981A","主動統一台股增長","8266","5710","30","172882","175408","2443677","1369","429","34","4924","3950","2443677","108"," "
"00981T","平衡凱基雙核收息","2","","","33","35","55815","","","","","","55815",""," "
"009820","元大納斯達克精選","56","","","2671","2727","321550","","","","5","5","321550",""," "
"009821","野村稀土關鍵資源","62","145","","9907","9824","181710","","","","1","1","181710",""," "
"009824","群益美國科技巨頭","2","33","","2330","2299","163586","","","","","","163586",""," "
"00982A","主動群益台灣強棒","488","222","","8990","9256","552109","30","13","","66","49","552109","22"," "
"00982D","主動富邦動態入息","","","","127","127","18432","","","","","","18432",""," "
"00982T","平衡兆豐台美動能","","","","","","4649","","","","","","4649",""," "
"00983A","主動中信ARK創新","","","","448","448","24921","","","","6","6","24921",""," "
"00983D","主動富邦複合收益","","","","121","121","25549","","","","","","25549",""," "
"00984A","主動安聯台灣高息","32","6","","2085","2111","160489","","","","","","160489",""," "
"00984D","主動聯博全球非投","139","","4","5081","5216","160389","","","","","","160389","","X "
"00985A","主動野村台灣50","4","34","","1184","1154","117072","","","","47","47","117072",""," "
"00985B","群益ESG投等債0-5","","","","249","249","150500","","","","","","150500",""," "
"00986A","主動台新龍頭成長","1","1","","80","80","10331","","","","","","10331",""," "
"00987A","主動台新優勢成長","7","3","","2194","2198","43285","17","","","25","8","43285",""," "
"00988A","主動統一全球創新","2734","1627","","71345","72452","844109","249","2","450","785","88","844109",""," "
"00989A","主動摩根美國科技","4","","","241","245","18279","","","","","","18279",""," "
"00990A","主動元大AI新經濟","240","1006","20","20592","19806","618005","13","15","","79","81","618005",""," "
"00991A","主動復華未來50","7360","6456","71","137876","138709","1129229","114","845","","663","1394","1129229","113"," "
"00992A","主動群益科技創新","160","228","","24455","24387","609613","16","16","","250","250","609613","3"," "
"00993A","主動安聯台灣","4007","24","","1927","5910","196022","3","","","30","27","196022",""," "
"00994A","主動第一金台股優","17","140","","2199","2076","76172","68","","","71","3","76172","39"," "
"00995A","主動中信台灣卓越","35","40","1","1789","1783","74758","5","","","16","11","74758",""," "
"00996A","主動兆豐台灣豐收","56","145","","3662","3573","79474","5","","","7","2","79474","47"," "
"00997A","主動群益美國增長","123","39","","13448","13532","317094","","","","6","6","317094",""," "
"00999A","主動野村臺灣高息","12","1","","2879","2890","298504","","","","","","298504",""," "
"1101","台泥","322","1519","13","32740","31530","1880795","7","40","4","51","80","1880795","6"," "
"1102","亞泥","3","119","","1540","1424","886640","","","","","","886640",""," "
"1103","嘉泥","","38","","4115","4077","208218","","","","","","208218",""," "
"1104","環泥","1","6","","1685","1680","171670","","","","","","171670",""," "
"1108","幸福","","28","","454","426","101184","","","","44","44","101184",""," "
"1109","信大","","10","","275","265","85289","","","","1","1","85289",""," "
"1110","東泥","","20","","2715","2695","143000","","","","","","143000",""," "
"1201","味全","10","3","","1468","1475","126515","","","","","","126515",""," "
"1203","味王","","","","2","2","60000","","","","","","60000",""," "
"1210","大成","54","4","","578","628","223691","","","","","","223691",""," "
"1213","大飲","","","","","","","","","","","","","","OX "
"1215","卜蜂","15","23","","421","413","73697","","34","","1","35","73697",""," "
"1216","統一","58","55","5","482","480","1420503","","","","","","1420503","","X "
"1217","愛之味","6","1","","913","918","123628","","","","3","3","123628",""," "
"1218","泰山","291","5","","1504","1790","124999","","8","","117","125","124999","1"," "
"1219","福壽","5","101","","508","412","85309","","","","105","105","85309",""," "
"1220","台榮","","1","","868","867","44269","","","","","","44269",""," "
"1225","福懋油","","1","","6934","6933","60567","","","","9","9","60567",""," "
"1227","佳格","1","","","928","929","228772","","","","2","2","228772",""," "
"1229","聯華","83","76","","3463","3470","448990","","8","","11","19","448990",""," "
"1231","聯華食","18","10","","255","263","74613","","","","","","74613","","X "
"1232","大統益","10","14","","242","238","39993","","","","","","39993",""," "
"1233","天仁","","","","17","17","22647","","","","","","22647",""," "
"1234","黑松","","","","16","16","100467","","","","","","100467",""," "
"1235","興泰","","","","1162","1162","47144","","","","","","47144",""," "
"1236","宏亞","","","","182","182","21668","","","","","","21668",""," "
"1256","鮮活果汁-KY","6","2","","334","338","8943","","","","6","6","8943",""," "
"1301","台塑","797","1914","4","26963","25842","1591435","519","299","1","873","652","1591435","43"," "
"1303","南亞","2298","6631","35","39992","35624","1982705","1660","9","","3185","1534","1982705","5"," "
"1304","台聚","534","650","20","11988","11852","297190","4","61","","78","135","297190",""," "
"1305","華夏","129","240","20","6903","6772","145262","","42","","","42","145262","4"," "
"1307","三芳","58","7","","1316","1367","99454","1","","","1","","99454",""," "
"1308","亞聚","220","323","","6885","6782","148435","","51","","2","53","148435",""," "
"1309","台達化","274","585","","8687","8376","99396","3","242","","27","266","99396","1"," "
"1310","台苯","424","415","1","14096","14104","131967","7","835","","38","866","131967",""," "
"1312","國喬","2553","2543","2","33315","33323","376655","16","131","","126","241","376655","2"," "
"1313","聯成","347","675","","11814","11486","337711","139","56","","153","70","337711",""," "
"1314","中石化","1177","3476","","80998","78699","946212","15","21","","218","224","946212","29"," "
"1315","達新","","","","18","18","24774","","","","","","24774",""," "
"1316","上曜","54","70","","10868","10852","93986","6","","","26","20","93986","5"," "
"1319","東陽","37","80","2","7041","6996","147869","3","4","","12","13","147869",""," "
"1321","大洋","14","27","","7174","7161","56807","","","","","","56807",""," "
"1323","永裕","","","","84","84","22818","","","","","","22818",""," "
"1324","地球","","","","1277","1277","18780","","","","","","18780",""," "
"1325","恆大","39","84","","2266","2221","21320","10","8","","116","114","21320",""," "
"1326","台化","1508","3866","197","38672","36117","1465296","360","129","3","841","607","1465296","54"," "
"1337","再生-KY","1","","","21403","21404","67238","","","","","","67238",""," "
"1338","廣華-KY","6","12","","3913","3907","20960","","","","","","20960",""," "
"1339","昭輝","5","3","","883","885","18534","","","","","","18534",""," "
"1340","勝悅-KY","","","","990","990","38230","","","","","","38230",""," "
"1342","八貫","16","7","","638","647","19500","","","","","","19500",""," "
"1402","遠東新","125","59","6","7122","7182","1338218","","","1","35","34","1338218",""," "
"1409","新纖","528","1027","2","24441","23940","404602","66","34","","141","109","404602","1"," "
"1410","南染","1","15","","307","293","15500","","","","","","15500",""," "
"1413","宏洲","","","","","","","","","","","","","","OX "
"1414","東和","","138","","1141","1003","49500","","1","","","1","49500",""," "
"1416","廣豐","39","40","","3346","3345","46335","","","","1","1","46335",""," "
"1417","嘉裕","3","5","","1935","1933","47485","","","","","","47485",""," "
"1418","東華","","","","783","783","11708","","","","","","11708",""," "
"1419","新紡","25","24","","1255","1256","75010","","","","","","75010",""," "
"1423","利華","","","","87","87","24912","","","","","","24912",""," "
"1432","大魯閣","","","","156","156","22500","","","","38","38","22500",""," "
"1434","福懋","186","429","","8190","7947","421166","1","4","","3","6","421166","2"," "
"1435","中福","","","","","","","","","","","","","","OX "
"1436","華友聯","20","2","","986","1004","48537","","3","","33","36","48537",""," "
"1437","勤益控","78","21","","2432","2489","50467","","","","","","50467",""," "
"1438","三地開發","","","","135","135","22801","","","","","","22801",""," "
"1439","雋揚","","2","","1045","1043","23000","","","","","","23000",""," "
"1440","南紡","17","14","","5525","5528","414203","","","","2","2","414203","1"," "
"1441","大東","","","","","","","","","","","","","","OX "
"1442","名軒","10","106","","2819","2723","91552","","","","8","8","91552","1"," "
"1443","立益物流","","","","31","31","33835","","","","","","33835",""," "
"1444","力麗","","","","569","569","","","","","","","","","OX "
"1445","大宇","","1","","1358","1357","32666","","","","30","30","32666",""," "
"1446","宏和","9","32","","1653","1630","34427","","1","","","1","34427",""," "
"1447","力鵬","","","","795","795","","","","","","","","","OX "
"1449","佳和","32","","","3159","3191","31778","","","","","","31778",""," "
"1451","年興","","73","","758","685","49500","","","","","","49500",""," "
"1452","宏益","","","","109","109","33160","","","","","","33160",""," "
"1453","大將","","1","","1044","1043","28310","","","","4","4","28310",""," "
"1454","台富","","","","2168","2168","32458","","","","","","32458",""," "
"1455","集盛","33","9","","3174","3198","132922","","","","1","1","132922",""," "
"1456","怡華","","70","","784","714","23430","","","","","","23430",""," "
"1457","宜進","","1","","709","708","79182","","","","1","1","79182",""," "
"1459","聯發","","","","437","437","89657","","","","","","89657","","!"
"1460","宏遠","","","","","","","","","","","","","","OX "
"1463","強盛新","16","11","","466","471","43317","","","","","","43317",""," "
"1464","得力","","14","","2084","2070","106393","","","","","","106393",""," "
"1465","偉全","56","51","","3290","3295","25901","","","","","","25901","","X "
"1466","聚隆","147","63","","2858","2942","27789","13","","","26","13","27789",""," "
"1467","南緯","80","186","","6643","6537","42052","","2","","14","16","42052","2"," "
"1468","昶和","","","","","","","","","","","","","","OX "
"1470","大統新創","","","","6","6","21441","","","","","","21441",""," "
"1471","首利","","","","","","","","","","","","","","OX "
"1472","三洋實業","","","","3893","3893","8747","","","","2","2","8747",""," "
"1473","台南","","1","","832","831","36538","","","","","","36538",""," "
"1474","弘裕","1","1","","3379","3379","32474","","","","","","32474",""," "
"1475","業旺","","1","","460","459","16504","","","","","","16504",""," "
"1476","儒鴻","13","13","","821","821","68591","","","","15","15","68591",""," "
"1477","聚陽","8","34","","1582","1556","61673","3","","","3","","61673",""," "
"1503","士電","24","60","1","3026","2989","130243","10","8","","24","22","130243",""," "
"1504","東元","429","441","8","30583","30563","594110","43","9","","100","66","594110","6"," "
"1506","正道","","","","","","","","","","","","","","OX "
"1512","瑞利","","","","","","","","","","","","","","OX "
"1513","中興電","118","60","1","7930","7987","125778","3","","","19","16","125778","1"," "
"1514","亞力","72","68","","6709","6713","68277","","","","","","68277","","X "
"1515","力山","50","262","","3143","2931","45368","61","6","","233","178","45368","1"," "
"1516","川飛","","","","2","2","","","","","","","","","OX "
"1517","利奇","231","93","","2026","2164","55000","","1","","3","4","55000","2"," "
"1519","華城","24","57","","3270","3237","78970","3","2","","9","8","78970","1"," "
"1521","大億","1","","","447","448","19057","","","","","","19057",""," "
"1522","堤維西","6","6","3","4392","4389","78224","","","","","","78224",""," "
"1524","耿鼎","23","43","1","4088","4067","41327","","","","15","15","41327",""," "
"1525","江申","","1","","232","231","18350","","","","","","18350",""," "
"1526","日馳","194","189","","820","825","15000","","19","","15","34","15000",""," "
"1527","鑽全","","","","561","561","34642","","","","","","34642","","X "
"1528","恩德","70","91","2","6817","6794","47832","1","","","69","68","47832",""," "
"1529","樂事綠能","10","13","","3021","3018","38773","","20","","591","611","38773",""," "
"1530","亞崴","5","8","","288","285","23648","","","","","","23648",""," "
"1531","高林股","","10","","1673","1663","45527","","","","1","1","45527",""," "
"1532","勤美","48","","","2799","2847","105651","","","","","","105651","","X "
"1533","車王電","17","2","","474","489","24636","","","","9","9","24636",""," "
"1535","中宇","","","","63","63","30935","","","","","","30935",""," "
"1536","和大","77","123","2","8448","8400","69739","8","3","","180","175","69739","1"," "
"1537","廣隆","1","1","","58","58","20515","","1","","","1","20515",""," "
"1538","正峰","","","","","","","","","","","","","","OX "
"1539","巨庭","1","7","1","1376","1369","16342","","","","","","16342",""," "
"1540","喬福","4","1","1","1647","1649","21368","","","","","","21368","","X "
"1541","錩泰","","11","","112","101","19700","","","","","","19700",""," "
"1558","伸興","","","","253","253","16133","","","","","","16133",""," "
"1560","中砂","17","47","","1575","1545","37572","4","7","3","29","29","37572","1"," "
"1563","巧新","112","63","","7904","7953","56402","","3","","","3","56402",""," "
"1568","倉佑","5","3","","2449","2451","25771","","","","","","25771",""," "
"1582","信錦","11","69","1","4188","4129","36067","","1","","6","7","36067",""," "
"1583","程泰","","","","64","64","27350","","","","","","27350",""," "
"1587","吉茂","3","17","","1900","1886","20013","20","","","23","3","20013",""," "
"1589","永冠-KY","","","","793","793","","","","","","","","","OX!"
"1590","亞德客-KY","15","11","","140","144","49999","","","","","","49999",""," "
"1597","直得","14","21","","2667","2660","22315","13","1","","38","26","22315",""," "
"1598","岱宇","","4","2","2088","2082","44785","","","","","","44785",""," "
"1603","華電","4","1","","2050","2053","47922","","","","10","10","47922",""," "
"1604","聲寶","2","1","","213","214","96050","","","","","","96050",""," "
"1605","華新","884","480","21","52205","52588","1107833","121","43","","567","489","1107833","20"," "
"1608","華榮","247","101","","8474","8620","158193","1","6","","1","6","158193",""," "
"1609","大亞","69","160","5","13312","13216","196315","3","2","","22","21","196315",""," "
"1611","中電","5","49","20","3292","3228","80683","","","","3","3","80683",""," "
"1612","宏泰","20","20","","1886","1886","79020","","","","57","57","79020",""," "
"1614","三洋電","2","","","343","345","67278","","","","","","67278",""," "
"1615","大山","","1","","158","157","49165","","","","","","49165",""," "
"1616","億泰","3","56","","3228","3175","48537","1","","","1","","48537",""," "
"1617","榮星","58","85","2","1936","1907","42378","","","","","","42378",""," "
"1618","合機","","3","1","3538","3534","48172","1","","","35","34","48172",""," "
"1626","艾美特-KY","","","","1654","1654","37455","","","","","","37455",""," "
"1702","南僑","","1","","298","297","73533","","","","","","73533",""," "
"1707","葡萄王","2","3","","348","347","37034","","","","20","20","37034",""," "
"1708","東鹼","75","322","","7737","7490","62250","2","32","","89","119","62250","5"," "
"1709","和益","129","135","","17432","17426","119254","7","20","","22","35","119254","2"," "
"1710","東聯","840","2405","","13004","11439","221425","51","14","","625","588","221425","2"," "
"1711","永光","105","833","6","18463","17729","136938","27","7","","112","92","136938","5"," "
"1712","興農","","28","","476","448","105123","","","","","","105123",""," "
"1713","國化","6","","","2941","2947","37737","","","","1","1","37737",""," "
"1714","和桐","509","3169","2","16659","13997","247956","21","9","1","82","69","247956","4"," "
"1717","長興","676","393","19","20478","20742","296061","129","21","91","330","131","296061","18"," "
"1718","中纖","529","3122","13","19756","17150","421476","81","39","","286","244","421476","32"," "
"1720","生達","53","18","","313","348","44674","","","","","","44674",""," "
"1721","三晃","","","","126","126","","","","","","","","","OX "
"1722","台肥","87","54","","2706","2739","245000","","1","","2","3","245000",""," "
"1723","中碳","43","17","","659","685","59226","1","1","","1","1","59226",""," "
"1725","元禎","1","","","286","287","45457","","","","","","45457",""," "
"1726","永記","","","","25","25","40500","","","","","","40500",""," "
"1727","中華化","68","108","5","7634","7589","32004","21","29","","77","85","32004",""," "
"1730","花仙子","","","","4","4","15808","","","","","","15808",""," "
"1731","美吾華","","1","","317","316","33228","","","","","","33228",""," "
"1732","毛寶","100","16","","737","821","10610","","29","","5","34","10610",""," "
"1733","五鼎","5","2","","2611","2614","24987","","","","1","1","24987",""," "
"1734","杏輝","1","8","","344","337","47549","","","","","","47549",""," "
"1735","日勝化","","6","","758","752","24847","","","","","","24847",""," "
"1736","喬山","18","20","","1849","1847","75848","2","","","4","2","75848",""," "
"1737","臺鹽","","","","22","22","50000","","","","","","50000",""," "
"1752","南光","1","","","330","331","25247","","","","","","25247",""," "
"1760","寶齡富錦","3","1","","1039","1041","21434","","","","","","21434",""," "
"1762","中化生","6","","","734","740","19229","","","","2","2","19229","1"," "
"1773","勝一","16","30","","1141","1127","75000","","","","1","1","75000",""," "
"1776","展宇","1","","","875","876","15026","","","","1","1","15026",""," "
"1783","和康生","29","3","","574","600","20249","","","","","","20249",""," "
"1786","科妍","6","4","","5039","5041","18706","","","","11","11","18706",""," "
"1789","神隆","15","","","3263","3278","197684","","","","","","197684",""," "
"1795","美時","86","32","18","9005","9041","66718","27","","","41","14","66718",""," "
"1802","台玻","480","1009","28","45833","45276","727015","420","216","","1231","1027","727015","5"," "
"1805","寶徠","15","2","","1427","1440","33742","","","","","","33742",""," "
"1806","冠軍","1","1","","2957","2957","97600","","","","","","97600",""," "
"1808","潤隆","9","1","","5724","5732","223257","","","","","","223257",""," "
"1809","中釉","32","100","3","6097","6026","41760","2","4","","4","6","41760",""," "
"1810","和成","799","976","","21091","20914","75575","196","217","1213","1692","500","75575","14"," "
"1817","凱撒衛","","","","17","17","18150","","","","","","18150",""," "
"1903","士紙","","2","","2511","2509","65009","","","","5","5","65009",""," "
"1904","正隆","23","118","","4686","4591","277068","","","","20","20","277068","2"," "
"1905","華紙","73","162","","12790","12701","275708","35","3","","339","307","275708",""," "
"1906","寶隆","","7","","7261","7254","37750","","","","","","37750",""," "
"1907","永豐餘","6","23","","24212","24195","415092","","","","1","1","415092",""," "
"1909","榮成","13","20","5","10121","10109","331921","2","31","","3","32","331921","6"," "
"2002","中鋼","524","1031","","43076","42569","3933715","3","11","","41","49","3933715","88"," "
"2006","東和鋼鐵","118","151","","1037","1004","182553","","","","1","1","182553",""," "
"2007","燁興","","","","5","5","","","","","","","","","OX "
"2008","高興昌","","","","122","122","47713","","","","","","47713",""," "
"2009","第一銅","23","11","","6627","6639","89905","","","","","","89905","","X "
"2010","春源","10","48","","2068","2030","161913","","","","5","5","161913",""," "
"2012","春雨","5","6","","195","194","75540","","","","","","75540",""," "
"2013","中鋼構","","","","1408","1408","50000","","","","","","50000",""," "
"2014","中鴻","","2","","1713","1711","","","","","","","","","OX "
"2015","豐興","","","","35","35","145399","","","","","","145399",""," "
"2017","官田鋼","12","49","","8133","8096","111718","","","","","","111718","4"," "
"2020","美亞","20","1","","786","805","66757","","","","","","66757",""," "
"2022","聚亨","125","25","","1165","1265","84292","","","","1","1","84292",""," "
"2023","燁輝","103","1","","2497","2599","460310","","","","51","51","460310",""," "
"2024","志聯","4","","","65","69","24375","","","","","","24375",""," "
"2025","千興","","","","","","","","","","","","","","OX "
"2027","大成鋼","780","720","314","24553","24299","646065","","17","","214","231","646065","9"," "
"2028","威致","","9","","1180","1171","81428","","","","","","81428",""," "
"2029","盛餘","","","","395","395","80295","","","","","","80295",""," "
"2030","彰源","36","4","","4295","4327","70131","","","","","","70131",""," "
"2031","新光鋼","52","26","","1121","1147","80286","","1","","6","7","80286",""," "
"2032","新鋼","4","23","","2781","2762","32630","","","","","","32630",""," "
"2033","佳大","4","1","","2732","2735","20173","","","","5","5","20173",""," "
"2034","允強","22","10","","3612","3624","132248","","","","2","2","132248",""," "
"2038","海光","1","1","","3631","3631","48533","","","","","","48533",""," "
"2049","上銀","81","67","","3444","3458","88448","4","15","","35","46","88448",""," "
"2059","川湖","23","31","","464","456","23824","","3","","","3","23824",""," "
"2062","橋椿","","2","","1380","1378","49998","","","","2","2","49998",""," "
"2069","運錩","2","1","","420","421","41596","","","","","","41596",""," "
"2101","南港","2","130","","22162","22034","183483","","","","16","16","183483",""," "
"2102","泰豐","2","4","","3762","3760","118332","","","","2","2","118332",""," "
"2103","台橡","229","971","13","14406","13651","206427","5","5","","114","114","206427",""," "
"2104","國際中橡","208","56","","19546","19698","246183","","","","50","50","246183",""," "
"2105","正新","106","71","6","9129","9158","810353","1","1","","21","21","810353",""," "
"2106","建大","15","83","","2908","2840","238722","","","","","","238722",""," "
"2107","厚生","","","","97","97","75898","","","","","","75898",""," "
"2108","南帝","29","36","","2843","2836","123104","","","","38","38","123104",""," "
"2109","華豐","","2","","689","687","69837","","","","","","69837",""," "
"2114","鑫永銓","","","","10","10","19497","","","","","","19497",""," "
"2115","六暉-KY","1","4","46","559","510","26093","","","","3","3","26093",""," "
"2201","裕隆","96","249","","10038","9885","267500","4","","","6","2","267500",""," "
"2204","中華","7","17","","1265","1255","138405","1","1","","4","4","138405",""," "
"2206","三陽工業","33","80","","4417","4370","193418","9","1","","17","9","193418",""," "
"2207","和泰車","2","7","","61","56","139275","","","","","","139275",""," "
"2208","台船","","","","","","","","","","","","","","OX "
"2211","長榮鋼","6","8","","465","463","104272","","","","","","104272",""," "
"2228","劍麟","3","3","","1674","1674","19944","","","","","","19944",""," "
"2231","為升","15","28","","2754","2741","33982","8","2","","167","161","33982",""," "
"2233","宇隆","46","143","3","5284","5184","15072","","","","","","15072","","X "
"2236","百達-KY","65","49","","11423","11439","15782","3","","","6","3","15782",""," "
"2239","英利-KY","5","10","2","1574","1567","29428","","","","","","29428",""," "
"2241","艾姆勒","110","498","40","7561","7133","26150","","","","3","3","26150",""," "
"2243","宏旭-KY","6","6","","1517","1517","17343","7","3","","26","22","17343",""," "
"2247","汎德永業","","","","139","139","20177","","","","1","1","20177",""," "
"2248","華勝-KY","9","12","","573","570","11900","","","","","","11900",""," "
"2250","IKKA-KY","10","7","3","1270","1270","9097","","","","2","2","9097",""," "
"2254","巨鎧精密-創","","","","2520","2520","15976","","","","","","15976",""," "
"2301","光寶科","567","684","1","17602","17484","579026","40","23","","268","251","579026","6"," "
"2302","麗正","132","435","","4454","4151","41575","29","43","","108","122","41575","2"," "
"2303","聯電","12017","33347","623","209022","187069","3144246","561","611","","1440","1490","3144246","228"," "
"2305","全友","160","165","","7005","7000","51415","30","51","","141","162","51415","5"," "
"2308","台達電","195","177","5","7627","7640","649385","21","1","","45","25","649385","5"," "
"2312","金寶","380","319","8","47897","47950","376488","98","34","","1200","1136","376488","13"," "
"2313","華通","777","1227","23","41281","40808","308455","2754","131","2114","5580","843","308455","22"," "
"2314","台揚","","","","","","","","","","","","","","OX "
"2316","楠梓電","59","79","","3747","3727","45685","6","23","","24","41","45685","2"," "
"2317","鴻海","1376","2045","5","53711","53037","3518355","93","29","","345","281","3518355","8"," "
"2321","東訊","","","","","","","","","","","","","","OX "
"2323","中環","134","56","","29301","29379","272337","2","","","46","44","272337",""," "
"2324","仁寶","1840","1470","56","57656","57970","1101786","73","366","","924","1217","1101786","97"," "
"2327","國巨*","2929","3218","31","40006","39686","517866","134","111","6","348","319","517866","85"," "
"2328","廣宇","167","182","","18419","18404","129586","5","2","","42","39","129586",""," "
"2329","華泰","142","112","11","16193","16212","164737","20","13","","325","318","164737","2"," "
"2330","台積電","504","490","23","31915","31906","6483092","4","2","1","67","64","6483092","5"," "
"2331","精英","130","51","1","10315","10393","139350","4","2","","18","16","139350",""," "
"2332","友訊","8696","4265","10","26652","31073","150542","673","1212","","1167","1706","150542","115"," "
"2337","旺宏","3081","2238","13","91348","92178","495450","599","595","219","3313","3090","495450","49"," "
"2338","光罩","55","57","1","6326","6323","75869","70","5","","86","21","75869","2"," "
"2340","台亞","137","175","1","9102","9063","94655","17","6","","61","50","94655","1"," "
"2342","茂矽","104","174","1","4626","4555","39381","3","1","","40","38","39381","3"," "
"2344","華邦電","7148","4359","37","140747","143499","1125000","373","587","1","2566","2779","1125000","188"," "
"2345","智邦","49","40","1","1458","1466","140279","","","","","","140279","","X "
"2347","聯強","17","8","","567","576","416986","","","","9","9","416986",""," "
"2348","海悅","51","52","","2603","2602","37974","","","","","","37974",""," "
"2349","錸德","","","","","","","","","","","","","","OX "
"2351","順德","49","148","4","13930","13827","45535","8","3","","42","37","45535",""," "
"2352","佳世達","240","469","2","16483","16252","395126","33","3","","35","5","395126","4"," "
"2353","宏碁","397","330","9","40479","40537","761963","12","18","","2299","2305","761963","21"," "
"2354","鴻準","208","74","36","25411","25509","353621","9","2","","25","18","353621",""," "
"2355","敬鵬","187","344","16","10643","10470","99373","5","3","","33","31","99373","1"," "
"2356","英業達","932","978","1","30178","30131","896868","124","43","","360","279","896868","20"," "
"2357","華碩","156","125","","2091","2122","185690","5","4","","21","20","185690","1"," "
"2359","所羅門","226","398","1","7085","6912","42867","36","22","","125","111","42867","9"," "
"2360","致茂","231","29","","1357","1559","106311","","7","","4","11","106311",""," "
"2362","藍天","33","48","2","2345","2328","155565","1","","","6","5","155565",""," "
"2363","矽統","251","261","59","18466","18397","128747","3","7","","159","163","128747",""," "
"2364","倫飛","19","9","","722","732","13097","","","","","","13097",""," "
"2365","昆盈","37","171","1","9070","8935","55382","9","5","","56","52","55382",""," "
"2367","燿華","280","403","53","31133","30957","176563","75","45","1","690","659","176563","","X "
"2368","金像電","75","111","4","4975","4935","130733","18","27","4","259","264","130733","1"," "
"2369","菱生","236","345","5","14597","14483","95025","35","20","","154","139","95025","11"," "
"2371","大同","62","268","18","50695","50471","537708","4","4","","333","333","537708",""," "
"2373","震旦行","","","","45","45","59050","","","","","","59050",""," "
"2374","佳能","338","201","1","18241","18377","84498","3","12","","55","64","84498","3"," "
"2375","凱美","156","319","9","6341","6169","27168","29","23","","106","100","27168","9"," "
"2376","技嘉","279","490","26","7148","6911","167472","176","19","1","471","313","167472","7","X "
"2377","微星","615","1307","4","14541","13845","211214","91","36","","393","338","211214","6"," "
"2379","瑞昱","88","111","","2744","2721","128878","4","15","","37","48","128878","5"," "
"2380","虹光","","","","","","","","","","","","","","OX "
"2382","廣達","422","282","35","14203","14308","965656","15","25","","111","121","965656","6"," "
"2383","台光電","51","36","","1648","1663","89580","7","","","33","26","89580",""," "
"2385","群光","25","12","1","3281","3293","191430","3","5","","21","23","191430",""," "
"2387","精元","9","5","","1329","1333","48812","","","","","","48812",""," "
"2388","威盛","233","137","","11287","11383","138988","59","11","","243","195","138988","2"," "
"2390","云辰","36","17","15","1931","1935","48154","","","","2","2","48154",""," "
"2392","正崴","48","3","","4653","4698","128081","4","","","11","7","128081",""," "
"2393","億光","59","200","","2803","2662","110848","1","","","10","9","110848",""," "
"2395","研華","156","306","","2135","1985","217261","4","7","","12","15","217261","6"," "
"2397","友通","17","21","","1669","1665","28672","","","","","","28672",""," "
"2399","映泰","132","113","2","12101","12118","44525","63","22","","137","96","44525","4"," "
"2401","凌陽","179","90","","8528","8617","147998","24","6","","148","130","147998","1"," "
"2402","毅嘉","130","168","8","13864","13818","76884","","","","","","76884","","X "
"2404","漢唐","77","57","11","2240","2249","47646","","3","","2","5","47646","1"," "
"2405","輔信","56","17","","8087","8126","85856","","","","","","85856",""," "
"2406","國碩","457","193","","13795","14059","87726","14","24","","461","471","87726","5"," "
"2408","南亞科","5087","4632","424","92320","92351","774656","357","752","1","1376","1770","774656","183"," "
"2409","友達","10102","13098","168","213801","210637","1886774","","","7","7","","1886774","","X "
"2412","中華電","189","318","","2532","2403","1939361","","5","","88","93","1939361","9"," "
"2413","環科","8","5","","4516","4519","31839","2","2","","19","19","31839",""," "
"2414","精技","6","8","5","529","522","40433","19","","","19","","40433",""," "
"2415","錩新","1","5","","2444","2440","22500","4","","","4","","22500",""," "
"2417","圓剛","53","28","","3763","3788","39304","1","","","8","7","39304",""," "
"2419","仲琦","36","14","1","6620","6641","80329","","1","","3","4","80329",""," "
"2420","新巨","2","1","10","1139","1130","38162","","","","2","2","38162",""," "
"2421","建準","12","58","","5343","5297","71735","2","9","","29","36","71735",""," "
"2423","固緯","18","23","","663","658","36261","","","","2","2","36261",""," "
"2424","隴華","","","","","","","","","","","","","","OX "
"2425","承啟","401","306","","4745","4840","24124","22","19","","46","43","24124","5"," "
"2426","鼎元","359","657","2","14937","14637","75155","105","64","","347","306","75155","17"," "
"2427","三商電","15","26","","5424","5413","49499","2","1","","16","15","49499",""," "
"2428","興勤","54","21","64","2458","2427","32028","5","3","","20","18","32028",""," "
"2429","銘旺科","","223","","1864","1641","","","","","","","","","OX "
"2430","燦坤","","1","","98","97","29200","","","","7","7","29200",""," "
"2431","聯昌","","15","","1646","1631","","","","","","","","","OX "
"2432","倚天酷碁-創","","","","324","324","15465","","","","","","15465",""," "
"2433","互盛電","","","","26","26","36124","","","","","","36124",""," "
"2434","統懋","29","16","","393","406","2377","","","","72","72","2377","3"," "
"2436","偉詮電","79","70","2","6395","6402","51044","45","6","4","846","803","51044",""," "
"2438","翔耀","","","","","","","","","","","","","","OX "
"2439","美律","2","19","","3616","3599","63411","","","","132","132","63411",""," "
"2440","太空梭","1","1","","1559","1559","25916","","","","","","25916",""," "
"2441","超豐","119","242","1","8384","8260","142211","14","8","","222","216","142211","10"," "
"2442","新美齊","25","3","","4068","4090","79113","","","","","","79113",""," "
"2444","兆勁","","","","","","","","","","","","","","OX "
"2449","京元電子","633","666","14","19974","19927","305686","","","","","","305686",""," "
"2450","神腦","","","","75","75","64563","","","","","","64563",""," "
"2451","創見","904","768","13","6402","6525","107836","10","308","","260","558","107836","35"," "
"2453","凌群","2","12","","2462","2452","25000","","","","2","2","25000",""," "
"2454","聯發科","463","262","2","9704","9903","400973","4","3","","35","34","400973","1"," "
"2455","全新","555","449","1","9090","9195","46745","98","81","","396","379","46745","13"," "
"2457","飛宏","84","141","","15265","15208","106193","5","20","","28","43","106193","3"," "
"2458","義隆","52","91","","3482","3443","75970","8","","","90","82","75970",""," "
"2459","敦吉","","1","","98","97","26398","","","","","","26398",""," "
"2460","建通","","","","293","293","","","","","","","","","OX "
"2461","光群雷","2","5","","8506","8503","47971","","","","","","47971",""," "
"2462","良得電","2","109","","2543","2436","30486","","","","","","30486",""," "
"2464","盟立","214","394","11","13583","13392","54170","62","60","","735","733","54170","2"," "
"2465","麗臺","74","72","","3460","3462","17236","5","2","","80","77","17236",""," "
"2466","冠西電","148","145","","5882","5885","40952","39","46","","279","286","40952","4"," "
"2467","志聖","51","33","","1956","1974","39188","24","20","1","52","47","39188","3"," "
"2468","華經","11","22","","3405","3394","17490","4","","","5","1","17490",""," "
"2471","資通","","3","","1309","1306","11813","4","","","4","","11813",""," "
"2472","立隆電","80","193","9","6056","5934","41183","9","10","","22","23","41183","2"," "
"2474","可成","39","233","3","9635","9438","134705","","1","","7","8","134705",""," "
"2476","鉅祥","263","44","2","40286","40503","54767","2","3","","41","42","54767","","@ "
"2477","美隆電","21","3","","1139","1157","39643","","","","45","45","39643",""," "
"2478","大毅","150","646","1","8097","7600","36182","26","31","","44","49","36182","7"," "
"2480","敦陽科","","","","346","346","26590","","","","","","26590",""," "
"2481","強茂","548","733","20","13080","12875","95528","43","26","","559","542","95528","7"," "
"2482","連宇","27","13","","1788","1802","19470","","","","","","19470","","X "
"2483","百容","27","25","","1785","1787","26972","3","4","","20","21","26972","3"," "
"2484","希華","998","1282","6","17110","16820","39855","268","310","","774","816","39855","241"," "
"2485","兆赫","143","312","9","13583","13405","79422","24","15","5","203","189","79422","7"," "
"2486","一詮","350","605","17","23678","23406","60120","63","90","","254","281","60120","3"," "
"2488","漢平","12","","","465","477","19999","","","","","","19999",""," "
"2489","瑞軒","258","767","5","33700","33186","152500","26","41","","233","248","152500","5"," "
"2491","吉祥全","4","7","","2295","2292","20502","1","","","10","9","20502",""," "
"2492","華新科","124","510","16","9073","8671","121301","8","78","","30","100","121301","459"," "
"2493","揚博","396","1087","19","9091","8381","31699","3","1","","7","5","31699","3"," "
"2495","普安","101","99","10","8824","8816","68387","1","3","","3","5","68387","18"," "
"2496","卓越","","","","45","45","4775","","","","","","4775",""," "
"2497","怡利電","29","4","","3597","3622","29521","","","","","","29521",""," "
"2498","宏達電","206","134","22","29660","29710","209024","170","51","","781","662","209024","8"," "
"2501","國建","43","10","10","4520","4543","289890","","","","2","2","289890",""," "
"2504","國產","13","26","","4435","4422","295000","","","","","","295000",""," "
"2505","國揚","45","4","","3349","3390","95000","","","","","","95000",""," "
"2506","太設","","1","","1850","1849","75125","","","","","","75125",""," "
"2509","全坤建","","","","548","548","56137","","","","1","1","56137",""," "
"2511","太子","102","109","","3201","3194","405831","","","1","1","","405831","","X "
"2514","龍邦","18","3","","18098","18113","98682","","","","1","1","98682",""," "
"2515","中工","563","281","","26673","26955","401976","1","2","","38","39","401976",""," "
"2516","新建","","","","","","","","","","","","","","OX "
"2520","冠德","22","76","25","2354","2275","152371","","","","10","10","152371",""," "
"2524","京城","4","3","","3192","3193","91495","","","","1","1","91495",""," "
"2527","宏璟","210","123","","5161","5248","67576","","1","","21","22","67576",""," "
"2528","皇普","106","357","","6480","6229","108999","","","","","","108999",""," "
"2530","華建","69","4","","6738","6803","210313","","3","","3","6","210313",""," "
"2534","宏盛","","6","","11983","11977","118556","","","","52","52","118556",""," "
"2535","達欣工","6","3","","301","304","67698","2","","","8","6","67698",""," "
"2536","宏普","","233","","5445","5212","83202","","","","","","83202",""," "
"2537","聯上發","17","25","","3697","3689","75139","","","","1","1","75139",""," "
"2538","基泰","","133","","2421","2288","111256","","","","","","111256","","X "
"2539","櫻花建","36","51","","2128","2113","298275","","","","","","298275",""," "
"2540","愛山林","175","6","","2686","2855","236218","","10","","7","17","236218",""," "
"2542","興富發","142","171","","5626","5597","538270","42","","","254","212","538270",""," "
"2543","皇昌","63","41","56","10729","10695","132135","","","","19","19","132135",""," "
"2545","皇翔","","5","","2763","2758","94933","","","","","","94933",""," "
"2546","根基","2","","","66","68","32631","","","","","","32631",""," "
"2547","日勝生","214","199","","9474","9489","258773","","","","","","258773",""," "
"2548","華固","","5","25","2044","2014","79929","","","","4","4","79929",""," "
"2597","潤弘","1","1","","170","170","77679","","","","","","77679",""," "
"2601","益航","","","","409","409","","","","","","","","","OX "
"2603","長榮","223","168","2","15212","15265","541260","21","","","250","229","541260","1"," "
"2605","新興","413","311","","13980","14082","146338","5","","","14","9","146338","12"," "
"2606","裕民","47","73","","2912","2886","211263","3","","2","9","4","211263",""," "
"2607","榮運","","","","834","834","133392","","","","1","1","133392",""," "
"2608","嘉里大榮","","4","","1411","1407","116750","","","","1","1","116750",""," "
"2609","陽明","287","403","1","33106","32989","873026","10","6","","330","326","873026","2"," "
"2610","華航","682","1867","","50746","49561","1536247","11","179","","89","257","1536247","21"," "
"2611","志信","7","8","","2026","2025","47250","","","","1","1","47250",""," "
"2612","中航","12","36","","1819","1795","49371","","","","","","49371",""," "
"2613","中櫃","","1","","2054","2053","37105","2","","","14","12","37105",""," "
"2614","東森","1","12","","5586","5575","81816","","","","1","1","81816",""," "
"2615","萬海","593","1433","4","16843","15999","701536","244","157","","301","214","701536","3"," "
"2616","山隆","","","","497","497","34320","","","","","","34320","","X "
"2617","台航","12","5","8","2169","2168","104323","","","","5","5","104323",""," "
"2618","長榮航","843","603","","27333","27573","1350111","61","47","","453","439","1350111","14"," "
"2630","亞航","287","515","","6398","6170","52359","82","24","1","163","104","52359","8"," "
"2633","台灣高鐵","3","","","1776","1779","657073","","","","51","51","657073",""," "
"2634","漢翔","2184","3183","","28407","27408","235466","382","146","","669","433","235466","165"," "
"2636","台驊控股","6","4","","626","628","35458","","","","1","1","35458",""," "
"2637","慧洋-KY","113","82","","2717","2748","186602","5","8","","61","64","186602","2"," "
"2642","宅配通","","","","599","599","23866","","","","3","3","23866",""," "
"2645","長榮航太","85","348","13","3353","3077","93642","12","3","","22","13","93642","1"," "
"2646","星宇航空","123","144","","3913","3892","752183","50","1","","76","27","752183",""," "
"2701","萬企","6","7","","380","379","112491","","","","","","112491",""," "
"2702","華園","","","","423","423","39153","","","","","","39153",""," "
"2704","國賓","","1","","109","108","91730","","","","","","91730",""," "
"2705","六福","","","","561","561","46634","","","","","","46634",""," "
"2706","第一店","4","30","","783","757","124999","","","","","","124999",""," "
"2707","晶華","1","","","132","133","31850","","","","","","31850",""," "
"2712","遠雄來","","","","7","7","","","","","","","","","OX "
"2722","夏都","20","22","","359","357","35792","","","","","","35792",""," "
"2723","美食-KY","","1","","1677","1676","45000","","","","1","1","45000",""," "
"2727","王品","2","7","","375","370","20735","","","","1","1","20735",""," "
"2731","雄獅","6","14","","923","915","23319","","","","8","8","23319",""," "
"2739","寒舍","1","1","","845","845","22881","","","","","","22881",""," "
"2748","雲品","3","20","","668","651","26444","","","","","","26444","","X "
"2753","八方雲集","2","4","","525","523","16661","","","","2","2","16661",""," "
"2762","世界健身-KY","1","9","","172","164","28125","","","","","","28125",""," "
"2801","彰銀","2397","113","","6649","8933","2941511","150","","","208","58","2941511","1"," "
"2812","台中銀","312","37","13","4594","4856","1505406","17","","","24","7","1505406",""," "
"2816","旺旺保","2","","","554","556","55902","","","","1","1","55902",""," "
"2820","華票","4","24","","680","660","335740","","","","1","1","335740",""," "
"2832","台產","","2","","556","554","63385","","","","","","63385",""," "
"2834","臺企銀","3757","1309","","10565","13013","2429515","","2","","61","63","2429515",""," "
"2836","高雄銀","14","106","","5741","5649","459979","","","","","","459979","","X "
"2838","聯邦銀","60","","","699","759","1085137","","","","7","7","1085137",""," "
"2845","遠東銀","17","291","","4127","3853","1216321","","2","","34","36","1216321",""," "
"2849","安泰銀","7","","","185","192","223623","","","","","","223623",""," "
"2850","新產","15","1","","249","263","78990","","","","","","78990",""," "
"2851","中再保","11","14","","816","813","200097","","1","","2","3","200097",""," "
"2852","第一保","8","1","","1319","1326","75290","","","","","","75290",""," "
"2855","統一證","38","92","","6966","6912","400353","","22","","108","130","400353",""," "
"2867","三商壽","148","118","","3563","3593","1474875","","","","12","12","1474875","1"," "
"2880","華南金","41","532","","1081","590","3479241","1","21","","27","47","3479241",""," "
"2881","富邦金","67","276","2","6709","6498","3501841","1","20","","164","183","3501841",""," "
"2882","國泰金","165","306","","5266","5125","3667302","","29","","192","221","3667302","1"," "
"2883","凱基金","93","104","10","13020","12999","4243711","20","3","","122","105","4243711",""," "
"2884","玉山金","157","184","10","5280","5243","4048000","3","14","","136","147","4048000",""," "
"2885","元大金","44","316","1","3317","3044","3332787","","1","","10","11","3332787",""," "
"2886","兆豐金","121","216","","723","628","3708344","","8","","47","55","3708344",""," "
"2887","台新新光金","241","158","","40988","41071","6216599","3","16","18","56","51","6216599",""," "
"2889","國票金","23","5","","2632","2650","908390","","","","27","27","908390",""," "
"2890","永豐金","155","399","","3198","2954","3623080","7","33","","26","52","3623080",""," "
"2891","中信金","150","36","","4125","4239","4919224","2","","1","11","8","4919224",""," "
"2892","第一金","187","32","","1346","1501","3594867","1","10","","10","19","3594867","4"," "
"2897","王道銀行","7","430","","1776","1353","701339","","1","","3","4","701339",""," "
"2901","欣欣","","","","473","473","18260","","","","","","18260",""," "
"2903","遠百","","4","","1301","1297","354235","","","","","","354235",""," "
"2904","匯僑","","","","36","36","19458","","","","","","19458",""," "
"2905","三商","29","1","","7658","7686","277592","","","","1","1","277592",""," "
"2906","高林","5","29","","739","715","52279","","","","","","52279",""," "
"2908","特力","22","56","","14130","14096","127471","","","","","","127471",""," "
"2910","統領","26","4","","44","66","43850","","","","","","43850",""," "
"2911","麗嬰房","18","5","","161","174","24931","","","","","","24931",""," "
"2912","統一超","20","6","","492","506","259905","","","","","","259905","","X "
"2913","農林","13","77","1","7119","7054","176687","","","","","","176687",""," "
"2915","潤泰全","3","49","","8693","8647","276079","","1","","9","10","276079",""," "
"2929","淘帝-KY","5","3","","1985","1987","27373","","","","","","27373",""," "
"2939","永邑-KY","7","13","","269","263","11387","","","","","","11387",""," "
"3002","歐格","39","84","","1997","1952","25500","","2","","","2","25500",""," "
"3003","健和興","38","8","","3463","3493","38913","","1","","8","9","38913",""," "
"3004","豐達科","14","67","","1889","1836","16095","","","","7","7","16095",""," "
"3005","神基","80","114","5","8688","8649","156142","1","4","","49","52","156142",""," "
"3006","晶豪科","599","357","2","17927","18167","74531","174","164","","330","320","74531","12"," "
"3008","大立光","200","91","1","1850","1958","32699","","4","","8","12","32699","3"," "
"3010","華立","14","2","","1152","1164","64859","","3","","7","10","64859",""," "
"3011","今皓","36","17","","2679","2698","29293","","","","40","40","29293",""," "
"3013","晟銘電","50","56","6","9963","9951","51284","1","29","","31","59","51284",""," "
"3014","聯陽","20","15","","2283","2288","41494","3","","","58","55","41494",""," "
"3015","全漢","18","17","","2625","2626","46815","","","","","","46815",""," "
"3016","嘉晶","109","236","4","7802","7671","72589","89","59","","264","234","72589","3"," "
"3017","奇鋐","182","131","1","4531","4581","98167","11","4","","44","37","98167","2"," "
"3018","隆銘綠能","","","","","","","","","","","","","","OX "
"3019","亞光","149","58","3","11708","11796","69810","12","7","","40","35","69810","2"," "
"3021","鴻名","10","2","","611","619","23722","","","","","","23722",""," "
"3022","威強電","180","309","","6052","5923","44149","5","21","","17","33","44149","12"," "
"3023","信邦","13","76","","1387","1324","60017","2","4","","14","16","60017","1"," "
"3024","憶聲","310","80","","8235","8465","69289","3","1","","13","11","69289",""," "
"3025","星通","","15","","1713","1698","14184","","","","","","14184",""," "
"3026","禾伸堂","47","291","58","8888","8586","41472","17","9","","130","122","41472","248"," "
"3027","盛達","2","2","2","4724","4722","28740","","","","1","1","28740",""," "
"3028","增你強","86","112","1","3456","3429","59310","3","24","","40","61","59310","3"," "
"3029","零壹","37","21","1","3312","3327","38751","","","","12","12","38751",""," "
"3030","德律","171","72","2","10956","11053","59054","12","2","","35","25","59054","6"," "
"3031","佰鴻","57","55","","7148","7150","43300","2","2","","3","3","43300","3"," "
"3032","偉訓","270","111","","8144","8303","25821","8","14","","17","23","25821","3"," "
"3033","威健","304","213","1","10552","10642","129139","2","29","","343","370","129139","6"," "
"3034","聯詠","53","74","","2491","2470","152127","","2","","21","23","152127",""," "
"3035","智原","302","153","2","11273","11420","65137","14","38","","161","185","65137","4"," "
"3036","文曄","290","1305","6","15336","14315","317646","13","2","153","580","416","317646",""," "
"3037","欣興","712","629","7","39509","39585","410330","147","61","5","372","281","410330","16"," "
"3038","全台","","","","1203","1203","39351","","","","","","39351","1"," "
"3040","遠見","1","11","","11865","11855","16556","2","","","15","13","16556",""," "
"3041","揚智","70","18","","3714","3766","29268","2","","","16","14","29268",""," "
"3042","晶技","498","441","5","13787","13839","79498","46","25","","120","99","79498","6"," "
"3043","科風","1","7","","982","976","9743","","","","","","9743",""," "
"3044","健鼎","51","47","4","6158","6158","131401","3","","","24","21","131401",""," "
"3045","台灣大","145","105","","328","368","930857","30","","","76","46","930857",""," "
"3046","建碁","8","3","","992","997","19612","1","","","7","6","19612",""," "
"3047","訊舟","49","43","","6722","6728","56190","","","","11","11","56190","14"," "
"3048","益登","52","56","26","6277","6247","61207","3","1","","51","49","61207",""," "
"3049","精金","","","","","","","","","","","","","","OX "
"3050","鈺德","9","6","","3261","3264","38746","","","","","","38746",""," "
"3051","力特","23","12","","4200","4211","34159","","","","","","34159","","X "
"3052","夆典","6","1","","1769","1774","58311","","","","","","58311",""," "
"3054","立萬利","14","60","","958","912","20162","","","","","","20162",""," "
"3055","蔚華科","299","395","","6341","6245","25610","208","","2","241","31","25610",""," "
"3056","富華新","15","30","1","3817","3801","120138","1","","","4","3","120138",""," "
"3057","喬鼎","","","","","","","","","","","","","","OX "
"3058","立德","","","","","","","","","","","","","","OX "
"3059","華晶科","122","71","18","11851","11884","76925","2","5","","32","35","76925","1"," "
"3060","銘異","78","132","","9118","9064","34390","","","","14","14","34390",""," "
"3062","建漢","47","324","20","11395","11098","82522","4","","","69","65","82522",""," "
"3090","日電貿","132","103","10","4342","4361","71891","10","3","","33","26","71891","276"," "
"3092","鴻碩","23","11","","3701","3713","26662","","","","23","23","26662",""," "
"3094","聯傑","73","63","1","2872","2881","20779","28","28","","59","59","20779",""," "
"3130","一零四","","","","10","10","8297","","","","","","8297",""," "
"3135","凌航","221","170","","2445","2496","24289","1","8","","97","104","24289",""," "
"3138","耀登","6","27","2","2436","2413","14098","","","","","","14098","1"," "
"3149","正達","435","339","24","21495","21567","53533","44","29","","4237","4222","53533","3"," "
"3150","鈺寶-創","","1","","262","261","11094","","","","","","11094",""," "
"3164","景岳","","","","284","284","21502","","","","","","21502",""," "
"3167","大量","31","263","12","11559","11315","22578","69","","","106","37","22578",""," "
"3168","眾福科","","","","37","37","18774","","","","","","18774",""," "
"3189","景碩","1285","924","9","19709","20061","131728","117","61","","214","158","131728","18"," "
"3209","全科","64","10","","5775","5829","58847","5","1","","48","44","58847",""," "
"3229","晟鈦","","","","","","","","","","","","","","OX "
"3231","緯創","3349","5196","25","50869","48997","795013","1521","412","1","2279","1169","795013","66"," "
"3257","虹冠電","8","42","","2808","2774","19955","","","","4","4","19955",""," "
"3266","昇陽","","","","341","341","88078","","","","","","88078",""," "
"3296","勝德","14","2","","1858","1870","24181","","","","2","2","24181",""," "
"3305","昇貿","73","155","1","7399","7316","36180","3","5","","16","18","36180",""," "
"3308","聯德","","3","","695","692","15000","","","","","","15000",""," "
"3311","閎暉","60","30","2","2731","2759","25000","","","","","","25000",""," "
"3312","弘憶股","28","55","3","5330","5300","45656","2","4","","38","40","45656",""," "
"3321","同泰","","","","","","","","","","","","","","OX "
"3338","泰碩","21","25","","3836","3832","21977","1","5","","4","8","21977",""," "
"3346","麗清","45","17","","3018","3046","30307","","2","","3","5","30307",""," "
"3356","奇偶","22","25","10","1821","1808","20135","","1","","1","2","20135",""," "
"3376","新日興","151","158","29","12717","12681","48945","30","8","","69","47","48945","3"," "
"3380","明泰","47","69","","5549","5527","135429","","2","","9","11","135429",""," "
"3406","玉晶光","44","134","2","2577","2485","28185","2","5","","34","37","28185",""," "
"3413","京鼎","67","215","7","5243","5088","27731","1","","","4","3","27731",""," "
"3416","融程電","44","141","","1222","1125","20124","1","2","","14","15","20124",""," "
"3419","譁裕","","","","1092","1092","","","","","","","","","OX "
"3432","台端","","","","","","","","","","","","","","OX "
"3437","榮創","16","20","","3056","3052","36137","","4","","16","20","36137",""," "
"3443","創意","88","161","","4497","4424","33502","8","3","","21","16","33502",""," "
"3447","展達","3","63","6","2311","2245","19362","","","","21","21","19362",""," "
"3450","聯鈞","357","944","187","17954","17180","36420","161","90","","302","231","36420","14"," "
"3481","群創","12877","40218","361","376086","348384","1997299","1868","1276","","8165","7573","1997299","389"," "
"3494","誠研","","","","","","","","","","","","","","OX "
"3501","維熹","","1","","1176","1175","29564","","","","","","29564","","X "
"3504","揚明光","206","126","","2834","2914","28514","1","9","","36","44","28514","8"," "
"3515","華擎","14","7","","1707","1714","30886","","","","1","1","30886",""," "
"3518","柏騰","10","31","","4086","4065","23391","3","4","","23","24","23391",""," "
"3528","安馳","9","2","","2306","2313","16659","","","","","","16659",""," "
"3530","晶相光","5","","1","1303","1307","19368","","","","","","19368",""," "
"3532","台勝科","622","485","9","9216","9344","96962","184","21","2","627","462","96962","1"," "
"3533","嘉澤","2","15","","631","618","28133","1","","","1","","28133",""," "
"3535","晶彩科","78","82","","5673","5669","19763","1","4","","69","72","19763","1"," "
"3543","州巧","14","47","","4492","4459","27565","","","","20","20","27565",""," "
"3545","敦泰","38","32","","4491","4497","55614","5","","","19","14","55614","2"," "
"3550","聯穎","90","166","1","13841","13764","26887","2","","","11","9","26887",""," "
"3557","嘉威","","","","424","424","17999","","","","","","17999",""," "
"3563","牧德","129","25","1","5435","5538","12300","","1","","2","3","12300",""," "
"3576","聯合再生","","","","","","","","","","","","","","OX "
"3583","辛耘","19","38","1","2116","2096","20086","","","","","","20086","","X "
"3588","通嘉","30","15","1","1781","1795","15498","","","","","","15498",""," "
"3591","艾笛森","73","18","","26897","26952","36346","8","1","","13","6","36346",""," "
"3592","瑞鼎","12","3","","920","929","18963","1","","","1","","18963",""," "
"3593","力銘","","","","","","","","","","","","","","OX "
"3596","智易","6","11","","1342","1337","55088","","","","25","25","55088",""," "
"3605","宏致","651","480","3","9979","10147","43817","87","9","","168","90","43817","12"," "
"3607","谷崧","9","16","","1811","1804","30415","","","","","","30415",""," "
"3617","碩天","4","12","","1964","1956","23691","3","","","9","6","23691",""," "
"3622","洋華","1","20","","1867","1848","37831","","","","","","37831",""," "
"3645","達邁","28","61","","5824","5791","34188","","","","13","13","34188",""," "
"3652","精聯","26","20","","675","681","18774","","","","","","18774",""," "
"3653","健策","44","86","","2388","2346","36683","","2","","6","8","36683",""," "
"3661","世芯-KY","52","63","3","5939","5925","20860","3","4","","43","44","20860","1"," "
"3665","貿聯-KY","70","96","","2469","2443","48769","13","4","","37","28","48769","3"," "
"3669","圓展","563","423","1","1088","1227","23229","","7","","15","22","23229","5"," "
"3673","TPK-KY","245","333","7","16229","16134","101665","10","32","","54","76","101665","1"," "
"3679","新至陞","","1","","119","118","15755","","","","","","15755",""," "
"3686","達能","","","","","","","","","","","","","","OX "
"3694","海華","55","51","6","7209","7207","38732","1","4","","14","17","38732","19"," "
"3701","大眾控","75","212","","6741","6604","53909","15","3","","57","45","53909","1"," "
"3702","大聯大","293","93","","6404","6604","432115","33","7","208","538","304","432115",""," "
"3703","欣陸","20","15","","1497","1502","205803","","","","","","205803",""," "
"3704","合勤控","161","112","","5995","6044","103861","14","7","","48","41","103861",""," "
"3705","永信","","","","378","378","66605","","","","","","66605",""," "
"3706","神達","521","525","20","32222","32198","331803","49","34","","220","205","331803","3"," "
"3708","上緯投控","26","12","5","2983","2992","23091","","2","","14","16","23091",""," "
"3711","日月光投控","504","590","5","11272","11181","1117643","42","27","","83","68","1117643","10"," "
"3712","永崴投控","8","10","","2779","2777","61560","","13","","130","143","61560",""," "
"3714","富采","325","257","13","27544","27599","166985","36","39","","113","116","166985",""," "
"3715","定穎投控","229","659","18","22412","21964","70893","74","72","","471","469","70893",""," "
"3716","中化控股","4","12","","499","491","37441","","","","","","37441",""," "
"3717","聯嘉投控","326","81","3","9663","9905","52737","9","1","","107","99","52737",""," "
"4104","佳醫","1","","","80","81","47091","","","","","","47091",""," "
"4106","雃博","","1","","669","668","25227","","","","","","25227","","X "
"4108","懷特","","","","","","","","","","","","","","OX "
"4119","旭富","11","17","","592","586","29877","","22","","","22","29877",""," "
"4133","亞諾法","34","15","","1273","1292","15138","","1","","11","12","15138",""," "
"4137","麗豐-KY","","","","1077","1077","20623","","","","","","20623",""," "
"4142","國光生","65","20","","6552","6597","107376","","","","2","2","107376","1"," "
"4148","全宇生技-KY","1","1","","401","401","16808","","","","","","16808",""," "
"4155","訊映","2","10","","854","846","36171","","","","","","36171",""," "
"4164","承業醫","6","5","","6946","6947","47647","","","","","","47647",""," "
"4190","佐登-KY","1","","","297","298","15361","","","","","","15361",""," "
"4306","炎洲","42","13","","4631","4660","169189","","","","","","169189",""," "
"4414","如興","1","7","","751","745","53409","","","","","","53409",""," "
"4426","利勤","2","19","","914","897","43169","","","","","","43169",""," "
"4438","廣越","","","","792","792","28356","","","","","","28356",""," "
"4439","冠星-KY","1","","","242","243","9528","","","","5","5","9528",""," "
"4440","宜新實業","5","","","154","159","16899","","","","","","16899",""," "
"4441","振大環球","1","7","","160","154","17043","","","","1","1","17043",""," "
"4526","東台","59","80","11","6644","6612","63706","","","","","","63706","","X "
"4532","瑞智","18","23","","2656","2651","123723","","","","1","1","123723",""," "
"4536","拓凱","","16","","623","607","22705","","","","","","22705",""," "
"4540","全球傳動","26","103","2","4120","4041","28796","30","2","","71","43","28796",""," "
"4545","銘鈺","7","3","","1286","1290","19250","","","","","","19250",""," "
"4551","智伸科","42","137","","3208","3113","28805","","","","","","28805","","X "
"4552","力達-KY","20","","","2100","2120","29000","","","","12","12","29000",""," "
"4555","氣立","","18","","2812","2794","17496","","","","29","29","17496",""," "
"4557","永新-KY","1","5","","330","326","11992","","","","","","11992",""," "
"4560","強信-KY","1","11","","287","277","17024","","","","","","17024",""," "
"4562","穎漢","5","3","","2021","2023","21886","16","1","","38","23","21886",""," "
"4564","元翎","69","139","13","11135","11052","58197","9","2","","32","25","58197","1"," "
"4566","時碩工業","370","445","","4255","4180","27522","1","26","2","34","57","27522","8"," "
"4569","六方科-KY","9","10","","732","731","7650","","","","","","7650",""," "
"4571","鈞興-KY","3","4","2","1045","1042","13254","","","","","","13254",""," "
"4572","駐龍","","1","","322","321","10004","","","","1","1","10004",""," "
"4576","大銀微系統","31","47","4","2445","2425","29950","1","1","","24","24","29950","1"," "
"4581","光隆精密-KY","","","","26","26","8474","","","","","","8474",""," "
"4583","台灣精銳","9","9","","3575","3575","20042","","","","3","3","20042",""," "
"4585","達明","3","1","","658","660","26152","","","","59","59","26152",""," "
"4588","玖鼎電力","1","5","","428","424","10746","","","","1","1","10746",""," "
"4720","德淵","19","35","1","3695","3678","28629","2","","","8","6","28629",""," "
"4722","國精化","47","76","","11883","11854","25941","45","7","","93","55","25941","1"," "
"4736","泰博","8","23","","212","197","23843","","","","","","23843",""," "
"4737","華廣","25","","","1554","1579","19349","","","","","","19349",""," "
"4739","康普","122","90","6","9950","9976","30375","2","2","","87","87","30375",""," "
"4746","台耀","6","52","5","2097","2046","30063","","","","","","30063",""," "
"4755","三福化","13","18","4","1125","1116","25176","","1","","2","3","25176",""," "
"4763","材料*-KY","587","368","","43360","43579","247286","4","62","","13","71","247286","16"," "
"4764","雙鍵","233","462","2","5698","5467","21385","31","90","","104","163","21385","70"," "
"4766","南寶","4","3","","1195","1196","30142","","","","","","30142",""," "
"4770","上品","10","75","","1122","1057","19994","2","3","","13","14","19994",""," "
"4771","望隼","11","8","","540","543","14688","","","","","","14688","1"," "
"4807","日成-KY","21","23","","1350","1348","12249","","","","2","2","12249",""," "
"4904","遠傳","10","35","6","164","133","878566","1","","","8","7","878566",""," "
"4906","正文","141","166","4","30180","30151","112961","19","11","","69","61","112961","1"," "
"4912","聯德控股-KY","11","5","1","3691","3696","16748","1","","","1","","16748",""," "
"4915","致伸","35","7","","3882","3910","117970","1","","","42","41","117970",""," "
"4916","事欣科","98","259","","7859","7698","31020","","","8","8","","31020","","X "
"4919","新唐","350","461","14","15586","15461","113099","57","13","","1844","1800","113099","1"," "
"4927","泰鼎-KY","101","307","2","28710","28502","66234","158","60","","751","653","66234","2"," "
"4930","燦星網","","","","3775","3775","20000","","","","","","20000",""," "
"4934","太極","","","","","","","","","","","","","","OX "
"4935","茂林-KY","","3","","630","627","32216","","","","","","32216",""," "
"4938","和碩","363","548","1","5598","5412","670511","16","10","","52","46","670511","2"," "
"4942","嘉彰","","1","","605","604","35591","","","","","","35591","","X "
"4943","康控-KY","","","","","","","","","","","","","","OX "
"4949","有成精密","65","47","12","3290","3296","16937","15","1","","60","46","16937",""," "
"4952","凌通","111","4","","1442","1549","27203","","1","","4","5","27203",""," "
"4956","光鋐","29","51","2","6367","6343","25102","4","1","","10","7","25102",""," "
"4958","臻鼎-KY","1064","1657","29","30350","29728","277221","271","194","","518","441","277221","19"," "
"4960","誠美材","50","78","","16203","16175","142926","6","3","","96","93","142926",""," "
"4961","天鈺","14","5","","1577","1586","30313","1","","","5","4","30313",""," "
"4967","十銓","186","105","24","8372","8429","24183","12","5","","104","97","24183","1"," "
"4968","立積","44","32","","5848","5860","23052","1","1","","33","33","23052",""," "
"4976","佳凌","238","186","","4653","4705","35337","","230","","36","266","35337",""," "
"4977","眾達-KY","151","258","","6816","6709","20672","91","16","","117","42","20672","9"," "
"4989","榮科","204","300","5","17372","17271","34444","120","53","","3557","3490","34444","3"," "
"4994","傳奇","9","3","","2309","2315","16595","","","","2","2","16595",""," "
"4999","鑫禾","","","","401","401","18604","","","","9","9","18604",""," "
"5007","三星","","","","7","7","73735","","","","","","73735",""," "
"5203","訊連","12","16","","1201","1197","19835","","3","","2","5","19835",""," "
"5215","科嘉-KY","","","","675","675","16084","","","","","","16084",""," "
"5222","全訊","6","12","1","1917","1910","22779","","","","9","9","22779",""," "
"5225","東科-KY","10","3","2","1434","1439","19784","","","","2","2","19784",""," "
"5234","達興材料","12","44","","1595","1563","25678","4","","","11","7","25678",""," "
"5236","凌陽創新","4","","","197","201","15001","","","","4","4","15001",""," "
"5243","乙盛-KY","29","137","3","10590","10479","42132","4","2","","14","12","42132","2"," "
"5244","弘凱","2","7","","2657","2652","17060","","","","23","23","17060",""," "
"5258","虹堡","37","4","","4056","4089","27591","","","","3","3","27591",""," "
"5269","祥碩","15","20","","2114","2109","18539","","19","","149","168","18539",""," "
"5283","禾聯碩","","","","92","92","21900","","","","","","21900",""," "
"5284","jpp-KY","14","30","1","3823","3806","13223","4","4","","6","6","13223",""," "
"5285","界霖","68","50","7","5121","5132","25510","20","13","","52","45","25510",""," "
"5288","豐祥-KY","33","10","","2573","2596","17424","","","","1","1","17424",""," "
"5292","華懋","6","8","","973","971","10527","","","","","","10527",""," "
"5306","桂盟","19","4","","545","560","31500","","","","","","31500",""," "
"5388","中磊","436","415","1","5600","5620","76085","2","180","","18","196","76085","30"," "
"5434","崇越","58","15","","941","984","48501","","","","1","1","48501",""," "
"5469","瀚宇博","63","38","14","14386","14397","121541","15","10","","46","41","121541","2"," "
"5471","松翰","43","127","","4660","4576","41969","11","2","","23","14","41969","1"," "
"5484","慧友","","","","","","","","","","","","","","OX "
"5515","建國","35","4","20","1873","1884","50400","","","","4","4","50400",""," "
"5519","隆大","6","","","832","838","54799","","","","58","58","54799",""," "
"5521","工信","23","74","7","14653","14595","123070","","","","","","123070","3"," "
"5522","遠雄","","4","","933","929","195399","","","","3","3","195399",""," "
"5525","順天","1","1","","351","351","79526","","","","","","79526",""," "
"5531","鄉林","123","23","","3390","3490","244397","","","","11","11","244397",""," "
"5533","皇鼎","","","","470","470","71311","","","","","","71311",""," "
"5534","長虹","15","16","","3507","3506","78831","","","","","","78831",""," "
"5538","東明-KY","","1","","10","9","50300","","","","","","50300",""," "
"5546","永固-KY","6","7","","24","23","20588","","","","","","20588",""," "
"5607","遠雄港","19","22","","1625","1622","92638","","","","","","92638","","X "
"5608","四維航","1","11","","4315","4305","97319","","","","77","77","97319",""," "
"5706","鳳凰","2","1","","731","732","20941","","","","20","20","20941",""," "
"5871","中租-KY","66","39","","4270","4297","427855","","","","","","427855","","X "
"5876","上海商銀","134","58","","561","637","1215400","","","","","","1215400",""," "
"5880","合庫金","19","42","","1898","1875","3920234","","1","","2","3","3920234","1"," "
"5906","台南-KY","","","","24","24","8935","","","","","","8935",""," "
"5907","大洋-KY","25","10","","5440","5455","48882","","","","3","3","48882",""," "
"6005","群益證","159","277","","5235","5117","542727","","1","","5","6","542727","1"," "
"6024","群益期","55","1","","172","226","62484","","","","","","62484","","X "
"6108","競國","13","4","","1468","1477","38623","","","","","","38623",""," "
"6112","邁達特","2","52","1","3238","3187","30589","","","","11","11","30589",""," "
"6115","鎰勝","","","","90","90","46915","","","","","","46915",""," "
"6116","彩晶","428","1419","14","36571","35566","714663","824","368","2","6000","5542","714663","10"," "
"6117","迎廣","24","33","","2546","2537","23146","","","","18","18","23146","2"," "
"6120","達運","166","10","10","7363","7509","149749","","","","4","4","149749","1"," "
"6128","上福","","","","1222","1222","31897","","","","","","31897",""," "
"6133","金橋","27","17","","3080","3090","29251","10","","","11","1","29251",""," "
"6136","富爾特","6","","","2685","2691","28884","","","","","","28884",""," "
"6139","亞翔","1064","1087","7","7977","7947","58893","57","25","","93","61","58893","7"," "
"6141","柏承","","","","36","36","","","","","","","","","OX "
"6142","友勁","","","","","","","","","","","","","","OX "
"6152","百一","","","","","","","","","","","","","","OX "
"6153","嘉聯益","222","226","20","14456","14432","136837","1","2","","39","40","136837","2"," "
"6155","鈞寶","27","62","3","3354","3316","22005","15","5","","25","15","22005","2"," "
"6164","華興","143","522","","3772","3393","20000","","2","","1","3","20000",""," "
"6165","浪凡","5","7","","8204","8202","19438","2","","","6","4","19438","13"," "
"6166","凌華","443","924","","3639","3158","50767","141","99","","243","201","50767","11"," "
"6168","宏齊","69","91","4","5178","5152","51440","227","","","245","18","51440","4"," "
"6176","瑞儀","88","34","3","6895","6946","116256","","","","12","12","116256",""," "
"6177","達麗","9","36","","2584","2557","117972","","","","4","4","117972","2"," "
"6183","關貿","","","","8","8","37500","","","","","","37500",""," "
"6184","大豐電","","","","493","493","40531","","","","","","40531",""," "
"6189","豐藝","11","7","","2426","2430","65956","","","","4","4","65956",""," "
"6191","精成科","95","116","30","21465","21414","124825","12","4","","45","37","124825",""," "
"6192","巨路","1","3","1","768","765","24038","","","","","","24038",""," "
"6196","帆宣","87","69","","1633","1651","55082","3","9","","11","17","55082","2"," "
"6197","佳必琪","139","96","1","5290","5332","30859","4","4","50","149","99","30859","4"," "
"6201","亞弘電","","","","30","30","22300","","","","","","22300",""," "
"6202","盛群","84","250","20","6057","5871","56542","9","3","","29","23","56542",""," "
"6205","詮欣","3","71","1","4478","4409","20558","2","","","6","4","20558",""," "
"6206","飛捷","206","540","3","2212","1875","35765","","3","","","3","35765","2"," "
"6209","今國光","584","335","2","13752","13999","45471","22","16","","51","45","45471","9"," "
"6213","聯茂","573","1076","33","18384","17848","90899","446","","","551","105","90899",""," "
"6214","精誠","182","91","","1638","1729","68060","","1","","1","2","68060",""," "
"6215","和椿","39","25","1","5488","5501","20697","3","1","","14","12","20697",""," "
"6216","居易","","1","1","697","695","24324","","","","10","10","24324",""," "
"6224","聚鼎","3","12","","2014","2005","21411","3","1","","9","7","21411",""," "
"6225","天瀚","","","","","","","","","","","","","","OX "
"6226","光鼎","341","245","","2713","2809","28883","13","110","","34","131","28883","1"," "
"6230","尼得科超眾","","","","465","465","21585","","","","","","21585",""," "
"6235","華孚","19","30","16","4974","4947","49976","4","15","","30","41","49976",""," "
"6239","力成","502","645","7","23140","22990","189786","","","3","3","","189786","","X "
"6243","迅杰","724","430","","1898","2192","11317","72","24","","198","150","11317","10"," "
"6257","矽格","507","186","2","10405","10724","120978","13","15","","47","49","120978","1"," "
"6269","台郡","204","76","1","10086","10213","80957","16","8","","156","148","80957","2"," "
"6271","同欣電","186","210","9","7173","7140","52264","4","8","","18","22","52264","3"," "
"6272","驊陞","4","","","23","27","20440","","","","","","20440",""," "
"6277","宏正","44","25","","349","368","29867","","","","24","24","29867",""," "
"6278","台表科","114","195","5","10092","10006","73099","25","6","","80","61","73099",""," "
"6281","全國電","5","15","6","48","32","24793","","","","","","24793",""," "
"6282","康舒","257","431","5","29881","29702","214025","17","4","","408","395","214025","2"," "
"6283","淳安","18","102","","2492","2408","20632","1","","","1","","20632",""," "
"6285","啟碁","477","216","4","16092","16349","120915","25","9","","131","115","120915","7"," "
"6405","悅城","12","133","","5840","5719","16450","","5","","22","27","16450","1"," "
"6409","旭隼","28","81","1","1030","976","22063","","","","","","22063",""," "
"6412","群電","4","16","","2986","2974","100192","4","","","6","2","100192","1"," "
"6414","樺漢","378","622","","2560","2316","37828","20","12","32","888","848","37828","8"," "
"6415","矽力*-KY","40","139","15","4440","4326","97363","25","5","","93","73","97363",""," "
"6416","瑞祺電通","185","113","","4280","4352","18337","","","","","","18337",""," "
"6426","統新","62","29","10","2373","2396","9627","1","2","","15","16","9627",""," "
"6431","光麗-KY","","","","","","","","","","","","","","OX "
"6438","迅得","12","12","6","4119","4113","20551","","1","","8","9","20551",""," "
"6442","光聖","128","88","3","4601","4638","20101","2","8","","10","16","20101","1"," "
"6443","元晶","","83","52","12888","12753","","1","","","484","483","","","OX "
"6446","藥華藥","230","80","3","7909","8056","95402","4","2","","23","21","95402",""," "
"6449","鈺邦","75","85","7","2320","2303","22971","9","2","","28","21","22971",""," "
"6451","訊芯-KY","249","187","3","8198","8257","28563","","69","","","69","28563","79"," "
"6456","GIS-KY","288","161","2","12320","12445","84484","74","7","","218","151","84484","3"," "
"6464","台數科","","","","2","2","32195","","","","","","32195",""," "
"6472","保瑞","11","21","","3688","3678","31939","11","","","11","","31939","","X "
"6477","安集","165","173","","3796","3788","30946","71","7","45","579","470","30946","1"," "
"6491","晶碩","9","9","","528","528","19500","","","","1","1","19500",""," "
"6504","南六","7","7","","126","126","18150","","","","","","18150",""," "
"6505","台塑化","1665","4152","1","16314","13826","2381489","1103","162","","1726","785","2381489","48"," "
"6515","穎崴","4","4","","446","446","9111","","2","","1","3","9111",""," "
"6525","捷敏-KY","243","343","","3065","2965","32261","4","1","","20","17","32261","1"," "
"6526","達發","13","10","","1503","1506","41876","","","","3","3","41876",""," "
"6531","愛普*","417","1274","11","7894","7026","40787","18","8","","36","26","40787","2"," "
"6533","晶心科","38","51","1","2416","2402","12662","13","4","","20","11","12662",""," "
"6534","正瀚-創","","7","","1798","1791","25700","","","","","","25700",""," "
"6541","泰福-KY","18","11","","3739","3746","66248","","","","","","66248",""," "
"6550","北極星藥業-KY","","","","","","","","","","","","","","OX "
"6552","易華電","8","7","","1126","1127","20750","","","","22","22","20750",""," "
"6558","興能高","6","19","","3596","3583","21622","1","","","16","15","21622",""," "
"6573","虹揚-KY","","","","","","","","","","","","","","OX "
"6579","研揚","134","218","","1481","1397","42362","42","5","","52","15","42362",""," "
"6581","鋼聯","","","","5","5","27817","","","","","","27817",""," "
"6582","申豐","","","","365","365","26543","","","","","","26543",""," "
"6585","鼎基","21","161","","2583","2443","18033","","","14","93","79","18033",""," "
"6589","台康生技","4","42","","3064","3026","63019","","","","","","63019",""," "
"6591","動力-KY","23","7","","2126","2142","10280","","","","16","16","10280",""," "
"6592","和潤企業","","3","","683","680","160461","","","","1","1","160461",""," "
"6598","ABC-KY","","","","","","","","","","","","","","OX "
"6605","帝寶","5","46","","2407","2366","41454","","","","","","41454",""," "
"6606","建德工業","1","","","564","565","27575","","","","","","27575",""," "
"6614","資拓宏宇","1","","","58","59","20165","","","","","","20165",""," "
"6625","必應","2","1","","842","843","14493","","","","","","14493",""," "
"6641","基士德-KY","","","","102","102","9125","","","","1","1","9125",""," "
"6645","金萬林-創","","","","11","11","","","","","","","","","OX "
"6655","科定","","","","","","20142","","","","","","20142",""," "
"6657","華安","","","","1387","1387","","","","","","","","","OX "
"6658","聯策","4","26","","1584","1562","9092","3","2","","4","3","9092",""," "
"6666","羅麗芬-KY","2","5","","288","285","11847","","","","","","11847",""," "
"6668","中揚光","69","18","","2801","2852","19957","","1","","1","2","19957","2"," "
"6669","緯穎","73","200","","1708","1581","46655","7","12","","20","25","46655","1"," "
"6670","復盛應用","7","5","","390","392","34846","","","","1","1","34846",""," "
"6671","三能-KY","","","","81","81","15187","","","","","","15187",""," "
"6672","騰輝電子-KY","142","118","1","5956","5979","20405","6","2","307","341","30","20405",""," "
"6674","鋐寶科技","","4","","266","262","17137","","","","3","3","17137",""," "
"6689","伊雲谷","3","18","","1410","1395","17000","","","","","","17000","","X "
"6691","洋基工程","29","55","","1516","1490","30371","","1","","24","25","30371",""," "
"6695","芯鼎","43","65","1","3785","3762","21736","16","1","","44","29","21736","2"," "
"6698","旭暉應材","10","52","","2439","2397","16597","","","","","","16597",""," "
"6706","惠特","435","766","","8548","8217","19637","12","40","","74","102","19637","1"," "
"6715","嘉基","242","152","","7051","7141","17068","","","","","","17068","","X "
"6719","力智","122","76","4","4296","4338","21129","3","2","","16","15","21129",""," "
"6722","輝創","3","","","4","7","22100","","","","","","22100",""," "
"6742","澤米","13","11","","2041","2043","17816","","","","17","17","17816","1"," "
"6743","安普新","7","9","","602","600","37500","","","","","","37500",""," "
"6753","龍德造船","96","125","","5815","5786","29313","14","4","","112","102","29313","1"," "
"6754","匯僑設計","","","","131","131","16500","","","","","","16500",""," "
"6756","威鋒電子","8","2","","680","686","17497","1","","","2","1","17497",""," "
"6757","台灣虎航","26","43","10","3529","3502","114882","","","","","","114882",""," "
"6768","志強-KY","15","21","2","1280","1272","50023","15","3","","16","4","50023",""," "
"6770","力積電","3052","5217","94","159977","157718","1178020","859","1037","","3207","3385","1178020","112"," "
"6771","平和環保-創","","","","80","80","7794","","","","","","7794",""," "
"6776","展碁國際","","1","","883","882","22895","","","","","","22895",""," "
"6781","AES-KY","14","10","4","2781","2781","21354","","1","","2","3","21354",""," "
"6782","視陽","3","3","","471","471","15750","","","","","","15750",""," "
"6789","采鈺","48","114","","5776","5710","79574","6","3","","31","28","79574",""," "
"6790","永豐實","","3","","597","594","66782","","","","","","66782",""," "
"6792","詠業","1","","","289","290","11968","","","","","","11968",""," "
"6794","向榮生技","","","","258","258","12109","","","","","","12109",""," "
"6796","晉弘","3","","2","545","546","10058","","","","","","10058",""," "
"6799","來頡","6","12","","2062","2056","10913","","","","","","10913",""," "
"6805","富世達","34","38","2","2581","2575","17138","2","5","","11","14","17138",""," "
"6807","峰源-KY","","","","140","140","13500","","","","","","13500",""," "
"6830","汎銓","101","92","","4110","4119","13603","4","9","3","56","58","13603","3"," "
"6831","邁科","101","69","","502","534","16875","2","3","","7","8","16875","25"," "
"6834","天二科技","204","217","2","3865","3850","22117","36","27","","97","88","22117","6"," "
"6835","圓裕","","","","824","824","16543","","","","4","4","16543",""," "
"6838","台新藥","","","","2594","2594","","","","","","","","","OX "
"6854","錼創科技-KY創","18","78","","3411","3351","29419","","2","","4","6","29419",""," "
"6861","睿生光電","4","88","","2157","2073","10399","2","1","","7","6","10399",""," "
"6862","三集瑞-KY","6","12","1","1086","1079","12500","1","1","","10","10","12500",""," "
"6863","永道-KY","118","59","","946","1005","18722","","12","","6","18","18722","11"," "
"6869","雲豹能源","2","14","","3237","3225","34457","1","","","76","75","34457",""," "
"6873","泓德能源","23","6","6","3940","3951","34591","","7","","57","64","34591",""," "
"6885","全福生技","","10","","2286","2276","33265","","","","20","20","33265",""," "
"6887","寶綠特-KY","1","2","","890","889","18543","","","","","","18543",""," "
"6890","來億-KY","6","49","","852","809","62350","","","","2","2","62350",""," "
"6901","鑽石投資","236","133","","6181","6284","213340","17","8","","31","22","213340","2"," "
"6902","GOGOLOOK","4","6","","630","628","8882","","","","","","8882",""," "
"6906","現觀科","","1","","523","522","8384","","","","","","8384",""," "
"6909","創控","6","38","","1642","1610","16859","1","","","16","15","16859",""," "
"6914","阜爾運通","","","","328","328","16556","","","","","","16556",""," "
"6916","華凌","","","2","401","399","16875","","","","","","16875",""," "
"6918","愛派司","","","","98","98","8642","","","","","","8642",""," "
"6919","康霈*","","","","","","","","","","","","","","OX "
"6923","中台","2","33","","1780","1749","22872","","","","","","22872",""," "
"6928","攸泰科技","12","15","","1081","1078","21500","7","4","","22","19","21500",""," "
"6931","青松健康","","","","123","123","16538","","","","","","16538",""," "
"6933","AMAX-KY","6","28","","796","774","10604","","","","1","1","10604",""," "
"6936","永鴻生技","","","","242","242","18201","","","","","","18201",""," "
"6937","天虹","40","49","","1742","1733","16913","8","","","11","3","16913",""," "
"6944","兆聯實業","44","44","","770","770","19171","1","2","","14","15","19171",""," "
"6949","沛爾生醫-創","10","6","","5282","5286","16395","","","","4","4","16395",""," "
"6951","青新-創","","","","77","77","11500","","","","","","11500",""," "
"6952","大武山","","","","20","20","17086","","","","","","17086",""," "
"6957","裕慶-KY","19","41","","1627","1605","13878","1","","","39","38","13878","1","X "
"6958","日盛台駿","","1","","169","168","100322","","","","","","100322",""," "
"6962","奕力-KY","50","24","20","9144","9150","123099","","","3","3","","123099","","X "
"6965","中傑-KY","","","","39","39","39084","","","","","","39084",""," "
"6994","富威電力","7","6","","3060","3061","18540","","","","12","12","18540",""," "
"7631","聚賢研發-創","9","","","14","23","5035","","","","","","5035",""," "
"7705","三商餐飲","","","","94","94","16516","","","","","","16516",""," "
"7711","永擎","6","8","","514","512","17925","","","","","","17925","1"," "
"7721","微程式","4","2","3","1181","1180","12592","","","","","","12592",""," "
"7722","LINEPAY","","2","","732","730","17000","","","","","","17000",""," "
"7730","暉盛-創","3","23","","658","638","9199","","","","3","3","9199",""," "
"7732","金興精密","","","","107","107","16170","","","","","","16170",""," "
"7736","虎山","1","","","70","71","19000","","","","","","19000",""," "
"7740","熙特爾-創","8","24","","1850","1834","13300","","","","1","1","13300",""," "
"7749","意騰-KY","5","7","1","1141","1138","11621","","","","","","11621",""," "
"7750","新代","3","5","","583","581","17960","","","","4","4","17960",""," "
"7765","中華資安","","1","","468","467","10170","","","","","","10170",""," "
"7769","鴻勁","7","41","","333","299","44982","","","","","","44982","","X "
"7780","大研生醫*","12","","","264","276","202506","","","","","","202506",""," "
"7786","東方風能","57","26","","209","240","43988","","","","","","43988",""," "
"7788","松川精密","33","71","","1979","1941","19936","31","2","","32","3","19936","10"," "
"7791","皇家可口","","","","16","16","20000","","","","","","20000",""," "
"7795","長廣","24","1","","60","83","19707","","","","","","19707","1"," "
"7799","禾榮科","12","10","","1257","1259","39561","","","","2","2","39561",""," "
"8011","台通","14","2","","3518","3530","41480","1","3","","32","34","41480",""," "
"8016","矽創","58","142","","1735","1651","30034","1","3","","5","7","30034",""," "
"8021","尖點","439","333","18","10722","10810","36772","54","32","","76","54","36772","8"," "
"8028","昇陽半導體","100","351","1","6087","5835","45887","5","134","2","62","189","45887","278"," "
"8033","雷虎","10","381","","7671","7300","39239","695","9","","1225","539","39239","235"," "
"8039","台虹","4149","5132","1","24125","23141","65950","1417","803","1","2959","2344","65950","93"," "
"8045","達運光電","5","15","16","5051","5025","23760","","","","","","23760",""," "
"8046","南電","309","580","9","10893","10613","161541","315","1","","716","402","161541",""," "
"8070","長華*","67","69","30","6893","6861","181412","","1","","3","4","181412",""," "
"8072","陞泰","1","12","","1930","1919","20000","","","","","","20000","2"," "
"8081","致新","106","60","","1707","1753","21543","1","5","","3","7","21543",""," "
"8101","華冠","","","","","","","","","","","","","","OX "
"8103","瀚荃","25","35","","3503","3493","19609","2","","","4","2","19609","1"," "
"8104","錸寶","3","99","1","4377","4280","26014","","","","2","2","26014",""," "
"8105","凌巨","105","272","","8723","8556","72140","22","6","","560","544","72140",""," "
"8110","華東","202","309","9","17611","17495","129434","97","42","","245","190","129434","5"," "
"8112","至上","1296","407","","16827","17716","131323","117","200","","2861","2944","131323","7"," "
"8114","振樺電","135","440","2","1940","1633","19121","3","8","","12","17","19121","10"," "
"8131","福懋科","169","342","7","5903","5723","110555","21","48","","49","76","110555","1"," "
"8150","南茂","997","1761","65","22323","21494","176130","783","166","1","961","343","176130","61"," "
"8162","微矽電子-創","40","63","","1982","1959","17175","","","","","","17175",""," "
"8163","達方","16","21","","2662","2657","70000","","1","","55","56","70000",""," "
"8201","無敵","","","","","","","","","","","","","","OX "
"8210","勤誠","24","19","","2373","2378","31329","1","1","","22","22","31329",""," "
"8213","志超","47","19","","3960","3988","67810","1","","","1","","67810",""," "
"8215","明基材","20","13","","3424","3431","80168","1","4","","1","4","80168",""," "
"8222","寶一","119","52","","3452","3519","17143","9","","","25","16","17143",""," "
"8249","菱光","10","3","3","4180","4184","28587","1","1","","19","19","28587",""," "
"8261","富鼎","656","739","24","8995","8888","29719","46","30","","87","71","29719","692"," "
"8271","宇瞻","414","375","","5669","5708","30893","10","105","","207","302","30893","4"," "
"8341","日友","1","7","","370","364","32500","","","","","","32500",""," "
"8367","建新國際","","","","11","11","23043","","","","","","23043",""," "
"8374","羅昇","11","8","2","1749","1750","22312","","1","","1","2","22312",""," "
"8404","百和興業-KY","2","28","8","3922","3888","104983","","","","","","104983",""," "
"8411","福貞-KY","","5","","21","16","54601","","","","","","54601",""," "
"8422","可寧衛*","81","166","15","28383","28283","339690","","","","63","63","339690",""," "
"8429","金麗-KY","","","2","13721","13719","46436","","","","","","46436",""," "
"8438","昶昕","13","189","","5132","4956","17485","","","","","","17485",""," "
"8442","威宏-KY","4","6","","768","766","17542","","","","20","20","17542",""," "
"8443","阿瘦","","","","28","28","","","","","","","","","OX "
"8454","富邦媒","39","23","1","1405","1420","66243","2","2","","52","52","66243",""," "
"8462","柏文","14","4","","1072","1082","20096","","","","2","2","20096",""," "
"8463","潤泰材","","","","121","121","37500","","","","","","37500",""," "
"8464","億豐","6","3","","65","68","73255","","","","","","73255",""," "
"8466","美吉吉-KY","","7","","1297","1290","19956","","","","","","19956",""," "
"8467","波力-KY","","1","","252","251","12093","","","","","","12093","","X "
"8473","山林水","1","21","","2517","2497","42907","","21","","1","22","42907",""," "
"8476","台境*","29","124","1","18401","18305","41556","63","2","20","798","717","41556",""," "
"8478","東哥遊艇","13","51","","1175","1137","23493","","","","","","23493",""," "
"8481","政伸","","","","5","5","16650","","","","","","16650",""," "
"8482","商億-KY","","","","160","160","26861","","","","","","26861",""," "
"8487","愛爾達-創","","","","37","37","6633","","","","","","6633",""," "
"8488","吉源-KY","","2","","20","18","18375","","","","","","18375",""," "
"8499","鼎炫-KY","1","8","","590","583","10291","","","","","","10291",""," "
"8926","台汽電","127","117","33","7582","7559","207570","3","2","","76","75","207570",""," "
"8940","新天地","","1","","105","104","16872","","","","","","16872",""," "
"8996","高力","125","287","","4439","4277","23375","6","2","","118","114","23375","14"," "
"9103","美德醫療-DR","30","32","","3637","3635","51382","28","70","","309","351","51382",""," "
"910322","康師傅-DR","","","","","","","","","","","","","","OX "
"9105","泰金寶-DR","318","671","","48831","48478","412265","114","77","","655","618","412265","20"," "
"910861","神州-DR","","","","","","","","","","","","","","OX "
"911868","同方友友-DR","","","","","","","","","","","","","","OX "
"912000","晨訊科-DR","12","1","","16455","16466","39823","2","","","7","5","39823","2"," "
"9136","巨騰-DR","54","15","","13787","13826","34098","","70","","","70","34098",""," "
"9802","鈺齊-KY","4","92","50","2414","2276","50247","10","","","18","8","50247",""," "
"9902","台火","11","98","","3384","3297","24512","","","","1","1","24512",""," "
"9904","寶成","668","431","1001","26427","25663","736696","","","","3","3","736696",""," "
"9905","大華","","","","24","24","76250","","","","","","76250",""," "
"9906","欣巴巴","","","","429","429","22594","","","","4","4","22594",""," "
"9907","統一實","82","12","","3970","4040","394786","","","","2","2","394786",""," "
"9908","大台北","20","1","","166","185","129089","","","","","","129089",""," "
"9910","豐泰","4","26","","2420","2398","246870","","1","","2","3","246870",""," "
"9911","櫻花","","1","","395","394","55597","","","","","","55597",""," "
"9912","偉聯","","","","","","","","","","","","","","OX "
"9914","美利達","119","151","","2633","2601","74745","2","","","50","48","74745",""," "
"9917","中保科","","4","","98","94","112799","","","","","","112799",""," "
"9918","欣天然","","","","112","112","45134","","","","","","45134",""," "
"9919","康那香","47","28","","8239","8258","48840","1","","","11","10","48840",""," "
"9921","巨大","112","97","","1984","1999","98016","13","26","","185","198","98016","1"," "
"9924","福興","2","","","724","726","37690","","","","","","37690",""," "
"9925","新保","","","","3","3","96872","","","","","","96872",""," "
"9926","新海","","","","15","15","44876","","","","","","44876",""," "
"9927","泰銘","2","1","","57","58","30000","","","","","","30000",""," "
"9928","中視","1","","","462","463","15481","","","","","","15481",""," "
"9929","秋雨","","","","","","","","","","","","","","OX "
"9930","中聯資源","","1","","21","20","62135","","","","","","62135",""," "
"9931","欣高","","","","73","73","30092","","","","","","30092",""," "
"9933","中鼎","31","4","","4013","4040","224834","","","","3","3","224834",""," "
"9934","成霖","3","64","","5976","5915","102754","","","","6","6","102754",""," "
"9935","慶豐富","64","7","","1178","1235","44459","","","","","","44459",""," "
"9937","全國","","7","","136","129","77260","","","","","","77260",""," "
"9938","百和","20","16","","3496","3500","74490","","","","2","2","74490",""," "
"9939","宏全","37","52","","1218","1203","73946","","","","2","2","73946","1"," "
"9940","信義","","6","","1251","1245","184211","","","","","","184211",""," "
"9941","裕融","2","72","","1059","989","143909","","","","3","3","143909",""," "
"9942","茂順","","2","","57","55","20790","","","","","","20790","","X "
"9943","好樂迪","","5","","89","84","31292","","","","","","31292",""," "
"9944","新麗","10","10","","5510","5510","26477","","","","","","26477",""," "
"9945","潤泰新","41","82","28","21058","20989","711056","","","","10","10","711056",""," "
"9946","三發地產","12","","","1079","1091","81638","","","","","","81638",""," "
"9955","佳龍","7","87","1","1301","1220","26108","","","","","","26108","","X "
"9958","世紀鋼","146","132","50","8883","8847","61724","2","3","","4","5","61724",""," "
